split,dataset_split,slice_id,model_type,case_index,repeat,matched_exact_blocks,true_descent,true_directional_derivative,cosine_to_exact
id,test_id,seam_004_xl_0643,seam,0,0,18,True,-77.56139193392299,0.9866630697386716
id,test_id,seam_004_xl_0643,seam,0,1,18,True,-76.43585036575581,0.9723449886537888
id,test_id,seam_004_xl_0643,seam,0,2,18,True,-76.14619486130121,0.9686602637917677
id,test_id,seam_004_xl_0643,seam,0,3,18,True,-75.5310441139995,0.9608348946286944
id,test_id,seam_004_xl_0643,seam,0,4,18,True,-76.51585105404534,0.9733626821572293
id,test_id,seam_004_xl_0643,seam,0,5,18,True,-76.75289081450006,0.9763780790173011
id,test_id,seam_004_xl_0643,seam,0,6,18,True,-73.28841691607552,0.9323063009532716
id,test_id,seam_004_xl_0643,seam,0,7,18,True,-76.05804144926412,0.9675388590057045
id,test_id,seam_004_xl_0643,seam,0,8,18,True,-77.63804788541339,0.9876382146467941
id,test_id,seam_004_xl_0643,seam,0,9,18,True,-77.20729977526874,0.9821586423745288
id,test_id,seam_004_xl_0643,seam,0,10,18,True,-77.29573358407528,0.9832836141045368
id,test_id,seam_004_xl_0643,seam,0,11,18,True,-77.11015287148572,0.9809228308462383
id,test_id,seam_004_xl_0643,seam,0,12,18,True,-75.4962972055707,0.9603928771444868
id,test_id,seam_004_xl_0643,seam,0,13,18,True,-76.02119023910238,0.96707007257427
id,test_id,seam_004_xl_0643,seam,0,14,18,True,-77.38516688880107,0.9844213004814495
id,test_id,seam_004_xl_0643,seam,0,15,18,True,-77.04939015999253,0.9801498647873184
id,test_id,seam_004_xl_0643,seam,0,16,18,True,-76.98562772168002,0.9793387390255084
id,test_id,seam_004_xl_0643,seam,0,17,18,True,-75.76488807700383,0.963809637559743
id,test_id,seam_004_xl_0643,seam,0,18,18,True,-74.62645917448027,0.9493276159297027
id,test_id,seam_004_xl_0643,seam,0,19,18,True,-76.75915629884338,0.976457782615463
id,test_id,seam_004_xl_0643,seam,0,20,18,True,-77.62595427759027,0.9874843711439708
id,test_id,seam_004_xl_0643,seam,0,21,18,True,-76.96210370795708,0.9790394886508865
id,test_id,seam_004_xl_0643,seam,0,22,18,True,-75.92403087948762,0.9658341025946051
id,test_id,seam_004_xl_0643,seam,0,23,18,True,-76.39750860065513,0.9718572407845184
id,test_id,seam_004_xl_0643,seam,0,24,18,True,-76.24308015982436,0.9698927474240217
id,test_id,seam_004_xl_0643,seam,0,25,18,True,-76.23324643076421,0.9697676519730566
id,test_id,seam_004_xl_0643,seam,0,26,18,True,-76.19002667201389,0.9692178508570797
id,test_id,seam_004_xl_0643,seam,0,27,18,True,-77.67259692362467,0.9880777150122223
id,test_id,seam_004_xl_0643,seam,0,28,18,True,-77.43094240699187,0.9850036135649419
id,test_id,seam_004_xl_0643,seam,0,29,18,True,-75.3940798126689,0.9590925636232038
id,test_id,seam_004_xl_0643,seam,0,30,18,True,-76.6280189603278,0.9747895767497491
id,test_id,seam_004_xl_0643,seam,0,31,18,True,-77.71795526349473,0.9886547211455381
id,test_id,seam_004_xl_0643,seam,0,32,18,True,-76.99675473771612,0.9794802864568457
id,test_id,seam_004_xl_0643,seam,0,33,18,True,-76.9650514038766,0.979076986465612
id,test_id,seam_004_xl_0643,seam,0,34,18,True,-76.15956698698024,0.9688303713961108
id,test_id,seam_004_xl_0643,seam,0,35,18,True,-76.97474423996574,0.9792002896087318
id,test_id,seam_004_xl_0643,seam,0,36,18,True,-74.2736966784433,0.9448401032826234
id,test_id,seam_004_xl_0643,seam,0,37,18,True,-77.76647532864637,0.9892719477737975
id,test_id,seam_004_xl_0643,seam,0,38,18,True,-77.77399336373871,0.9893675851443717
id,test_id,seam_004_xl_0643,seam,0,39,18,True,-76.56017708129471,0.9739265561804344
id,test_id,seam_004_xl_0643,seam,0,40,18,True,-76.7982587179176,0.9769552068090727
id,test_id,seam_004_xl_0643,seam,0,41,18,True,-77.0883691186468,0.980645718433599
id,test_id,seam_004_xl_0643,seam,0,42,18,True,-73.52537777999332,0.9353206941658158
id,test_id,seam_004_xl_0643,seam,0,43,18,True,-76.06036086286912,0.9675683644038209
id,test_id,seam_004_xl_0643,seam,0,44,18,True,-78.19183443992381,0.9946829662716585
id,test_id,seam_004_xl_0643,seam,0,45,18,True,-77.81869047276038,0.9899361797208241
id,test_id,seam_004_xl_0643,seam,0,46,18,True,-76.61333094836777,0.9746027296779325
id,test_id,seam_004_xl_0643,seam,0,47,18,True,-75.91363419381821,0.9657018457392044
id,test_id,seam_004_xl_0643,seam,0,48,18,True,-77.27718039475673,0.9830475978821608
id,test_id,seam_004_xl_0643,seam,0,49,18,True,-74.79889617717055,0.9515211972743476
id,test_id,seam_004_xl_0643,seam,0,50,18,True,-77.5169188896796,0.9860973255035608
id,test_id,seam_004_xl_0643,seam,0,51,18,True,-74.14419629655026,0.9431927212392514
id,test_id,seam_004_xl_0643,seam,0,52,18,True,-77.03799250247448,0.9800048745096278
id,test_id,seam_004_xl_0643,seam,0,53,18,True,-77.37500301133271,0.9842920051929905
id,test_id,seam_004_xl_0643,seam,0,54,18,True,-77.15796456059638,0.9815310461808412
id,test_id,seam_004_xl_0643,seam,0,55,18,True,-75.85317577902184,0.9649327506566233
id,test_id,seam_004_xl_0643,seam,0,56,18,True,-76.6026798146959,0.974467235974392
id,test_id,seam_004_xl_0643,seam,0,57,18,True,-77.4773534776186,0.9855940115486894
id,test_id,seam_004_xl_0643,seam,0,58,18,True,-76.08152556754968,0.9678376018680998
id,test_id,seam_004_xl_0643,seam,0,59,18,True,-77.37714381452909,0.9843192384774992
id,test_id,seam_004_xl_0643,seam,0,60,18,True,-77.17747264181884,0.9817792096397957
id,test_id,seam_004_xl_0643,seam,0,61,18,True,-76.89222880085072,0.9781506058107998
id,test_id,seam_004_xl_0643,seam,0,62,18,True,-76.97529499614481,0.9792072958107713
id,test_id,seam_004_xl_0643,seam,0,63,18,True,-76.71075721717042,0.9758420950252162
id,test_id,seam_004_xl_0643,seam,0,64,18,True,-77.377179593067,0.9843196936184034
id,test_id,seam_004_xl_0643,seam,0,65,18,True,-77.74701277135804,0.9890243634275107
id,test_id,seam_004_xl_0643,seam,0,66,18,True,-75.85252768954928,0.9649245062719815
id,test_id,seam_004_xl_0643,seam,0,67,18,True,-76.1963146677689,0.969297840824246
id,test_id,seam_004_xl_0643,seam,0,68,18,True,-76.77073425028678,0.9766050664228781
id,test_id,seam_004_xl_0643,seam,0,69,18,True,-77.47719334177441,0.9855919744511124
id,test_id,seam_004_xl_0643,seam,0,70,18,True,-76.84425185782509,0.9775402882713382
id,test_id,seam_004_xl_0643,seam,0,71,18,True,-74.20947270114493,0.944023106255984
id,test_id,seam_004_xl_0643,seam,0,72,18,True,-75.88469385218792,0.9653336939358357
id,test_id,seam_004_xl_0643,seam,0,73,18,True,-77.06690384896001,0.9803726574640388
id,test_id,seam_004_xl_0643,seam,0,74,18,True,-75.74266496751319,0.9635269360650637
id,test_id,seam_004_xl_0643,seam,0,75,18,True,-77.86249748003385,0.9904934512601145
id,test_id,seam_004_xl_0643,seam,0,76,18,True,-77.20299939788612,0.9821039370186346
id,test_id,seam_004_xl_0643,seam,0,77,18,True,-76.72591306887782,0.976034893514223
id,test_id,seam_004_xl_0643,seam,0,78,18,True,-76.87650375353323,0.9779505665506578
id,test_id,seam_004_xl_0643,seam,0,79,18,True,-76.7164731405255,0.9759148076254327
id,test_id,seam_004_xl_0643,seam,0,80,18,True,-76.77679236488177,0.9766821320581647
id,test_id,seam_004_xl_0643,seam,0,81,18,True,-75.42462835030736,0.9594811733834322
id,test_id,seam_004_xl_0643,seam,0,82,18,True,-77.82126875981645,0.9899689782634756
id,test_id,seam_004_xl_0643,seam,0,83,18,True,-77.31675793264705,0.9835510660904262
id,test_id,seam_004_xl_0643,seam,0,84,18,True,-75.59605791998284,0.9616619391129085
id,test_id,seam_004_xl_0643,seam,0,85,18,True,-75.20035404696404,0.9566281666608513
id,test_id,seam_004_xl_0643,seam,0,86,18,True,-77.69666210719126,0.9883838496405419
id,test_id,seam_004_xl_0643,seam,0,87,18,True,-76.4467253714264,0.9724833302463105
id,test_id,seam_004_xl_0643,seam,0,88,18,True,-73.38692468839315,0.9335594241709523
id,test_id,seam_004_xl_0643,seam,0,89,18,True,-74.4020461832113,0.9464728449497883
id,test_id,seam_004_xl_0643,seam,0,90,18,True,-77.69787896402659,0.9883993293485592
id,test_id,seam_004_xl_0643,seam,0,91,18,True,-76.83140345062942,0.9773768429209023
id,test_id,seam_004_xl_0643,seam,0,92,18,True,-76.7568782684502,0.9764288036556398
id,test_id,seam_004_xl_0643,seam,0,93,18,True,-76.38133074732627,0.9716514413522336
id,test_id,seam_004_xl_0643,seam,0,94,18,True,-76.28975369855323,0.9704864842800727
id,test_id,seam_004_xl_0643,seam,0,95,18,True,-76.84114242748467,0.9775007330234462
id,test_id,seam_004_xl_0643,seam,0,96,18,True,-76.58464548524097,0.974237820199133
id,test_id,seam_004_xl_0643,seam,0,97,18,True,-75.22710104856819,0.9569684168555818
id,test_id,seam_004_xl_0643,seam,0,98,18,True,-77.47249990419138,0.9855322689530824
id,test_id,seam_004_xl_0643,seam,0,99,18,True,-76.61011767517681,0.9745618534389757
id,test_id,gom_142_xl_0408,gom,1,0,7,True,-113.42553317037368,0.8676299089610635
id,test_id,gom_142_xl_0408,gom,1,1,7,True,-105.81583908267751,0.8094208090874746
id,test_id,gom_142_xl_0408,gom,1,2,7,True,-110.23396492888472,0.8432165340761805
id,test_id,gom_142_xl_0408,gom,1,3,7,True,-58.72369758665103,0.4491972395177695
id,test_id,gom_142_xl_0408,gom,1,4,7,True,-120.90135816647677,0.9248149992972484
id,test_id,gom_142_xl_0408,gom,1,5,7,True,-58.9938296170681,0.4512635699321586
id,test_id,gom_142_xl_0408,gom,1,6,7,True,-91.3694881172061,0.6989158299822461
id,test_id,gom_142_xl_0408,gom,1,7,7,True,-119.50021848230031,0.9140972123700517
id,test_id,gom_142_xl_0408,gom,1,8,7,True,-70.12800444929186,0.5364326039760918
id,test_id,gom_142_xl_0408,gom,1,9,7,True,-71.98128631024827,0.5506089779137442
id,test_id,gom_142_xl_0408,gom,1,10,7,True,-108.20556529619236,0.8277006256254258
id,test_id,gom_142_xl_0408,gom,1,11,7,True,-112.87161388929496,0.8633927947771503
id,test_id,gom_142_xl_0408,gom,1,12,7,True,-43.24941255413151,0.33082924830157956
id,test_id,gom_142_xl_0408,gom,1,13,7,True,-83.39278281970726,0.6378993383896298
id,test_id,gom_142_xl_0408,gom,1,14,7,True,-80.84728834842186,0.6184279982543812
id,test_id,gom_142_xl_0408,gom,1,15,7,True,-92.67747172406933,0.7089210348600641
id,test_id,gom_142_xl_0408,gom,1,16,7,True,-51.52461763669231,0.39412906476910925
id,test_id,gom_142_xl_0408,gom,1,17,7,True,-35.84588062735895,0.27419715187610016
id,test_id,gom_142_xl_0408,gom,1,18,7,True,-115.02839147298565,0.8798907091909709
id,test_id,gom_142_xl_0408,gom,1,19,7,True,-63.557201613781814,0.4861703313940334
id,test_id,gom_142_xl_0408,gom,1,20,7,True,-82.49326596689107,0.6310186325793641
id,test_id,gom_142_xl_0408,gom,1,21,7,True,-88.55665661345046,0.67739953930843
id,test_id,gom_142_xl_0408,gom,1,22,7,True,-101.37621330207021,0.7754606238965124
id,test_id,gom_142_xl_0408,gom,1,23,7,True,-95.60976774589648,0.7313511496618457
id,test_id,gom_142_xl_0408,gom,1,24,7,True,-57.60210799372895,0.4406178249080367
id,test_id,gom_142_xl_0408,gom,1,25,7,True,-87.85127240918727,0.6720038191753963
id,test_id,gom_142_xl_0408,gom,1,26,7,True,-115.0941764401131,0.8803939204472415
id,test_id,gom_142_xl_0408,gom,1,27,7,True,-89.98408106620957,0.6883183872378104
id,test_id,gom_142_xl_0408,gom,1,28,7,True,-55.67569333370558,0.42588203368555455
id,test_id,gom_142_xl_0408,gom,1,29,7,True,-67.9571835918036,0.519827267855483
id,test_id,gom_142_xl_0408,gom,1,30,7,True,-91.63990338668967,0.7009843269871603
id,test_id,gom_142_xl_0408,gom,1,31,7,True,-114.93155028100648,0.8791499384647329
id,test_id,gom_142_xl_0408,gom,1,32,7,True,-92.72617994598752,0.7092936203702863
id,test_id,gom_142_xl_0408,gom,1,33,7,True,-51.318490969260694,0.3925523328226127
id,test_id,gom_142_xl_0408,gom,1,34,7,True,-44.705189120654666,0.3419649710491455
id,test_id,gom_142_xl_0408,gom,1,35,7,True,-118.07927377480291,0.9032279301833606
id,test_id,gom_142_xl_0408,gom,1,36,7,True,-58.887499479034204,0.45045021507806593
id,test_id,gom_142_xl_0408,gom,1,37,7,True,-60.071389600952315,0.4595061873092639
id,test_id,gom_142_xl_0408,gom,1,38,7,True,-110.31666187682471,0.8438491107404202
id,test_id,gom_142_xl_0408,gom,1,39,7,True,-69.27812100513378,0.5299315607394268
id,test_id,gom_142_xl_0408,gom,1,40,7,True,-42.975365810819945,0.32873297293654924
id,test_id,gom_142_xl_0408,gom,1,41,7,True,-115.6929049009627,0.8849737950615316
id,test_id,gom_142_xl_0408,gom,1,42,7,True,-108.2810855320285,0.8282783052140664
id,test_id,gom_142_xl_0408,gom,1,43,7,True,-77.46601223054356,0.5925634842571638
id,test_id,gom_142_xl_0408,gom,1,44,7,True,-46.61576658906171,0.35657961828635193
id,test_id,gom_142_xl_0408,gom,1,45,7,True,-46.52197209384357,0.3558621527645022
id,test_id,gom_142_xl_0408,gom,1,46,7,True,-99.22361192707224,0.7589946547023138
id,test_id,gom_142_xl_0408,gom,1,47,7,True,-85.93873819694895,0.6573742041489741
id,test_id,gom_142_xl_0408,gom,1,48,7,True,-110.92655733661539,0.8485144054713615
id,test_id,gom_142_xl_0408,gom,1,49,7,True,-89.06605778335332,0.6812961195431783
id,test_id,gom_142_xl_0408,gom,1,50,7,True,-98.0887698207876,0.7503138671773217
id,test_id,gom_142_xl_0408,gom,1,51,7,True,-55.85687725857696,0.4272679702365886
id,test_id,gom_142_xl_0408,gom,1,52,7,True,-66.16825609043129,0.5061431619776455
id,test_id,gom_142_xl_0408,gom,1,53,7,True,-58.81181581495515,0.4498712853720348
id,test_id,gom_142_xl_0408,gom,1,54,7,True,-82.4172692778836,0.6304373084407697
id,test_id,gom_142_xl_0408,gom,1,55,7,True,-82.62796381392779,0.6320489815448492
id,test_id,gom_142_xl_0408,gom,1,56,7,True,-103.3603294899068,0.7906377934394143
id,test_id,gom_142_xl_0408,gom,1,57,7,True,-93.88628960339227,0.7181676878602492
id,test_id,gom_142_xl_0408,gom,1,58,7,True,-54.78816684636875,0.4190930461984787
id,test_id,gom_142_xl_0408,gom,1,59,7,True,-57.00704269945206,0.43606597108228595
id,test_id,gom_142_xl_0408,gom,1,60,7,True,-118.6976532867856,0.9079581222722883
id,test_id,gom_142_xl_0408,gom,1,61,7,True,-89.01477627874296,0.6809038501314082
id,test_id,gom_142_xl_0408,gom,1,62,7,True,-90.15816650919214,0.6896500251223728
id,test_id,gom_142_xl_0408,gom,1,63,7,True,-65.58746644104332,0.5017005073430219
id,test_id,gom_142_xl_0408,gom,1,64,7,True,-114.59724714101633,0.8765927417312657
id,test_id,gom_142_xl_0408,gom,1,65,7,True,-99.29245339732404,0.7595212461751313
id,test_id,gom_142_xl_0408,gom,1,66,7,True,-114.06126407507719,0.8724928276668819
id,test_id,gom_142_xl_0408,gom,1,67,7,True,-106.29585640017267,0.8130926223894449
id,test_id,gom_142_xl_0408,gom,1,68,7,True,-115.76016966973194,0.8854883258164004
id,test_id,gom_142_xl_0408,gom,1,69,7,True,-65.97570274413064,0.5046702569125221
id,test_id,gom_142_xl_0408,gom,1,70,7,True,-60.04029554468243,0.45926833845410214
id,test_id,gom_142_xl_0408,gom,1,71,7,True,-114.86322466844115,0.878627292960209
id,test_id,gom_142_xl_0408,gom,1,72,7,True,-113.15332107104427,0.8655476674025907
id,test_id,gom_142_xl_0408,gom,1,73,7,True,-116.0657658885437,0.8878259336908833
id,test_id,gom_142_xl_0408,gom,1,74,7,True,-89.50250462062174,0.6846346476426386
id,test_id,gom_142_xl_0408,gom,1,75,7,True,-85.21858179137571,0.6518654864983665
id,test_id,gom_142_xl_0408,gom,1,76,7,True,-46.47614223849479,0.3555115848446298
id,test_id,gom_142_xl_0408,gom,1,77,7,True,-50.03405107959961,0.38272722172651874
id,test_id,gom_142_xl_0408,gom,1,78,7,True,-48.469985139361356,0.37076315727464915
id,test_id,gom_142_xl_0408,gom,1,79,7,True,-84.34399033462992,0.6451754433944502
id,test_id,gom_142_xl_0408,gom,1,80,7,True,-54.251233204892344,0.41498586086329875
id,test_id,gom_142_xl_0408,gom,1,81,7,True,-115.88848018990217,0.8864698159784685
id,test_id,gom_142_xl_0408,gom,1,82,7,True,-83.22975291615782,0.6366522680305945
id,test_id,gom_142_xl_0408,gom,1,83,7,True,-61.40731484859694,0.46972512715988496
id,test_id,gom_142_xl_0408,gom,1,84,7,True,-99.62550401519165,0.7620688619471977
id,test_id,gom_142_xl_0408,gom,1,85,7,True,-120.7368703322069,0.923556776737621
id,test_id,gom_142_xl_0408,gom,1,86,7,True,-63.56319086697347,0.48621614519852835
id,test_id,gom_142_xl_0408,gom,1,87,7,True,-106.35197187296292,0.8135218684435512
id,test_id,gom_142_xl_0408,gom,1,88,7,True,-79.57624496170209,0.6087053614980805
id,test_id,gom_142_xl_0408,gom,1,89,7,True,-114.11503502411645,0.8729041396732324
id,test_id,gom_142_xl_0408,gom,1,90,7,True,-64.02501605342297,0.48974880079445327
id,test_id,gom_142_xl_0408,gom,1,91,7,True,-55.20190822998411,0.4222578926749806
id,test_id,gom_142_xl_0408,gom,1,92,7,True,-110.64608820560261,0.846369003110841
id,test_id,gom_142_xl_0408,gom,1,93,7,True,-109.92248223257597,0.8408338985629278
id,test_id,gom_142_xl_0408,gom,1,94,7,True,-86.54096726158448,0.6619808560545783
id,test_id,gom_142_xl_0408,gom,1,95,7,True,-71.74154478075751,0.548775114623952
id,test_id,gom_142_xl_0408,gom,1,96,7,True,-66.07437825902582,0.5054250589893751
id,test_id,gom_142_xl_0408,gom,1,97,7,True,-69.76330025455405,0.5336428593883124
id,test_id,gom_142_xl_0408,gom,1,98,7,True,-117.22092752447713,0.8966621521066679
id,test_id,gom_142_xl_0408,gom,1,99,7,True,-55.91856974972101,0.42773987677278696
id,test_id,salt_canopy_003_xl_0891,salt_canopy,2,0,15,True,-39.83112356250817,0.9113829100759369
id,test_id,salt_canopy_003_xl_0891,salt_canopy,2,1,15,True,-39.04756337098465,0.8934541321832
id,test_id,salt_canopy_003_xl_0891,salt_canopy,2,2,15,True,-39.55042488870151,0.9049601945884639
id,test_id,salt_canopy_003_xl_0891,salt_canopy,2,3,15,True,-39.595535529618815,0.9059923790592358
id,test_id,salt_canopy_003_xl_0891,salt_canopy,2,4,15,True,-39.097449570841086,0.8945955870539485
id,test_id,salt_canopy_003_xl_0891,salt_canopy,2,5,15,True,-41.51592408591666,0.9499331257511694
id,test_id,salt_canopy_003_xl_0891,salt_canopy,2,6,15,True,-40.8854857349066,0.9355079554929077
id,test_id,salt_canopy_003_xl_0891,salt_canopy,2,7,15,True,-42.143463789566034,0.9642919715518052
id,test_id,salt_canopy_003_xl_0891,salt_canopy,2,8,15,True,-40.63097445559512,0.9296844383625902
id,test_id,salt_canopy_003_xl_0891,salt_canopy,2,9,15,True,-39.94336046828201,0.913951022362339
id,test_id,salt_canopy_003_xl_0891,salt_canopy,2,10,15,True,-41.06501600054815,0.9396158189251385
id,test_id,salt_canopy_003_xl_0891,salt_canopy,2,11,15,True,-39.23544254893459,0.8977530285393114
id,test_id,salt_canopy_003_xl_0891,salt_canopy,2,12,15,True,-42.03702874646224,0.9618566127006858
id,test_id,salt_canopy_003_xl_0891,salt_canopy,2,13,15,True,-41.34980696680223,0.9461321708723953
id,test_id,salt_canopy_003_xl_0891,salt_canopy,2,14,15,True,-40.20027483693342,0.9198295250004683
id,test_id,salt_canopy_003_xl_0891,salt_canopy,2,15,15,True,-41.95594068858041,0.9600012226550407
id,test_id,salt_canopy_003_xl_0891,salt_canopy,2,16,15,True,-41.78563724657019,0.956104479789335
id,test_id,salt_canopy_003_xl_0891,salt_canopy,2,17,15,True,-39.48992595240718,0.9035759078376793
id,test_id,salt_canopy_003_xl_0891,salt_canopy,2,18,15,True,-38.88401427078575,0.8897119365947261
id,test_id,salt_canopy_003_xl_0891,salt_canopy,2,19,15,True,-40.62017633186904,0.929437364603564
id,test_id,salt_canopy_003_xl_0891,salt_canopy,2,20,15,True,-41.657314349975366,0.9531683011313463
id,test_id,salt_canopy_003_xl_0891,salt_canopy,2,21,15,True,-41.690039874415845,0.9539170995841822
id,test_id,salt_canopy_003_xl_0891,salt_canopy,2,22,15,True,-42.14653621318605,0.964362272214437
id,test_id,salt_canopy_003_xl_0891,salt_canopy,2,23,15,True,-42.91650772564466,0.9819801251629943
id,test_id,salt_canopy_003_xl_0891,salt_canopy,2,24,15,True,-41.63642567407382,0.9526903436817925
id,test_id,salt_canopy_003_xl_0891,salt_canopy,2,25,15,True,-42.003233784667074,0.961083344264548
id,test_id,salt_canopy_003_xl_0891,salt_canopy,2,26,15,True,-40.57752279246915,0.9284614015026906
id,test_id,salt_canopy_003_xl_0891,salt_canopy,2,27,15,True,-40.33086863634023,0.922817664583186
id,test_id,salt_canopy_003_xl_0891,salt_canopy,2,28,15,True,-41.749370296820764,0.9552746493641321
id,test_id,salt_canopy_003_xl_0891,salt_canopy,2,29,15,True,-41.418181784849814,0.9476966670521312
id,test_id,salt_canopy_003_xl_0891,salt_canopy,2,30,15,True,-40.47934163581483,0.9262149012721415
id,test_id,salt_canopy_003_xl_0891,salt_canopy,2,31,15,True,-42.151664315551905,0.9644796092222674
id,test_id,salt_canopy_003_xl_0891,salt_canopy,2,32,15,True,-40.18162581413706,0.9194028134456325
id,test_id,salt_canopy_003_xl_0891,salt_canopy,2,33,15,True,-40.91052621308825,0.9360809110571431
id,test_id,salt_canopy_003_xl_0891,salt_canopy,2,34,15,True,-41.88616447592134,0.9584046609199065
id,test_id,salt_canopy_003_xl_0891,salt_canopy,2,35,15,True,-41.464403077427974,0.9487542645379579
id,test_id,salt_canopy_003_xl_0891,salt_canopy,2,36,15,True,-41.40594158036255,0.9474165967907932
id,test_id,salt_canopy_003_xl_0891,salt_canopy,2,37,15,True,-41.0949016738724,0.9402996382475106
id,test_id,salt_canopy_003_xl_0891,salt_canopy,2,38,15,True,-41.12334893285383,0.9409505449595319
id,test_id,salt_canopy_003_xl_0891,salt_canopy,2,39,15,True,-40.43940671175068,0.9253011432846185
id,test_id,salt_canopy_003_xl_0891,salt_canopy,2,40,15,True,-41.76943091425914,0.9557336598630499
id,test_id,salt_canopy_003_xl_0891,salt_canopy,2,41,15,True,-40.22051968402739,0.920292750890383
id,test_id,salt_canopy_003_xl_0891,salt_canopy,2,42,15,True,-40.30421957321893,0.9222079027053875
id,test_id,salt_canopy_003_xl_0891,salt_canopy,2,43,15,True,-39.14209796895753,0.895617194866285
id,test_id,salt_canopy_003_xl_0891,salt_canopy,2,44,15,True,-41.34722252843822,0.9460730358858214
id,test_id,salt_canopy_003_xl_0891,salt_canopy,2,45,15,True,-38.96922069690626,0.8916615597449
id,test_id,salt_canopy_003_xl_0891,salt_canopy,2,46,15,True,-41.31863690302731,0.9454189631873082
id,test_id,salt_canopy_003_xl_0891,salt_canopy,2,47,15,True,-41.68853139584086,0.953882583821871
id,test_id,salt_canopy_003_xl_0891,salt_canopy,2,48,15,True,-41.59180837195785,0.9516694473824863
id,test_id,salt_canopy_003_xl_0891,salt_canopy,2,49,15,True,-40.59677546732346,0.928901925325925
id,test_id,salt_canopy_003_xl_0891,salt_canopy,2,50,15,True,-41.56185267850675,0.9509840259173358
id,test_id,salt_canopy_003_xl_0891,salt_canopy,2,51,15,True,-40.88983141602675,0.9356073897832643
id,test_id,salt_canopy_003_xl_0891,salt_canopy,2,52,15,True,-42.14629432685052,0.964356737570855
id,test_id,salt_canopy_003_xl_0891,salt_canopy,2,53,15,True,-40.124254989457015,0.9180901015642238
id,test_id,salt_canopy_003_xl_0891,salt_canopy,2,54,15,True,-42.10557838721658,0.9634251090293748
id,test_id,salt_canopy_003_xl_0891,salt_canopy,2,55,15,True,-41.612552095583084,0.952144088153633
id,test_id,salt_canopy_003_xl_0891,salt_canopy,2,56,15,True,-39.98784826497036,0.9149689554252886
id,test_id,salt_canopy_003_xl_0891,salt_canopy,2,57,15,True,-40.12447772034325,0.9180951979086174
id,test_id,salt_canopy_003_xl_0891,salt_canopy,2,58,15,True,-42.455004475615254,0.9714203885198328
id,test_id,salt_canopy_003_xl_0891,salt_canopy,2,59,15,True,-40.223915225259546,0.9203704448636547
id,test_id,salt_canopy_003_xl_0891,salt_canopy,2,60,15,True,-41.05016445730939,0.9392759981647524
id,test_id,salt_canopy_003_xl_0891,salt_canopy,2,61,15,True,-39.29528560592265,0.8991223080008872
id,test_id,salt_canopy_003_xl_0891,salt_canopy,2,62,15,True,-41.316824820988494,0.9453775006209998
id,test_id,salt_canopy_003_xl_0891,salt_canopy,2,63,15,True,-41.125848463111325,0.9410077371488588
id,test_id,salt_canopy_003_xl_0891,salt_canopy,2,64,15,True,-40.13815164127023,0.9184080732867629
id,test_id,salt_canopy_003_xl_0891,salt_canopy,2,65,15,True,-41.17981100680891,0.9422424635565391
id,test_id,salt_canopy_003_xl_0891,salt_canopy,2,66,15,True,-42.600208957394756,0.9747428376833016
id,test_id,salt_canopy_003_xl_0891,salt_canopy,2,67,15,True,-39.1052209601897,0.8947734055738994
id,test_id,salt_canopy_003_xl_0891,salt_canopy,2,68,15,True,-41.01453003609387,0.9384606407356477
id,test_id,salt_canopy_003_xl_0891,salt_canopy,2,69,15,True,-40.95153404763181,0.9370192184971418
id,test_id,salt_canopy_003_xl_0891,salt_canopy,2,70,15,True,-38.561430667460314,0.8823308447036042
id,test_id,salt_canopy_003_xl_0891,salt_canopy,2,71,15,True,-41.25163450063163,0.9438858694903249
id,test_id,salt_canopy_003_xl_0891,salt_canopy,2,72,15,True,-39.95463824413336,0.9142090711255999
id,test_id,salt_canopy_003_xl_0891,salt_canopy,2,73,15,True,-41.73296025413805,0.9548991683051761
id,test_id,salt_canopy_003_xl_0891,salt_canopy,2,74,15,True,-40.677934550001055,0.9307589405023544
id,test_id,salt_canopy_003_xl_0891,salt_canopy,2,75,15,True,-38.771853084933326,0.8871455568690996
id,test_id,salt_canopy_003_xl_0891,salt_canopy,2,76,15,True,-38.8854343668045,0.8897444300602981
id,test_id,salt_canopy_003_xl_0891,salt_canopy,2,77,15,True,-42.05098190098069,0.9621758772715131
id,test_id,salt_canopy_003_xl_0891,salt_canopy,2,78,15,True,-39.54111620021981,0.9047472008579673
id,test_id,salt_canopy_003_xl_0891,salt_canopy,2,79,15,True,-40.69332737528583,0.9311111464319795
id,test_id,salt_canopy_003_xl_0891,salt_canopy,2,80,15,True,-40.5764314249583,0.9284364297316479
id,test_id,salt_canopy_003_xl_0891,salt_canopy,2,81,15,True,-40.64974188413403,0.9301138591799466
id,test_id,salt_canopy_003_xl_0891,salt_canopy,2,82,15,True,-40.18845749955397,0.9195591304354411
id,test_id,salt_canopy_003_xl_0891,salt_canopy,2,83,15,True,-40.00002773200911,0.9152476359424353
id,test_id,salt_canopy_003_xl_0891,salt_canopy,2,84,15,True,-42.093663472948045,0.963152481790469
id,test_id,salt_canopy_003_xl_0891,salt_canopy,2,85,15,True,-40.6711708293688,0.9306041786266799
id,test_id,salt_canopy_003_xl_0891,salt_canopy,2,86,15,True,-40.16715989329947,0.9190718161789044
id,test_id,salt_canopy_003_xl_0891,salt_canopy,2,87,15,True,-40.23705194640471,0.9206710284795636
id,test_id,salt_canopy_003_xl_0891,salt_canopy,2,88,15,True,-38.6463898980345,0.8842748117292142
id,test_id,salt_canopy_003_xl_0891,salt_canopy,2,89,15,True,-41.00312773797174,0.9381997427565134
id,test_id,salt_canopy_003_xl_0891,salt_canopy,2,90,15,True,-41.063223709242266,0.9395748091940546
id,test_id,salt_canopy_003_xl_0891,salt_canopy,2,91,15,True,-40.79409669635801,0.9334168669055931
id,test_id,salt_canopy_003_xl_0891,salt_canopy,2,92,15,True,-40.940490641601144,0.9367665323907709
id,test_id,salt_canopy_003_xl_0891,salt_canopy,2,93,15,True,-39.61779188257573,0.9065016305668845
id,test_id,salt_canopy_003_xl_0891,salt_canopy,2,94,15,True,-41.04956922256578,0.9392623784943963
id,test_id,salt_canopy_003_xl_0891,salt_canopy,2,95,15,True,-42.32347882926304,0.9684109271840514
id,test_id,salt_canopy_003_xl_0891,salt_canopy,2,96,15,True,-41.537840414750335,0.9504345971073372
id,test_id,salt_canopy_003_xl_0891,salt_canopy,2,97,15,True,-40.87165710846922,0.9351915402708997
id,test_id,salt_canopy_003_xl_0891,salt_canopy,2,98,15,True,-42.2233531281525,0.966119933491436
id,test_id,salt_canopy_003_xl_0891,salt_canopy,2,99,15,True,-41.38662479488745,0.946974606041223
id,test_id,f3_043_il_0308,f3,3,0,15,True,-41.106045918465824,0.916872294112341
id,test_id,f3_043_il_0308,f3,3,1,15,True,-42.30722243284001,0.9436645929520932
id,test_id,f3_043_il_0308,f3,3,2,15,True,-38.43372785388929,0.8572661135683382
id,test_id,f3_043_il_0308,f3,3,3,15,True,-38.25951374672052,0.8533802596863233
id,test_id,f3_043_il_0308,f3,3,4,15,True,-40.76603954916945,0.9092884359994022
id,test_id,f3_043_il_0308,f3,3,5,15,True,-42.91458647863791,0.9572118766567005
id,test_id,f3_043_il_0308,f3,3,6,15,True,-43.321764532216164,0.9662940023575525
id,test_id,f3_043_il_0308,f3,3,7,15,True,-41.62182348316696,0.9283767370338813
id,test_id,f3_043_il_0308,f3,3,8,15,True,-41.11428731487345,0.9170561188481458
id,test_id,f3_043_il_0308,f3,3,9,15,True,-41.705453452159574,0.9302421074389766
id,test_id,f3_043_il_0308,f3,3,10,15,True,-42.28200440478672,0.9431021036462605
id,test_id,f3_043_il_0308,f3,3,11,15,True,-41.82890754006378,0.9329957566957988
id,test_id,f3_043_il_0308,f3,3,12,15,True,-41.745562025699684,0.9311367310646165
id,test_id,f3_043_il_0308,f3,3,13,15,True,-42.7559779917609,0.9536741068717629
id,test_id,f3_043_il_0308,f3,3,14,15,True,-44.16205983258881,0.9850368286880797
id,test_id,f3_043_il_0308,f3,3,15,15,True,-43.11057709479009,0.9615834565992807
id,test_id,f3_043_il_0308,f3,3,16,15,True,-43.10365838482085,0.9614291344469049
id,test_id,f3_043_il_0308,f3,3,17,15,True,-41.97521437074035,0.9362591374586384
id,test_id,f3_043_il_0308,f3,3,18,15,True,-41.92352381752678,0.9351061772297987
id,test_id,f3_043_il_0308,f3,3,19,15,True,-42.206773479038674,0.941424074297108
id,test_id,f3_043_il_0308,f3,3,20,15,True,-41.49737393208851,0.9256008839239792
id,test_id,f3_043_il_0308,f3,3,21,15,True,-42.962922616307594,0.9582900164885306
id,test_id,f3_043_il_0308,f3,3,22,15,True,-36.7099717874556,0.8188176531580132
id,test_id,f3_043_il_0308,f3,3,23,15,True,-39.566687363047734,0.8825368288874162
id,test_id,f3_043_il_0308,f3,3,24,15,True,-41.12898827879004,0.917384024542082
id,test_id,f3_043_il_0308,f3,3,25,15,True,-37.15116490474369,0.8286584864601724
id,test_id,f3_043_il_0308,f3,3,26,15,True,-43.351155209250145,0.9669495627958173
id,test_id,f3_043_il_0308,f3,3,27,15,True,-43.83845872172891,0.9778188906387737
id,test_id,f3_043_il_0308,f3,3,28,15,True,-42.328698077106196,0.9441436082109419
id,test_id,f3_043_il_0308,f3,3,29,15,True,-40.706896212949104,0.9079692410938799
id,test_id,f3_043_il_0308,f3,3,30,15,True,-40.43202908979151,0.9018383169401571
id,test_id,f3_043_il_0308,f3,3,31,15,True,-43.69026053474129,0.9745133230841578
id,test_id,f3_043_il_0308,f3,3,32,15,True,-43.34074500715808,0.9667173627468694
id,test_id,f3_043_il_0308,f3,3,33,15,True,-40.535714102436536,0.9041510160403693
id,test_id,f3_043_il_0308,f3,3,34,15,True,-43.12778615488549,0.9619673054968491
id,test_id,f3_043_il_0308,f3,3,35,15,True,-42.38766138498079,0.9454587875757162
id,test_id,f3_043_il_0308,f3,3,36,15,True,-42.654083814596945,0.9514013524414704
id,test_id,f3_043_il_0308,f3,3,37,15,True,-39.23378862956405,0.8751115069267078
id,test_id,f3_043_il_0308,f3,3,38,15,True,-43.34019405502079,0.9667050737334464
id,test_id,f3_043_il_0308,f3,3,39,15,True,-42.587609293396355,0.9499186351089861
id,test_id,f3_043_il_0308,f3,3,40,15,True,-40.328108200134125,0.8995203565920529
id,test_id,f3_043_il_0308,f3,3,41,15,True,-33.211066806654856,0.7407744124388486
id,test_id,f3_043_il_0308,f3,3,42,15,True,-43.82165144354793,0.9774440035057677
id,test_id,f3_043_il_0308,f3,3,43,15,True,-41.383530820023054,0.9230616079368072
id,test_id,f3_043_il_0308,f3,3,44,15,True,-41.178458907065504,0.9184874692404137
id,test_id,f3_043_il_0308,f3,3,45,15,True,-43.46397781496109,0.9694660763405913
id,test_id,f3_043_il_0308,f3,3,46,15,True,-41.00044409399631,0.9145168404339241
id,test_id,f3_043_il_0308,f3,3,47,15,True,-40.416046844038746,0.901481832194398
id,test_id,f3_043_il_0308,f3,3,48,15,True,-43.06060459858333,0.960468817713057
id,test_id,f3_043_il_0308,f3,3,49,15,True,-41.65078937454737,0.9290228226080968
id,test_id,f3_043_il_0308,f3,3,50,15,True,-42.76722025195991,0.9539248660160533
id,test_id,f3_043_il_0308,f3,3,51,15,True,-41.731008360062134,0.9308121108657456
id,test_id,f3_043_il_0308,f3,3,52,15,True,-42.46570865622744,0.9471996356441259
id,test_id,f3_043_il_0308,f3,3,53,15,True,-42.62100476207804,0.9506635226139497
id,test_id,f3_043_il_0308,f3,3,54,15,True,-41.163093914886645,0.9181447523647501
id,test_id,f3_043_il_0308,f3,3,55,15,True,-43.49019489252858,0.9700508494929866
id,test_id,f3_043_il_0308,f3,3,56,15,True,-41.891959761748936,0.934402139476084
id,test_id,f3_043_il_0308,f3,3,57,15,True,-38.4594718549667,0.857840334727296
id,test_id,f3_043_il_0308,f3,3,58,15,True,-43.301971612652906,0.9658525203526144
id,test_id,f3_043_il_0308,f3,3,59,15,True,-39.907353896023004,0.8901354119823668
id,test_id,f3_043_il_0308,f3,3,60,15,True,-39.556823067412054,0.8823168053077404
id,test_id,f3_043_il_0308,f3,3,61,15,True,-40.156629299897595,0.895695511629743
id,test_id,f3_043_il_0308,f3,3,62,15,True,-42.83468946336617,0.955429769960517
id,test_id,f3_043_il_0308,f3,3,63,15,True,-43.16807441498739,0.962865937039729
id,test_id,f3_043_il_0308,f3,3,64,15,True,-42.76254276139716,0.9538205343683085
id,test_id,f3_043_il_0308,f3,3,65,15,True,-42.457668913298576,0.9470203087986814
id,test_id,f3_043_il_0308,f3,3,66,15,True,-43.02079280361728,0.9595808137475178
id,test_id,f3_043_il_0308,f3,3,67,15,True,-37.77125384235195,0.8424895994771302
id,test_id,f3_043_il_0308,f3,3,68,15,True,-42.916892954143876,0.9572633227017099
id,test_id,f3_043_il_0308,f3,3,69,15,True,-43.97605390654261,0.9808879577295166
id,test_id,f3_043_il_0308,f3,3,70,15,True,-43.44119765966718,0.9689579639017064
id,test_id,f3_043_il_0308,f3,3,71,15,True,-37.399592179510854,0.8341996685477814
id,test_id,f3_043_il_0308,f3,3,72,15,True,-39.458795977108444,0.8801303064323656
id,test_id,f3_043_il_0308,f3,3,73,15,True,-41.525812096403634,0.9262351985210981
id,test_id,f3_043_il_0308,f3,3,74,15,True,-34.89887159516306,0.778420977898411
id,test_id,f3_043_il_0308,f3,3,75,15,True,-41.190302420363594,0.9187516393634538
id,test_id,f3_043_il_0308,f3,3,76,15,True,-43.04720869589033,0.9601700214713024
id,test_id,f3_043_il_0308,f3,3,77,15,True,-42.17853490318127,0.9407942115299566
id,test_id,f3_043_il_0308,f3,3,78,15,True,-39.891625258166194,0.8897845839726956
id,test_id,f3_043_il_0308,f3,3,79,15,True,-42.78722385110879,0.9543710472390908
id,test_id,f3_043_il_0308,f3,3,80,15,True,-41.59610451803174,0.9278030743027953
id,test_id,f3_043_il_0308,f3,3,81,15,True,-37.4628632121212,0.8356109319160795
id,test_id,f3_043_il_0308,f3,3,82,15,True,-42.60225740545268,0.9502453619396848
id,test_id,f3_043_il_0308,f3,3,83,15,True,-43.01729671935051,0.959502833422958
id,test_id,f3_043_il_0308,f3,3,84,15,True,-41.34690336017232,0.9222446307162919
id,test_id,f3_043_il_0308,f3,3,85,15,True,-41.058440210668806,0.915810446553291
id,test_id,f3_043_il_0308,f3,3,86,15,True,-43.59169347195812,0.972314780097144
id,test_id,f3_043_il_0308,f3,3,87,15,True,-34.63407896933722,0.7725147658831145
id,test_id,f3_043_il_0308,f3,3,88,15,True,-41.872210041377514,0.9339616210311588
id,test_id,f3_043_il_0308,f3,3,89,15,True,-42.647303303300596,0.9512501128170153
id,test_id,f3_043_il_0308,f3,3,90,15,True,-39.08776224030323,0.8718543814228803
id,test_id,f3_043_il_0308,f3,3,91,15,True,-42.184176639613455,0.9409200507273248
id,test_id,f3_043_il_0308,f3,3,92,15,True,-43.83872538357873,0.9778248385439187
id,test_id,f3_043_il_0308,f3,3,93,15,True,-39.55598567825378,0.8822981273030466
id,test_id,f3_043_il_0308,f3,3,94,15,True,-43.17910713547424,0.9631120223908511
id,test_id,f3_043_il_0308,f3,3,95,15,True,-42.42544592282184,0.946301573475411
id,test_id,f3_043_il_0308,f3,3,96,15,True,-41.91989619926232,0.9350252630332127
id,test_id,f3_043_il_0308,f3,3,97,15,True,-42.67466623666561,0.9518604443370499
id,test_id,f3_043_il_0308,f3,3,98,15,True,-42.601776235590634,0.9502346294232042
id,test_id,f3_043_il_0308,f3,3,99,15,True,-42.620383350777686,0.9506496620055696
id,test_id,salt_canopy_000_xl_0779,salt_canopy,4,0,5,True,-33.17663726041337,0.6856563279770572
id,test_id,salt_canopy_000_xl_0779,salt_canopy,4,1,5,True,-34.28023637902508,0.7084642368463778
id,test_id,salt_canopy_000_xl_0779,salt_canopy,4,2,5,True,-33.521520693339355,0.6927839794730187
id,test_id,salt_canopy_000_xl_0779,salt_canopy,4,3,5,True,-34.16717858885399,0.7061276893340597
id,test_id,salt_canopy_000_xl_0779,salt_canopy,4,4,5,True,-32.178688532563164,0.6650318790651236
id,test_id,salt_canopy_000_xl_0779,salt_canopy,4,5,5,True,-32.6577961403473,0.6749335204063062
id,test_id,salt_canopy_000_xl_0779,salt_canopy,4,6,5,True,-34.24464740296378,0.7077287250929982
id,test_id,salt_canopy_000_xl_0779,salt_canopy,4,7,5,True,-32.47468028094325,0.6711490938302244
id,test_id,salt_canopy_000_xl_0779,salt_canopy,4,8,5,True,-32.82859891474064,0.6784634743971097
id,test_id,salt_canopy_000_xl_0779,salt_canopy,4,9,5,True,-32.54436987525991,0.6725893576810273
id,test_id,salt_canopy_000_xl_0779,salt_canopy,4,10,5,True,-35.063074337823025,0.7246430254323721
id,test_id,salt_canopy_000_xl_0779,salt_canopy,4,11,5,True,-34.32849627443479,0.709461616490838
id,test_id,salt_canopy_000_xl_0779,salt_canopy,4,12,5,True,-35.1279014344841,0.7259827968112845
id,test_id,salt_canopy_000_xl_0779,salt_canopy,4,13,5,True,-33.84309145701091,0.6994298317115423
id,test_id,salt_canopy_000_xl_0779,salt_canopy,4,14,5,True,-33.95399248546281,0.7017218057696832
id,test_id,salt_canopy_000_xl_0779,salt_canopy,4,15,5,True,-32.260337271872416,0.6667193006786918
id,test_id,salt_canopy_000_xl_0779,salt_canopy,4,16,5,True,-31.725994937162667,0.6556761319505301
id,test_id,salt_canopy_000_xl_0779,salt_canopy,4,17,5,True,-32.30986963866658,0.6677429782884965
id,test_id,salt_canopy_000_xl_0779,salt_canopy,4,18,5,True,-33.2899633745591,0.687998420898626
id,test_id,salt_canopy_000_xl_0779,salt_canopy,4,19,5,True,-34.771202434792066,0.7186109548611131
id,test_id,salt_canopy_000_xl_0779,salt_canopy,4,20,5,True,-32.0521905165992,0.6624175645268102
id,test_id,salt_canopy_000_xl_0779,salt_canopy,4,21,5,True,-31.1770487439413,0.6443311475825615
id,test_id,salt_canopy_000_xl_0779,salt_canopy,4,22,5,True,-32.926009359915184,0.6804766406990692
id,test_id,salt_canopy_000_xl_0779,salt_canopy,4,23,5,True,-34.868260707744625,0.7206168428753229
id,test_id,salt_canopy_000_xl_0779,salt_canopy,4,24,5,True,-32.31087060373085,0.6677636650755575
id,test_id,salt_canopy_000_xl_0779,salt_canopy,4,25,5,True,-32.00279048980506,0.6613966219669071
id,test_id,salt_canopy_000_xl_0779,salt_canopy,4,26,5,True,-33.134275361943835,0.6847808413048314
id,test_id,salt_canopy_000_xl_0779,salt_canopy,4,27,5,True,-33.304332468925615,0.6882953847048843
id,test_id,salt_canopy_000_xl_0779,salt_canopy,4,28,5,True,-34.77295551116967,0.7186471854140258
id,test_id,salt_canopy_000_xl_0779,salt_canopy,4,29,5,True,-33.8633033000453,0.6998475466827082
id,test_id,salt_canopy_000_xl_0779,salt_canopy,4,30,5,True,-32.369319496440085,0.6689716191196867
id,test_id,salt_canopy_000_xl_0779,salt_canopy,4,31,5,True,-31.687544716988704,0.6548814873164923
id,test_id,salt_canopy_000_xl_0779,salt_canopy,4,32,5,True,-33.93215152225157,0.7012704220288489
id,test_id,salt_canopy_000_xl_0779,salt_canopy,4,33,5,True,-33.58224341832607,0.6940389264500837
id,test_id,salt_canopy_000_xl_0779,salt_canopy,4,34,5,True,-34.57199806593384,0.7144940295984286
id,test_id,salt_canopy_000_xl_0779,salt_canopy,4,35,5,True,-31.992771659581837,0.6611895643833561
id,test_id,salt_canopy_000_xl_0779,salt_canopy,4,36,5,True,-33.74427472359983,0.6973876018724688
id,test_id,salt_canopy_000_xl_0779,salt_canopy,4,37,5,True,-34.265460333125084,0.7081588626369818
id,test_id,salt_canopy_000_xl_0779,salt_canopy,4,38,5,True,-33.85674842309471,0.6997120780749343
id,test_id,salt_canopy_000_xl_0779,salt_canopy,4,39,5,True,-32.97432421480708,0.6814751561824767
id,test_id,salt_canopy_000_xl_0779,salt_canopy,4,40,5,True,-32.524523312434454,0.6721791918983091
id,test_id,salt_canopy_000_xl_0779,salt_canopy,4,41,5,True,-33.86307115366782,0.6998427489501506
id,test_id,salt_canopy_000_xl_0779,salt_canopy,4,42,5,True,-32.66524951155173,0.6750875580530687
id,test_id,salt_canopy_000_xl_0779,salt_canopy,4,43,5,True,-33.659525254458515,0.6956360979646642
id,test_id,salt_canopy_000_xl_0779,salt_canopy,4,44,5,True,-35.42026222378397,0.7320249711179315
id,test_id,salt_canopy_000_xl_0779,salt_canopy,4,45,5,True,-31.1967555363367,0.6447384247518531
id,test_id,salt_canopy_000_xl_0779,salt_canopy,4,46,5,True,-30.626667585686203,0.6329565070186355
id,test_id,salt_canopy_000_xl_0779,salt_canopy,4,47,5,True,-34.978450181543124,0.7228941113457037
id,test_id,salt_canopy_000_xl_0779,salt_canopy,4,48,5,True,-32.50415848485341,0.6717583152196546
id,test_id,salt_canopy_000_xl_0779,salt_canopy,4,49,5,True,-31.652516591598463,0.654157566575446
id,test_id,salt_canopy_000_xl_0779,salt_canopy,4,50,5,True,-35.10653888038154,0.7255413002760207
id,test_id,salt_canopy_000_xl_0779,salt_canopy,4,51,5,True,-34.035934255889444,0.7034152834111226
id,test_id,salt_canopy_000_xl_0779,salt_canopy,4,52,5,True,-35.321193151964515,0.7299775262407836
id,test_id,salt_canopy_000_xl_0779,salt_canopy,4,53,5,True,-33.903525618526146,0.7006788149928697
id,test_id,salt_canopy_000_xl_0779,salt_canopy,4,54,5,True,-34.10223353487295,0.7047854801498259
id,test_id,salt_canopy_000_xl_0779,salt_canopy,4,55,5,True,-35.01234418857379,0.7235945934415432
id,test_id,salt_canopy_000_xl_0779,salt_canopy,4,56,5,True,-34.91095600041117,0.7214992197528186
id,test_id,salt_canopy_000_xl_0779,salt_canopy,4,57,5,True,-31.892504210628697,0.6591173528350549
id,test_id,salt_canopy_000_xl_0779,salt_canopy,4,58,5,True,-33.331217678957884,0.6888510170989368
id,test_id,salt_canopy_000_xl_0779,salt_canopy,4,59,5,True,-33.349896993489864,0.6892370595453302
id,test_id,salt_canopy_000_xl_0779,salt_canopy,4,60,5,True,-33.5539538985374,0.6934542714078541
id,test_id,salt_canopy_000_xl_0779,salt_canopy,4,61,5,True,-31.77778355023324,0.6567464390461608
id,test_id,salt_canopy_000_xl_0779,salt_canopy,4,62,5,True,-33.849259552454534,0.6995573067669342
id,test_id,salt_canopy_000_xl_0779,salt_canopy,4,63,5,True,-33.35562878898415,0.6893555176585044
id,test_id,salt_canopy_000_xl_0779,salt_canopy,4,64,5,True,-34.10094751496426,0.7047589021792687
id,test_id,salt_canopy_000_xl_0779,salt_canopy,4,65,5,True,-34.175466336293326,0.7062989709028289
id,test_id,salt_canopy_000_xl_0779,salt_canopy,4,66,5,True,-32.63018908099616,0.6743629696662671
id,test_id,salt_canopy_000_xl_0779,salt_canopy,4,67,5,True,-33.371975907506,0.6896933609779077
id,test_id,salt_canopy_000_xl_0779,salt_canopy,4,68,5,True,-33.16467570565873,0.6854091204121198
id,test_id,salt_canopy_000_xl_0779,salt_canopy,4,69,5,True,-32.630725732697044,0.6743740605623016
id,test_id,salt_canopy_000_xl_0779,salt_canopy,4,70,5,True,-33.54604281140466,0.6932907742182152
id,test_id,salt_canopy_000_xl_0779,salt_canopy,4,71,5,True,-32.10208083632758,0.6634486398934327
id,test_id,salt_canopy_000_xl_0779,salt_canopy,4,72,5,True,-33.1438949003463,0.6849796467873188
id,test_id,salt_canopy_000_xl_0779,salt_canopy,4,73,5,True,-32.99434927782218,0.681889011000452
id,test_id,salt_canopy_000_xl_0779,salt_canopy,4,74,5,True,-34.56720964759857,0.7143950681121631
id,test_id,salt_canopy_000_xl_0779,salt_canopy,4,75,5,True,-33.673628221039834,0.6959275617499728
id,test_id,salt_canopy_000_xl_0779,salt_canopy,4,76,5,True,-33.515520161842325,0.6926599674352745
id,test_id,salt_canopy_000_xl_0779,salt_canopy,4,77,5,True,-32.81901119195083,0.6782653264428694
id,test_id,salt_canopy_000_xl_0779,salt_canopy,4,78,5,True,-32.32845893169204,0.6681271602746175
id,test_id,salt_canopy_000_xl_0779,salt_canopy,4,79,5,True,-34.96569292327874,0.7226304591018686
id,test_id,salt_canopy_000_xl_0779,salt_canopy,4,80,5,True,-33.07727963023436,0.6836029195098183
id,test_id,salt_canopy_000_xl_0779,salt_canopy,4,81,5,True,-33.54264940167471,0.6932206431547051
id,test_id,salt_canopy_000_xl_0779,salt_canopy,4,82,5,True,-33.82573985069925,0.6990712288014653
id,test_id,salt_canopy_000_xl_0779,salt_canopy,4,83,5,True,-32.87620472507921,0.6794473361686
id,test_id,salt_canopy_000_xl_0779,salt_canopy,4,84,5,True,-34.21175491484529,0.7070489412305068
id,test_id,salt_canopy_000_xl_0779,salt_canopy,4,85,5,True,-34.42522279973103,0.7114606483285747
id,test_id,salt_canopy_000_xl_0779,salt_canopy,4,86,5,True,-34.32626282295658,0.70941545810151
id,test_id,salt_canopy_000_xl_0779,salt_canopy,4,87,5,True,-34.09731493971287,0.70468382831966
id,test_id,salt_canopy_000_xl_0779,salt_canopy,4,88,5,True,-32.8560018745871,0.679029807044887
id,test_id,salt_canopy_000_xl_0779,salt_canopy,4,89,5,True,-34.46698143436819,0.7123236674423541
id,test_id,salt_canopy_000_xl_0779,salt_canopy,4,90,5,True,-34.073822053351336,0.7041983045437035
id,test_id,salt_canopy_000_xl_0779,salt_canopy,4,91,5,True,-32.548301803435415,0.6726706182202896
id,test_id,salt_canopy_000_xl_0779,salt_canopy,4,92,5,True,-32.496887726400075,0.6716080516018081
id,test_id,salt_canopy_000_xl_0779,salt_canopy,4,93,5,True,-34.019914936387195,0.7030842146623407
id,test_id,salt_canopy_000_xl_0779,salt_canopy,4,94,5,True,-33.864932160797395,0.6998812100908859
id,test_id,salt_canopy_000_xl_0779,salt_canopy,4,95,5,True,-32.919897846227684,0.6803503350099042
id,test_id,salt_canopy_000_xl_0779,salt_canopy,4,96,5,True,-33.94301804700023,0.7014949987814157
id,test_id,salt_canopy_000_xl_0779,salt_canopy,4,97,5,True,-32.94534675918532,0.6808762836789202
id,test_id,salt_canopy_000_xl_0779,salt_canopy,4,98,5,True,-34.30823656822302,0.7090429123389369
id,test_id,salt_canopy_000_xl_0779,salt_canopy,4,99,5,True,-34.476899196767796,0.712528636273139
id,test_id,salt_canopy_002_il_0466,salt_canopy,5,0,12,True,-88.8804560567877,0.8980573063952262
id,test_id,salt_canopy_002_il_0466,salt_canopy,5,1,12,True,-90.41179872252503,0.9135301508266443
id,test_id,salt_canopy_002_il_0466,salt_canopy,5,2,12,True,-91.45575777232338,0.924078420872084
id,test_id,salt_canopy_002_il_0466,salt_canopy,5,3,12,True,-92.79303014084354,0.9375903589794076
id,test_id,salt_canopy_002_il_0466,salt_canopy,5,4,12,True,-88.50197494936312,0.8942330942012875
id,test_id,salt_canopy_002_il_0466,salt_canopy,5,5,12,True,-89.8019078786768,0.9073677507589453
id,test_id,salt_canopy_002_il_0466,salt_canopy,5,6,12,True,-92.04441740260387,0.9300262985654154
id,test_id,salt_canopy_002_il_0466,salt_canopy,5,7,12,True,-91.64821866273812,0.9260230655836484
id,test_id,salt_canopy_002_il_0466,salt_canopy,5,8,12,True,-86.80167127210925,0.8770530502614489
id,test_id,salt_canopy_002_il_0466,salt_canopy,5,9,12,True,-83.61515905849545,0.8448562017942773
id,test_id,salt_canopy_002_il_0466,salt_canopy,5,10,12,True,-91.23881739430259,0.9218864328898302
id,test_id,salt_canopy_002_il_0466,salt_canopy,5,11,12,True,-88.02374524275533,0.8894010118604864
id,test_id,salt_canopy_002_il_0466,salt_canopy,5,12,12,True,-88.48756408933289,0.8940874853833791
id,test_id,salt_canopy_002_il_0466,salt_canopy,5,13,12,True,-89.59136904699247,0.9052404446619424
id,test_id,salt_canopy_002_il_0466,salt_canopy,5,14,12,True,-90.00605050079773,0.9094304288940038
id,test_id,salt_canopy_002_il_0466,salt_canopy,5,15,12,True,-88.53351772049209,0.8945518056180948
id,test_id,salt_canopy_002_il_0466,salt_canopy,5,16,12,True,-89.20009194677836,0.9012869404354573
id,test_id,salt_canopy_002_il_0466,salt_canopy,5,17,12,True,-86.83823724746736,0.8774225166525175
id,test_id,salt_canopy_002_il_0466,salt_canopy,5,18,12,True,-90.43204584164266,0.9137347298090636
id,test_id,salt_canopy_002_il_0466,salt_canopy,5,19,12,True,-88.51524074026167,0.8943671331224419
id,test_id,salt_canopy_002_il_0466,salt_canopy,5,20,12,True,-87.79489583066825,0.8870886937682191
id,test_id,salt_canopy_002_il_0466,salt_canopy,5,21,12,True,-90.85162661693295,0.9179742172913471
id,test_id,salt_canopy_002_il_0466,salt_canopy,5,22,12,True,-91.69938628082483,0.926540068480711
id,test_id,salt_canopy_002_il_0466,salt_canopy,5,23,12,True,-89.40301029689464,0.9033372483997546
id,test_id,salt_canopy_002_il_0466,salt_canopy,5,24,12,True,-90.8436056630372,0.9178931727448865
id,test_id,salt_canopy_002_il_0466,salt_canopy,5,25,12,True,-92.61695336533087,0.9358112610567478
id,test_id,salt_canopy_002_il_0466,salt_canopy,5,26,12,True,-92.78075299899581,0.9374663094703567
id,test_id,salt_canopy_002_il_0466,salt_canopy,5,27,12,True,-91.23769542538,0.9218750963999744
id,test_id,salt_canopy_002_il_0466,salt_canopy,5,28,12,True,-87.55055598945349,0.8846198587803998
id,test_id,salt_canopy_002_il_0466,salt_canopy,5,29,12,True,-85.69522243951266,0.8658733769974982
id,test_id,salt_canopy_002_il_0466,salt_canopy,5,30,12,True,-90.38326777940256,0.9132418712310366
id,test_id,salt_canopy_002_il_0466,salt_canopy,5,31,12,True,-91.30797509663246,0.9225852094558639
id,test_id,salt_canopy_002_il_0466,salt_canopy,5,32,12,True,-85.10507383003912,0.8599104545046377
id,test_id,salt_canopy_002_il_0466,salt_canopy,5,33,12,True,-88.44780095721987,0.893685714590299
id,test_id,salt_canopy_002_il_0466,salt_canopy,5,34,12,True,-87.02289160768687,0.8792882833768345
id,test_id,salt_canopy_002_il_0466,salt_canopy,5,35,12,True,-89.64864604441058,0.905819177358665
id,test_id,salt_canopy_002_il_0466,salt_canopy,5,36,12,True,-90.02240691981592,0.9095956958408383
id,test_id,salt_canopy_002_il_0466,salt_canopy,5,37,12,True,-91.86431431661296,0.9282065183859001
id,test_id,salt_canopy_002_il_0466,salt_canopy,5,38,12,True,-89.3712176419477,0.9030160121310458
id,test_id,salt_canopy_002_il_0466,salt_canopy,5,39,12,True,-89.4497133405256,0.9038091407754743
id,test_id,salt_canopy_002_il_0466,salt_canopy,5,40,12,True,-85.0976562676839,0.8598355066886131
id,test_id,salt_canopy_002_il_0466,salt_canopy,5,41,12,True,-81.06590805502852,0.8190983064023354
id,test_id,salt_canopy_002_il_0466,salt_canopy,5,42,12,True,-85.3542755928467,0.8624284148503063
id,test_id,salt_canopy_002_il_0466,salt_canopy,5,43,12,True,-88.51492352391685,0.8943639279357357
id,test_id,salt_canopy_002_il_0466,salt_canopy,5,44,12,True,-92.67795591968996,0.936427637165529
id,test_id,salt_canopy_002_il_0466,salt_canopy,5,45,12,True,-90.75996508537226,0.9170480597108677
id,test_id,salt_canopy_002_il_0466,salt_canopy,5,46,12,True,-90.20462514896809,0.9114368476452795
id,test_id,salt_canopy_002_il_0466,salt_canopy,5,47,12,True,-92.57798902275924,0.9354175613156824
id,test_id,salt_canopy_002_il_0466,salt_canopy,5,48,12,True,-92.90751140998049,0.9387470895448774
id,test_id,salt_canopy_002_il_0466,salt_canopy,5,49,12,True,-90.03432566754063,0.9097161240986598
id,test_id,salt_canopy_002_il_0466,salt_canopy,5,50,12,True,-88.72510173095263,0.8964875902440494
id,test_id,salt_canopy_002_il_0466,salt_canopy,5,51,12,True,-91.04742444269276,0.9199525787422327
id,test_id,salt_canopy_002_il_0466,salt_canopy,5,52,12,True,-89.50338650582337,0.9043514599802964
id,test_id,salt_canopy_002_il_0466,salt_canopy,5,53,12,True,-90.53104257429004,0.9147350030188054
id,test_id,salt_canopy_002_il_0466,salt_canopy,5,54,12,True,-92.30843314024722,0.9326939408426159
id,test_id,salt_canopy_002_il_0466,salt_canopy,5,55,12,True,-89.07223715138159,0.8999950823796167
id,test_id,salt_canopy_002_il_0466,salt_canopy,5,56,12,True,-91.75846881558763,0.927137044513217
id,test_id,salt_canopy_002_il_0466,salt_canopy,5,57,12,True,-92.74019455313382,0.9370565027450277
id,test_id,salt_canopy_002_il_0466,salt_canopy,5,58,12,True,-87.94549834257218,0.8886103971007313
id,test_id,salt_canopy_002_il_0466,salt_canopy,5,59,12,True,-91.3420429132824,0.9229294341933679
id,test_id,salt_canopy_002_il_0466,salt_canopy,5,60,12,True,-88.20449042018662,0.8912272797982225
id,test_id,salt_canopy_002_il_0466,salt_canopy,5,61,12,True,-92.12257004266561,0.9308159609111701
id,test_id,salt_canopy_002_il_0466,salt_canopy,5,62,12,True,-86.29934242864562,0.8719774677532166
id,test_id,salt_canopy_002_il_0466,salt_canopy,5,63,12,True,-88.7068682275667,0.8963033570429229
id,test_id,salt_canopy_002_il_0466,salt_canopy,5,64,12,True,-92.75126148803054,0.9371683241980711
id,test_id,salt_canopy_002_il_0466,salt_canopy,5,65,12,True,-89.45756987175423,0.9038885239783265
id,test_id,salt_canopy_002_il_0466,salt_canopy,5,66,12,True,-90.0402559572309,0.9097760443580916
id,test_id,salt_canopy_002_il_0466,salt_canopy,5,67,12,True,-92.18301928167844,0.9314267462645532
id,test_id,salt_canopy_002_il_0466,salt_canopy,5,68,12,True,-92.9487995364156,0.9391642690380692
id,test_id,salt_canopy_002_il_0466,salt_canopy,5,69,12,True,-90.70864942639405,0.9165295609933497
id,test_id,salt_canopy_002_il_0466,salt_canopy,5,70,12,True,-93.53085402487417,0.9450454076963404
id,test_id,salt_canopy_002_il_0466,salt_canopy,5,71,12,True,-92.82717635126575,0.9379353758156819
id,test_id,salt_canopy_002_il_0466,salt_canopy,5,72,12,True,-92.58723331816702,0.9355109666311109
id,test_id,salt_canopy_002_il_0466,salt_canopy,5,73,12,True,-88.86859577902429,0.8979374689239323
id,test_id,salt_canopy_002_il_0466,salt_canopy,5,74,12,True,-91.43994984393072,0.9239186959311709
id,test_id,salt_canopy_002_il_0466,salt_canopy,5,75,12,True,-91.24844886529873,0.9219837502673858
id,test_id,salt_canopy_002_il_0466,salt_canopy,5,76,12,True,-91.40519943429135,0.9235675742036124
id,test_id,salt_canopy_002_il_0466,salt_canopy,5,77,12,True,-91.4240980738095,0.9237585280089049
id,test_id,salt_canopy_002_il_0466,salt_canopy,5,78,12,True,-89.06818242300776,0.899954112985409
id,test_id,salt_canopy_002_il_0466,salt_canopy,5,79,12,True,-84.43013257099832,0.8530907783242873
id,test_id,salt_canopy_002_il_0466,salt_canopy,5,80,12,True,-89.56389444086847,0.9049628384044515
id,test_id,salt_canopy_002_il_0466,salt_canopy,5,81,12,True,-88.8237828667838,0.8974846746309693
id,test_id,salt_canopy_002_il_0466,salt_canopy,5,82,12,True,-85.54636422824782,0.8643692982587721
id,test_id,salt_canopy_002_il_0466,salt_canopy,5,83,12,True,-90.64468626753785,0.9158832706309978
id,test_id,salt_canopy_002_il_0466,salt_canopy,5,84,12,True,-90.40138553866817,0.9134249349416187
id,test_id,salt_canopy_002_il_0466,salt_canopy,5,85,12,True,-88.36259491561779,0.8928247839469996
id,test_id,salt_canopy_002_il_0466,salt_canopy,5,86,12,True,-87.5985518660657,0.8851048140740683
id,test_id,salt_canopy_002_il_0466,salt_canopy,5,87,12,True,-84.228827728091,0.8510567734034512
id,test_id,salt_canopy_002_il_0466,salt_canopy,5,88,12,True,-92.383459397648,0.9334520138951123
id,test_id,salt_canopy_002_il_0466,salt_canopy,5,89,12,True,-86.95089535438247,0.8785608257986264
id,test_id,salt_canopy_002_il_0466,salt_canopy,5,90,12,True,-86.71003209622734,0.8761271185650569
id,test_id,salt_canopy_002_il_0466,salt_canopy,5,91,12,True,-86.04557352340721,0.8694133605287926
id,test_id,salt_canopy_002_il_0466,salt_canopy,5,92,12,True,-88.60411667194288,0.8952651447140789
id,test_id,salt_canopy_002_il_0466,salt_canopy,5,93,12,True,-89.52428223508281,0.9045625925865686
id,test_id,salt_canopy_002_il_0466,salt_canopy,5,94,12,True,-91.03439392268902,0.9198209170224957
id,test_id,salt_canopy_002_il_0466,salt_canopy,5,95,12,True,-91.11654729791523,0.9206510032094946
id,test_id,salt_canopy_002_il_0466,salt_canopy,5,96,12,True,-90.00689356604201,0.9094389473122932
id,test_id,salt_canopy_002_il_0466,salt_canopy,5,97,12,True,-84.46093883835205,0.853402048030893
id,test_id,salt_canopy_002_il_0466,salt_canopy,5,98,12,True,-84.78287159764866,0.8566548898757815
id,test_id,salt_canopy_002_il_0466,salt_canopy,5,99,12,True,-93.2814724564015,0.9425256305756639
id,test_id,seam_007_xl_0764,seam,6,0,19,True,-6.926542701650323,0.43431951283746995
id,test_id,seam_007_xl_0764,seam,6,1,19,True,-11.205104117914539,0.7026009325873717
id,test_id,seam_007_xl_0764,seam,6,2,19,True,-8.812087873000452,0.5525500782909557
id,test_id,seam_007_xl_0764,seam,6,3,19,True,-5.001746017487542,0.3136277342424176
id,test_id,seam_007_xl_0764,seam,6,4,19,True,-9.11925712746772,0.5718107118718451
id,test_id,seam_007_xl_0764,seam,6,5,19,True,-9.429289705497885,0.5912508862927327
id,test_id,seam_007_xl_0764,seam,6,6,19,True,-8.403254136912349,0.5269147105847837
id,test_id,seam_007_xl_0764,seam,6,7,19,True,-13.567180714708128,0.8507117580010014
id,test_id,seam_007_xl_0764,seam,6,8,19,True,-11.339844451054937,0.7110496433468039
id,test_id,seam_007_xl_0764,seam,6,9,19,True,-12.713611854626237,0.7971898745084371
id,test_id,seam_007_xl_0764,seam,6,10,19,True,-6.163124455458009,0.3864504019318976
id,test_id,seam_007_xl_0764,seam,6,11,19,True,-12.093405988867694,0.7583007026549218
id,test_id,seam_007_xl_0764,seam,6,12,19,True,-8.671656234642898,0.5437445019182165
id,test_id,seam_007_xl_0764,seam,6,13,19,True,-12.447045242337252,0.7804751748126563
id,test_id,seam_007_xl_0764,seam,6,14,19,True,-11.464819801506916,0.7188860540444612
id,test_id,seam_007_xl_0764,seam,6,15,19,True,-9.411804079761154,0.5901544737275112
id,test_id,seam_007_xl_0764,seam,6,16,19,True,-13.482110406442938,0.8453775391223872
id,test_id,seam_007_xl_0764,seam,6,17,19,True,-9.400574708879422,0.5894503511802457
id,test_id,seam_007_xl_0764,seam,6,18,19,True,-10.13671164352353,0.6356088242609244
id,test_id,seam_007_xl_0764,seam,6,19,19,True,-6.9556580430849895,0.43614515103139717
id,test_id,seam_007_xl_0764,seam,6,20,19,True,-13.216749839405972,0.8287384628665935
id,test_id,seam_007_xl_0764,seam,6,21,19,True,-13.90109316085682,0.8716492873267232
id,test_id,seam_007_xl_0764,seam,6,22,19,True,-8.6478559846384,0.5422521393597786
id,test_id,seam_007_xl_0764,seam,6,23,19,True,-7.568024528442108,0.47454276511597204
id,test_id,seam_007_xl_0764,seam,6,24,19,True,-13.11162900387044,0.8221470027333895
id,test_id,seam_007_xl_0764,seam,6,25,19,True,-9.262836052486376,0.580813634607451
id,test_id,seam_007_xl_0764,seam,6,26,19,True,-6.323552093793709,0.3965098004989527
id,test_id,seam_007_xl_0764,seam,6,27,19,True,-12.692599457129846,0.7958723204793534
id,test_id,seam_007_xl_0764,seam,6,28,19,True,-13.976777311690467,0.8763949598700765
id,test_id,seam_007_xl_0764,seam,6,29,19,True,-7.264293050178397,0.4554976926526968
id,test_id,seam_007_xl_0764,seam,6,30,19,True,-7.387672684713719,0.4632340461371963
id,test_id,seam_007_xl_0764,seam,6,31,19,True,-10.109005021146153,0.6338715178944386
id,test_id,seam_007_xl_0764,seam,6,32,19,True,-11.475422851022811,0.7195509039556932
id,test_id,seam_007_xl_0764,seam,6,33,19,True,-13.54624253066361,0.8493988574262675
id,test_id,seam_007_xl_0764,seam,6,34,19,True,-9.406132846688353,0.5897988667109282
id,test_id,seam_007_xl_0764,seam,6,35,19,True,-12.486232012813101,0.7829323283733624
id,test_id,seam_007_xl_0764,seam,6,36,19,True,-12.698059492263416,0.7962146846141652
id,test_id,seam_007_xl_0764,seam,6,37,19,True,-11.025500664115071,0.691339140389148
id,test_id,seam_007_xl_0764,seam,6,38,19,True,-9.671891866329172,0.6064629273995403
id,test_id,seam_007_xl_0764,seam,6,39,19,True,-10.155051884389742,0.6367588243145498
id,test_id,seam_007_xl_0764,seam,6,40,19,True,-11.00852818896773,0.6902749042391443
id,test_id,seam_007_xl_0764,seam,6,41,19,True,-8.781792831858702,0.5506504686188834
id,test_id,seam_007_xl_0764,seam,6,42,19,True,-8.439399644245363,0.5291811658442592
id,test_id,seam_007_xl_0764,seam,6,43,19,True,-10.240241863998085,0.6421005470232414
id,test_id,seam_007_xl_0764,seam,6,44,19,True,-8.83835340119353,0.5541970227913512
id,test_id,seam_007_xl_0764,seam,6,45,19,True,-12.274552077966295,0.769659223717814
id,test_id,seam_007_xl_0764,seam,6,46,19,True,-11.983034805983541,0.751380026576491
id,test_id,seam_007_xl_0764,seam,6,47,19,True,-11.770976539697504,0.7380831991585978
id,test_id,seam_007_xl_0764,seam,6,48,19,True,-10.101837551933269,0.6334220914098407
id,test_id,seam_007_xl_0764,seam,6,49,19,True,-8.143828331491507,0.5106477655472539
id,test_id,seam_007_xl_0764,seam,6,50,19,True,-12.704288420708993,0.7966052611664958
id,test_id,seam_007_xl_0764,seam,6,51,19,True,-11.502086240141443,0.7212227957885177
id,test_id,seam_007_xl_0764,seam,6,52,19,True,-6.525771483044551,0.40918969440977654
id,test_id,seam_007_xl_0764,seam,6,53,19,True,-10.45325351632083,0.6554571552259857
id,test_id,seam_007_xl_0764,seam,6,54,19,True,-9.254094263135812,0.5802654925031425
id,test_id,seam_007_xl_0764,seam,6,55,19,True,-8.817692092900398,0.552901483336968
id,test_id,seam_007_xl_0764,seam,6,56,19,True,-7.6281360253290345,0.47831197540866843
id,test_id,seam_007_xl_0764,seam,6,57,19,True,-9.23830189246937,0.5792752532120795
id,test_id,seam_007_xl_0764,seam,6,58,19,True,-7.42818490633301,0.46577431032317496
id,test_id,seam_007_xl_0764,seam,6,59,19,True,-12.098652477336943,0.7586296766343251
id,test_id,seam_007_xl_0764,seam,6,60,19,True,-6.44609649304954,0.4041937816823896
id,test_id,seam_007_xl_0764,seam,6,61,19,True,-13.375335525634668,0.8386823643124668
id,test_id,seam_007_xl_0764,seam,6,62,19,True,-10.010393717812448,0.6276882291934309
id,test_id,seam_007_xl_0764,seam,6,63,19,True,-13.079245954263195,0.8201164673082263
id,test_id,seam_007_xl_0764,seam,6,64,19,True,-9.941559903651193,0.6233720977666888
id,test_id,seam_007_xl_0764,seam,6,65,19,True,-10.171778329796464,0.637807633501681
id,test_id,seam_007_xl_0764,seam,6,66,19,True,-4.909765499354693,0.30786021997928037
id,test_id,seam_007_xl_0764,seam,6,67,19,True,-8.704774429612385,0.5458211336412515
id,test_id,seam_007_xl_0764,seam,6,68,19,True,-8.066562316833135,0.5058029043674735
id,test_id,seam_007_xl_0764,seam,6,69,19,True,-9.190455902737032,0.5762751349933866
id,test_id,seam_007_xl_0764,seam,6,70,19,True,-11.689408194629188,0.7329685661563947
id,test_id,seam_007_xl_0764,seam,6,71,19,True,-11.115647441085622,0.69699167238731
id,test_id,seam_007_xl_0764,seam,6,72,19,True,-8.332405505173078,0.5224722427407797
id,test_id,seam_007_xl_0764,seam,6,73,19,True,-6.3711806740820025,0.39949628635184775
id,test_id,seam_007_xl_0764,seam,6,74,19,True,-11.98340844746879,0.7514034552615997
id,test_id,seam_007_xl_0764,seam,6,75,19,True,-6.897424084913003,0.43249366927010957
id,test_id,seam_007_xl_0764,seam,6,76,19,True,-9.755417631501413,0.6117002977878495
id,test_id,seam_007_xl_0764,seam,6,77,19,True,-13.53186232741832,0.8484971661876486
id,test_id,seam_007_xl_0764,seam,6,78,19,True,-12.934616467113747,0.811047670491928
id,test_id,seam_007_xl_0764,seam,6,79,19,True,-5.866022670873628,0.3678210354641091
id,test_id,seam_007_xl_0764,seam,6,80,19,True,-10.018971378437325,0.628226079827484
id,test_id,seam_007_xl_0764,seam,6,81,19,True,-11.924337052661095,0.7476994631661787
id,test_id,seam_007_xl_0764,seam,6,82,19,True,-9.929166655836429,0.6225949958869735
id,test_id,seam_007_xl_0764,seam,6,83,19,True,-6.2085554375540255,0.38929909035577315
id,test_id,seam_007_xl_0764,seam,6,84,19,True,-13.871354535354314,0.8697845669464346
id,test_id,seam_007_xl_0764,seam,6,85,19,True,-10.668098866713454,0.6689287429916521
id,test_id,seam_007_xl_0764,seam,6,86,19,True,-11.13812370351,0.698401016091239
id,test_id,seam_007_xl_0764,seam,6,87,19,True,-4.812124935514556,0.30173780018821766
id,test_id,seam_007_xl_0764,seam,6,88,19,True,-8.930414157858824,0.5599695683033844
id,test_id,seam_007_xl_0764,seam,6,89,19,True,-9.285703382520792,0.5822474996781267
id,test_id,seam_007_xl_0764,seam,6,90,19,True,-12.191333521772068,0.7644411164538967
id,test_id,seam_007_xl_0764,seam,6,91,19,True,-6.450396621910482,0.40446341545965303
id,test_id,seam_007_xl_0764,seam,6,92,19,True,-10.500666884224422,0.658430146476724
id,test_id,seam_007_xl_0764,seam,6,93,19,True,-6.843646967792351,0.4291216477125036
id,test_id,seam_007_xl_0764,seam,6,94,19,True,-10.018369978425323,0.6281883698513122
id,test_id,seam_007_xl_0764,seam,6,95,19,True,-12.091335135988253,0.7581708526197024
id,test_id,seam_007_xl_0764,seam,6,96,19,True,-8.054281267269081,0.5050328377276591
id,test_id,seam_007_xl_0764,seam,6,97,19,True,-13.000631507568167,0.815187054517277
id,test_id,seam_007_xl_0764,seam,6,98,19,True,-10.7044455199057,0.6712078108307873
id,test_id,seam_007_xl_0764,seam,6,99,19,True,-7.201677661387936,0.45157147919715557
id,test_id,fault_004_il_0881,fault,7,0,17,True,-33.80565768759783,0.7227319829974085
id,test_id,fault_004_il_0881,fault,7,1,17,True,-33.65714550455333,0.7195569374017002
id,test_id,fault_004_il_0881,fault,7,2,17,True,-34.46946708476942,0.7369235803443267
id,test_id,fault_004_il_0881,fault,7,3,17,True,-30.814006915518366,0.6587734079292492
id,test_id,fault_004_il_0881,fault,7,4,17,True,-35.66125152937481,0.7624027691509717
id,test_id,fault_004_il_0881,fault,7,5,17,True,-44.757819235828826,0.9568785127590487
id,test_id,fault_004_il_0881,fault,7,6,17,True,-42.93857340451496,0.9179848116106872
id,test_id,fault_004_il_0881,fault,7,7,17,True,-32.798585736313385,0.701201767105768
id,test_id,fault_004_il_0881,fault,7,8,17,True,-41.02886749906367,0.877157162323597
id,test_id,fault_004_il_0881,fault,7,9,17,True,-34.48233342197507,0.737198650082312
id,test_id,fault_004_il_0881,fault,7,10,17,True,-28.267753208276993,0.6043369876100495
id,test_id,fault_004_il_0881,fault,7,11,17,True,-36.44282805908077,0.779112112906347
id,test_id,fault_004_il_0881,fault,7,12,17,True,-32.34800187003861,0.6915687236019618
id,test_id,fault_004_il_0881,fault,7,13,17,True,-39.74224640481034,0.84965045846328
id,test_id,fault_004_il_0881,fault,7,14,17,True,-32.44993943150615,0.6937480492231992
id,test_id,fault_004_il_0881,fault,7,15,17,True,-19.55794062557169,0.41812969125729244
id,test_id,fault_004_il_0881,fault,7,16,17,True,-40.80826297236601,0.8724408527486793
id,test_id,fault_004_il_0881,fault,7,17,17,True,-34.482896079961435,0.737210679161172
id,test_id,fault_004_il_0881,fault,7,18,17,True,-31.057494013420204,0.6639789245539245
id,test_id,fault_004_il_0881,fault,7,19,17,True,-26.335842844779744,0.5630346286710061
id,test_id,fault_004_il_0881,fault,7,20,17,True,-41.504165593054964,0.8873185719065629
id,test_id,fault_004_il_0881,fault,7,21,17,True,-38.6632610048839,0.8265828031932517
id,test_id,fault_004_il_0881,fault,7,22,17,True,-41.89464535817015,0.8956666483608062
id,test_id,fault_004_il_0881,fault,7,23,17,True,-22.647406371415777,0.4841794550433002
id,test_id,fault_004_il_0881,fault,7,24,17,True,-44.87723674298421,0.9594315425669164
id,test_id,fault_004_il_0881,fault,7,25,17,True,-38.475559405189244,0.822569926099934
id,test_id,fault_004_il_0881,fault,7,26,17,True,-43.88519029097363,0.9382225571919574
id,test_id,fault_004_il_0881,fault,7,27,17,True,-19.34588107362262,0.4135960649066384
id,test_id,fault_004_il_0881,fault,7,28,17,True,-41.54554737700231,0.8882032740782709
id,test_id,fault_004_il_0881,fault,7,29,17,True,-34.302309028585555,0.7333499041704689
id,test_id,fault_004_il_0881,fault,7,30,17,True,-35.377133107971005,0.7563285944668156
id,test_id,fault_004_il_0881,fault,7,31,17,True,-41.47786724507198,0.8867563388814599
id,test_id,fault_004_il_0881,fault,7,32,17,True,-44.062375832490645,0.9420106112201455
id,test_id,fault_004_il_0881,fault,7,33,17,True,-42.119879837343305,0.9004819418030025
id,test_id,fault_004_il_0881,fault,7,34,17,True,-27.909456340100824,0.5966769500970471
id,test_id,fault_004_il_0881,fault,7,35,17,True,-30.34308859666254,0.6487056336660869
id,test_id,fault_004_il_0881,fault,7,36,17,True,-34.24342725131993,0.7320910692133482
id,test_id,fault_004_il_0881,fault,7,37,17,True,-28.77599509052535,0.6152027032483655
id,test_id,fault_004_il_0881,fault,7,38,17,True,-43.17284850116793,0.9229933846352266
id,test_id,fault_004_il_0881,fault,7,39,17,True,-37.2488017429559,0.7963430440177535
id,test_id,fault_004_il_0881,fault,7,40,17,True,-26.175992701165445,0.5596171885388128
id,test_id,fault_004_il_0881,fault,7,41,17,True,-31.322686490624143,0.6696484810138753
id,test_id,fault_004_il_0881,fault,7,42,17,True,-40.481173001265816,0.8654479882519611
id,test_id,fault_004_il_0881,fault,7,43,17,True,-18.49153547266217,0.3953309893961039
id,test_id,fault_004_il_0881,fault,7,44,17,True,-37.64629611742508,0.804841085977039
id,test_id,fault_004_il_0881,fault,7,45,17,True,-37.89434855204145,0.8101442050470575
id,test_id,fault_004_il_0881,fault,7,46,17,True,-34.45204447924692,0.7365511020344937
id,test_id,fault_004_il_0881,fault,7,47,17,True,-24.26805600710909,0.5188273632654308
id,test_id,fault_004_il_0881,fault,7,48,17,True,-39.87645468294916,0.8525197005259634
id,test_id,fault_004_il_0881,fault,7,49,17,True,-40.302928711608345,0.8616372992213683
id,test_id,fault_004_il_0881,fault,7,50,17,True,-31.001728396060063,0.6627867100556826
id,test_id,fault_004_il_0881,fault,7,51,17,True,-42.461452842333195,0.9077844394356782
id,test_id,fault_004_il_0881,fault,7,52,17,True,-22.39019262493383,0.47868047606271114
id,test_id,fault_004_il_0881,fault,7,53,17,True,-18.18223087373026,0.3887183588062162
id,test_id,fault_004_il_0881,fault,7,54,17,True,-32.96954160297706,0.7048566367628137
id,test_id,fault_004_il_0881,fault,7,55,17,True,-41.1465855498161,0.8796738594114373
id,test_id,fault_004_il_0881,fault,7,56,17,True,-40.32621151610144,0.8621350628684049
id,test_id,fault_004_il_0881,fault,7,57,17,True,-43.33358006514783,0.926429668674986
id,test_id,fault_004_il_0881,fault,7,58,17,True,-41.246662421404146,0.8818134052982054
id,test_id,fault_004_il_0881,fault,7,59,17,True,-25.501423474880717,0.5451955565419693
id,test_id,fault_004_il_0881,fault,7,60,17,True,-38.772287826636834,0.8289136902836194
id,test_id,fault_004_il_0881,fault,7,61,17,True,-33.9871615459446,0.7266123584267785
id,test_id,fault_004_il_0881,fault,7,62,17,True,-27.343562834904898,0.5845786990008804
id,test_id,fault_004_il_0881,fault,7,63,17,True,-36.102419579216104,0.7718345116848216
id,test_id,fault_004_il_0881,fault,7,64,17,True,-39.69032167946065,0.8485403584893239
id,test_id,fault_004_il_0881,fault,7,65,17,True,-31.540470906566068,0.6743044993719323
id,test_id,fault_004_il_0881,fault,7,66,17,True,-27.74080198458494,0.5930712845031524
id,test_id,fault_004_il_0881,fault,7,67,17,True,-31.795362616011836,0.6797538354658994
id,test_id,fault_004_il_0881,fault,7,68,17,True,-28.772159829056026,0.6151207090995563
id,test_id,fault_004_il_0881,fault,7,69,17,True,-29.805074580330135,0.6372034188446026
id,test_id,fault_004_il_0881,fault,7,70,17,True,-36.96344783941465,0.7902424559307465
id,test_id,fault_004_il_0881,fault,7,71,17,True,-44.151903810875226,0.9439246320609642
id,test_id,fault_004_il_0881,fault,7,72,17,True,-29.359952513604007,0.6276871432870083
id,test_id,fault_004_il_0881,fault,7,73,17,True,-37.05032398191513,0.7920997831073021
id,test_id,fault_004_il_0881,fault,7,74,17,True,-42.3062409907275,0.9044661614618453
id,test_id,fault_004_il_0881,fault,7,75,17,True,-37.58509491607485,0.8035326639956522
id,test_id,fault_004_il_0881,fault,7,76,17,True,-37.80689369315119,0.8082745054786418
id,test_id,fault_004_il_0881,fault,7,77,17,True,-37.99730286199866,0.8123452677591374
id,test_id,fault_004_il_0881,fault,7,78,17,True,-39.891656285424695,0.8528446959573027
id,test_id,fault_004_il_0881,fault,7,79,17,True,-42.39594430775619,0.9063839308718274
id,test_id,fault_004_il_0881,fault,7,80,17,True,-26.318972716597315,0.5626739617877469
id,test_id,fault_004_il_0881,fault,7,81,17,True,-24.72375821047786,0.5285698318232258
id,test_id,fault_004_il_0881,fault,7,82,17,True,-32.989153395644394,0.70527591775819
id,test_id,fault_004_il_0881,fault,7,83,17,True,-35.7336761884503,0.7639511377097276
id,test_id,fault_004_il_0881,fault,7,84,17,True,-27.78919962545523,0.5941059788517088
id,test_id,fault_004_il_0881,fault,7,85,17,True,-31.008452637500948,0.6629304677780035
id,test_id,fault_004_il_0881,fault,7,86,17,True,-34.85508283219596,0.7451676688453723
id,test_id,fault_004_il_0881,fault,7,87,17,True,-36.986249557308824,0.790729934415611
id,test_id,fault_004_il_0881,fault,7,88,17,True,-37.70338357156719,0.8060615600561909
id,test_id,fault_004_il_0881,fault,7,89,17,True,-41.02788469510436,0.8771361509336998
id,test_id,fault_004_il_0881,fault,7,90,17,True,-37.96058681208768,0.8115603144295729
id,test_id,fault_004_il_0881,fault,7,91,17,True,-43.859710656941616,0.9376778274724478
id,test_id,fault_004_il_0881,fault,7,92,17,True,-36.101411296523835,0.7718129555844693
id,test_id,fault_004_il_0881,fault,7,93,17,True,-32.26395236369376,0.6897718271489506
id,test_id,fault_004_il_0881,fault,7,94,17,True,-39.164550095571315,0.8372998749306372
id,test_id,fault_004_il_0881,fault,7,95,17,True,-39.311030557584566,0.8404314843126979
id,test_id,fault_004_il_0881,fault,7,96,17,True,-30.177044375963177,0.64515577020831
id,test_id,fault_004_il_0881,fault,7,97,17,True,-33.57662051128773,0.7178353916000623
id,test_id,fault_004_il_0881,fault,7,98,17,True,-37.1503099611196,0.7942373858035787
id,test_id,fault_004_il_0881,fault,7,99,17,True,-28.60277331838022,0.6114993907425802
id,test_id,salt_canopy_002_il_0331,salt_canopy,8,0,12,True,-104.71801823158889,0.9168843312446348
id,test_id,salt_canopy_002_il_0331,salt_canopy,8,1,12,True,-102.14624130450848,0.8943665066360593
id,test_id,salt_canopy_002_il_0331,salt_canopy,8,2,12,True,-104.83685801847085,0.9179248621901264
id,test_id,salt_canopy_002_il_0331,salt_canopy,8,3,12,True,-106.47495130227189,0.9322675903127364
id,test_id,salt_canopy_002_il_0331,salt_canopy,8,4,12,True,-105.73295022287991,0.9257708175992144
id,test_id,salt_canopy_002_il_0331,salt_canopy,8,5,12,True,-107.30621379166898,0.9395459132274624
id,test_id,salt_canopy_002_il_0331,salt_canopy,8,6,12,True,-103.10819346200076,0.902789115042008
id,test_id,salt_canopy_002_il_0331,salt_canopy,8,7,12,True,-105.68116025856979,0.925317357845167
id,test_id,salt_canopy_002_il_0331,salt_canopy,8,8,12,True,-105.8130207721939,0.926471894962021
id,test_id,salt_canopy_002_il_0331,salt_canopy,8,9,12,True,-103.62651640349019,0.9073274188755017
id,test_id,salt_canopy_002_il_0331,salt_canopy,8,10,12,True,-101.99651458215165,0.8930555375400439
id,test_id,salt_canopy_002_il_0331,salt_canopy,8,11,12,True,-102.82361752631437,0.9002974405347316
id,test_id,salt_canopy_002_il_0331,salt_canopy,8,12,12,True,-109.07285756295914,0.955014196720037
id,test_id,salt_canopy_002_il_0331,salt_canopy,8,13,12,True,-106.21079609969398,0.9299547145502791
id,test_id,salt_canopy_002_il_0331,salt_canopy,8,14,12,True,-107.23953420480821,0.93896208372573
id,test_id,salt_canopy_002_il_0331,salt_canopy,8,15,12,True,-107.68860241784922,0.9428940107727711
id,test_id,salt_canopy_002_il_0331,salt_canopy,8,16,12,True,-105.67608455198491,0.9252729162493816
id,test_id,salt_canopy_002_il_0331,salt_canopy,8,17,12,True,-104.92423420931345,0.9186899058918729
id,test_id,salt_canopy_002_il_0331,salt_canopy,8,18,12,True,-104.78247744482336,0.9174487197196752
id,test_id,salt_canopy_002_il_0331,salt_canopy,8,19,12,True,-105.5810543866205,0.9244408562936102
id,test_id,salt_canopy_002_il_0331,salt_canopy,8,20,12,True,-105.81916370604546,0.9265256809282908
id,test_id,salt_canopy_002_il_0331,salt_canopy,8,21,12,True,-108.12618662966068,0.9467253868261521
id,test_id,salt_canopy_002_il_0331,salt_canopy,8,22,12,True,-102.8702713914022,0.9007059299104228
id,test_id,salt_canopy_002_il_0331,salt_canopy,8,23,12,True,-101.83423019646317,0.8916346167381017
id,test_id,salt_canopy_002_il_0331,salt_canopy,8,24,12,True,-107.29821020334711,0.9394758358439329
id,test_id,salt_canopy_002_il_0331,salt_canopy,8,25,12,True,-104.96430572268974,0.9190407618702843
id,test_id,salt_canopy_002_il_0331,salt_canopy,8,26,12,True,-106.31387042459299,0.9308572071207986
id,test_id,salt_canopy_002_il_0331,salt_canopy,8,27,12,True,-103.05951516055893,0.9023629002165428
id,test_id,salt_canopy_002_il_0331,salt_canopy,8,28,12,True,-104.27376789217726,0.9129945882736037
id,test_id,salt_canopy_002_il_0331,salt_canopy,8,29,12,True,-104.6718970627654,0.9164805060219356
id,test_id,salt_canopy_002_il_0331,salt_canopy,8,30,12,True,-101.32757413401501,0.8871984651298706
id,test_id,salt_canopy_002_il_0331,salt_canopy,8,31,12,True,-107.16716978660227,0.9383284792867503
id,test_id,salt_canopy_002_il_0331,salt_canopy,8,32,12,True,-102.32946595580573,0.895970775077243
id,test_id,salt_canopy_002_il_0331,salt_canopy,8,33,12,True,-102.05255836552789,0.8935462426518204
id,test_id,salt_canopy_002_il_0331,salt_canopy,8,34,12,True,-103.27012192843873,0.9042069195055251
id,test_id,salt_canopy_002_il_0331,salt_canopy,8,35,12,True,-106.32561780042265,0.9309600641554648
id,test_id,salt_canopy_002_il_0331,salt_canopy,8,36,12,True,-106.40105867054527,0.9316206052248914
id,test_id,salt_canopy_002_il_0331,salt_canopy,8,37,12,True,-104.23616701388073,0.9126653645475121
id,test_id,salt_canopy_002_il_0331,salt_canopy,8,38,12,True,-105.45518512101347,0.9233387770204415
id,test_id,salt_canopy_002_il_0331,salt_canopy,8,39,12,True,-106.9386042758032,0.9363272178128071
id,test_id,salt_canopy_002_il_0331,salt_canopy,8,40,12,True,-105.95956506610928,0.9277549995240953
id,test_id,salt_canopy_002_il_0331,salt_canopy,8,41,12,True,-97.98568197879608,0.8579377074725485
id,test_id,salt_canopy_002_il_0331,salt_canopy,8,42,12,True,-108.21318359453622,0.9474871101217914
id,test_id,salt_canopy_002_il_0331,salt_canopy,8,43,12,True,-103.8788383038497,0.9095366852536895
id,test_id,salt_canopy_002_il_0331,salt_canopy,8,44,12,True,-101.83229750854824,0.8916176946143228
id,test_id,salt_canopy_002_il_0331,salt_canopy,8,45,12,True,-107.87543899014197,0.9445299042754524
id,test_id,salt_canopy_002_il_0331,salt_canopy,8,46,12,True,-106.35682359065041,0.9312332941171004
id,test_id,salt_canopy_002_il_0331,salt_canopy,8,47,12,True,-103.65414579411069,0.9075693347918798
id,test_id,salt_canopy_002_il_0331,salt_canopy,8,48,12,True,-105.75246542278994,0.9259416877256819
id,test_id,salt_canopy_002_il_0331,salt_canopy,8,49,12,True,-102.47220000591668,0.8972205181137508
id,test_id,salt_canopy_002_il_0331,salt_canopy,8,50,12,True,-106.9603403232976,0.9365175331158219
id,test_id,salt_canopy_002_il_0331,salt_canopy,8,51,12,True,-102.10245174582968,0.8939830963987121
id,test_id,salt_canopy_002_il_0331,salt_canopy,8,52,12,True,-108.01837563721324,0.9457814211994118
id,test_id,salt_canopy_002_il_0331,salt_canopy,8,53,12,True,-107.37798617830501,0.9401743339886062
id,test_id,salt_canopy_002_il_0331,salt_canopy,8,54,12,True,-106.25862534259852,0.9303734952351607
id,test_id,salt_canopy_002_il_0331,salt_canopy,8,55,12,True,-98.25668853382778,0.8603105719343607
id,test_id,salt_canopy_002_il_0331,salt_canopy,8,56,12,True,-101.6969769933222,0.8904328626035387
id,test_id,salt_canopy_002_il_0331,salt_canopy,8,57,12,True,-104.8486034528317,0.9180277022257857
id,test_id,salt_canopy_002_il_0331,salt_canopy,8,58,12,True,-107.2172983502445,0.9387673922391497
id,test_id,salt_canopy_002_il_0331,salt_canopy,8,59,12,True,-109.0448376082252,0.9547688611236272
id,test_id,salt_canopy_002_il_0331,salt_canopy,8,60,12,True,-103.54410618978733,0.9066058560064305
id,test_id,salt_canopy_002_il_0331,salt_canopy,8,61,12,True,-99.19301577435553,0.8685088150853993
id,test_id,salt_canopy_002_il_0331,salt_canopy,8,62,12,True,-101.48934341070616,0.8886148757684571
id,test_id,salt_canopy_002_il_0331,salt_canopy,8,63,12,True,-107.61671090888399,0.942264547006813
id,test_id,salt_canopy_002_il_0331,salt_canopy,8,64,12,True,-102.90834803346462,0.901039319303032
id,test_id,salt_canopy_002_il_0331,salt_canopy,8,65,12,True,-109.4018519482138,0.9578947878733222
id,test_id,salt_canopy_002_il_0331,salt_canopy,8,66,12,True,-106.05686583318395,0.9286069402908845
id,test_id,salt_canopy_002_il_0331,salt_canopy,8,67,12,True,-103.61806019332094,0.9072533784502066
id,test_id,salt_canopy_002_il_0331,salt_canopy,8,68,12,True,-105.80736018943912,0.9264223323392634
id,test_id,salt_canopy_002_il_0331,salt_canopy,8,69,12,True,-106.76732778064206,0.9348275643875825
id,test_id,salt_canopy_002_il_0331,salt_canopy,8,70,12,True,-106.59531245114307,0.9333214419168273
id,test_id,salt_canopy_002_il_0331,salt_canopy,8,71,12,True,-104.44108416424616,0.9144595669927671
id,test_id,salt_canopy_002_il_0331,salt_canopy,8,72,12,True,-103.40094003408817,0.9053523295633035
id,test_id,salt_canopy_002_il_0331,salt_canopy,8,73,12,True,-101.87090526414836,0.8919557343019724
id,test_id,salt_canopy_002_il_0331,salt_canopy,8,74,12,True,-104.14414562808653,0.9118596487003359
id,test_id,salt_canopy_002_il_0331,salt_canopy,8,75,12,True,-102.06833397706174,0.8936843698936787
id,test_id,salt_canopy_002_il_0331,salt_canopy,8,76,12,True,-102.71655762403567,0.8993600512624594
id,test_id,salt_canopy_002_il_0331,salt_canopy,8,77,12,True,-107.24603093557411,0.9390189674477883
id,test_id,salt_canopy_002_il_0331,salt_canopy,8,78,12,True,-103.93600366617596,0.9100372106254639
id,test_id,salt_canopy_002_il_0331,salt_canopy,8,79,12,True,-103.18637521208498,0.9034736545591994
id,test_id,salt_canopy_002_il_0331,salt_canopy,8,80,12,True,-106.413734399361,0.9317315906821653
id,test_id,salt_canopy_002_il_0331,salt_canopy,8,81,12,True,-105.89737176170397,0.9272104507703998
id,test_id,salt_canopy_002_il_0331,salt_canopy,8,82,12,True,-104.02942496276407,0.9108551837354669
id,test_id,salt_canopy_002_il_0331,salt_canopy,8,83,12,True,-103.67788979022598,0.9077772311822705
id,test_id,salt_canopy_002_il_0331,salt_canopy,8,84,12,True,-103.31419596689136,0.9045928205754115
id,test_id,salt_canopy_002_il_0331,salt_canopy,8,85,12,True,-103.85070278851843,0.9092903378380831
id,test_id,salt_canopy_002_il_0331,salt_canopy,8,86,12,True,-106.0023487594683,0.9281296026605578
id,test_id,salt_canopy_002_il_0331,salt_canopy,8,87,12,True,-102.98079296231666,0.9016736286727497
id,test_id,salt_canopy_002_il_0331,salt_canopy,8,88,12,True,-109.09668842894408,0.9552228537209109
id,test_id,salt_canopy_002_il_0331,salt_canopy,8,89,12,True,-102.61722809949408,0.8984903472113306
id,test_id,salt_canopy_002_il_0331,salt_canopy,8,90,12,True,-107.10409079425875,0.9377761756747541
id,test_id,salt_canopy_002_il_0331,salt_canopy,8,91,12,True,-106.37774027301285,0.9314164352674358
id,test_id,salt_canopy_002_il_0331,salt_canopy,8,92,12,True,-101.28660911387637,0.886839785833523
id,test_id,salt_canopy_002_il_0331,salt_canopy,8,93,12,True,-97.8517272319896,0.8567648337826443
id,test_id,salt_canopy_002_il_0331,salt_canopy,8,94,12,True,-103.64969315427842,0.9075303486100951
id,test_id,salt_canopy_002_il_0331,salt_canopy,8,95,12,True,-107.44580956767965,0.9407681783342088
id,test_id,salt_canopy_002_il_0331,salt_canopy,8,96,12,True,-105.65170366825765,0.9250594434330609
id,test_id,salt_canopy_002_il_0331,salt_canopy,8,97,12,True,-104.09242837197115,0.9114068255607469
id,test_id,salt_canopy_002_il_0331,salt_canopy,8,98,12,True,-102.67728642655851,0.8990162026464897
id,test_id,salt_canopy_002_il_0331,salt_canopy,8,99,12,True,-104.65864978346828,0.9163645162140281
id,test_id,gom_145_xl_0658,gom,9,0,15,True,-30.339986154614834,0.6786368792122399
id,test_id,gom_145_xl_0658,gom,9,1,15,True,-35.98541611315437,0.8049123807681896
id,test_id,gom_145_xl_0658,gom,9,2,15,True,-36.64285354579544,0.8196177694025537
id,test_id,gom_145_xl_0658,gom,9,3,15,True,-36.00911500200746,0.8054424713189928
id,test_id,gom_145_xl_0658,gom,9,4,15,True,-41.41409248592906,0.9263395947787227
id,test_id,gom_145_xl_0658,gom,9,5,15,True,-12.101425610184364,0.2706815246474805
id,test_id,gom_145_xl_0658,gom,9,6,15,True,-36.29407420980233,0.8118163643885281
id,test_id,gom_145_xl_0658,gom,9,7,15,True,-30.47437931159327,0.6816429502161798
id,test_id,gom_145_xl_0658,gom,9,8,15,True,-28.02861624283033,0.6269367612344364
id,test_id,gom_145_xl_0658,gom,9,9,15,True,-24.242215683759685,0.5422435433219314
id,test_id,gom_145_xl_0658,gom,9,10,15,True,-23.235086393397854,0.5197163386260771
id,test_id,gom_145_xl_0658,gom,9,11,15,True,-40.26635012384701,0.9006671936519159
id,test_id,gom_145_xl_0658,gom,9,12,15,True,-28.602813179569157,0.6397802482161336
id,test_id,gom_145_xl_0658,gom,9,13,15,True,-33.80235980812135,0.7560823480040887
id,test_id,gom_145_xl_0658,gom,9,14,15,True,-34.11284028455787,0.7630270941391545
id,test_id,gom_145_xl_0658,gom,9,15,15,True,-27.32039108173401,0.6110953659662686
id,test_id,gom_145_xl_0658,gom,9,16,15,True,-37.70287013144631,0.8433279432943075
id,test_id,gom_145_xl_0658,gom,9,17,15,True,-37.854488665475685,0.8467193070292833
id,test_id,gom_145_xl_0658,gom,9,18,15,True,-26.686850811189505,0.5969245028067874
id,test_id,gom_145_xl_0658,gom,9,19,15,True,-22.413154217202113,0.5013315745680106
id,test_id,gom_145_xl_0658,gom,9,20,15,True,-26.86737165281722,0.6009623458028487
id,test_id,gom_145_xl_0658,gom,9,21,15,True,-20.55763154212645,0.45982772841911046
id,test_id,gom_145_xl_0658,gom,9,22,15,True,-26.54002999323428,0.5936404531308004
id,test_id,gom_145_xl_0658,gom,9,23,15,True,-30.206681668803306,0.6756551593203747
id,test_id,gom_145_xl_0658,gom,9,24,15,True,-29.600371875623466,0.6620933803603405
id,test_id,gom_145_xl_0658,gom,9,25,15,True,-35.767381099830594,0.8000354305861097
id,test_id,gom_145_xl_0658,gom,9,26,15,True,-34.65857503575879,0.775233946394963
id,test_id,gom_145_xl_0658,gom,9,27,15,True,-33.84388618241864,0.7570111990890724
id,test_id,gom_145_xl_0658,gom,9,28,15,True,-19.149249881899166,0.4283254156044087
id,test_id,gom_145_xl_0658,gom,9,29,15,True,-36.917988003375996,0.825771905027557
id,test_id,gom_145_xl_0658,gom,9,30,15,True,-21.598985111563422,0.48312045284284055
id,test_id,gom_145_xl_0658,gom,9,31,15,True,-21.650968231595606,0.48428319768295297
id,test_id,gom_145_xl_0658,gom,9,32,15,True,-26.84966977196325,0.6005663947593078
id,test_id,gom_145_xl_0658,gom,9,33,15,True,-25.305515132418417,0.5660271474352806
id,test_id,gom_145_xl_0658,gom,9,34,15,True,-28.100272778684484,0.6285395558968798
id,test_id,gom_145_xl_0658,gom,9,35,15,True,-24.51367221505162,0.5483154120531476
id,test_id,gom_145_xl_0658,gom,9,36,15,True,-36.08750437927115,0.8071958644180707
id,test_id,gom_145_xl_0658,gom,9,37,15,True,-26.21457819133007,0.5863608323012872
id,test_id,gom_145_xl_0658,gom,9,38,15,True,-12.185498096677229,0.2725620360481903
id,test_id,gom_145_xl_0658,gom,9,39,15,True,-24.993571844957486,0.5590496815256105
id,test_id,gom_145_xl_0658,gom,9,40,15,True,-38.533750808686584,0.8619128650845347
id,test_id,gom_145_xl_0658,gom,9,41,15,True,-18.260756931357342,0.4084518375452417
id,test_id,gom_145_xl_0658,gom,9,42,15,True,-28.601007541290343,0.6397398601711202
id,test_id,gom_145_xl_0658,gom,9,43,15,True,-22.891268917294436,0.5120259191969977
id,test_id,gom_145_xl_0658,gom,9,44,15,True,-34.26094765416127,0.766339921066094
id,test_id,gom_145_xl_0658,gom,9,45,15,True,-28.568545705365395,0.6390137623109123
id,test_id,gom_145_xl_0658,gom,9,46,15,True,-16.141966428223455,0.36105928543847027
id,test_id,gom_145_xl_0658,gom,9,47,15,True,-26.38557410194161,0.590185624130265
id,test_id,gom_145_xl_0658,gom,9,48,15,True,-35.96787974525617,0.8045201318751773
id,test_id,gom_145_xl_0658,gom,9,49,15,True,-24.098762594091895,0.5390348221119288
id,test_id,gom_145_xl_0658,gom,9,50,15,True,-33.278209082709175,0.7443582815949007
id,test_id,gom_145_xl_0658,gom,9,51,15,True,-36.548259256636385,0.8175019090702828
id,test_id,gom_145_xl_0658,gom,9,52,15,True,-39.72077093267629,0.8884638209221984
id,test_id,gom_145_xl_0658,gom,9,53,15,True,-40.22321025373287,0.8997022523142801
id,test_id,gom_145_xl_0658,gom,9,54,15,True,-38.04884317223989,0.8510665778308962
id,test_id,gom_145_xl_0658,gom,9,55,15,True,-24.685601804421673,0.5521610881645255
id,test_id,gom_145_xl_0658,gom,9,56,15,True,-18.90076074806573,0.4227672756156984
id,test_id,gom_145_xl_0658,gom,9,57,15,True,-31.574841312100254,0.7062577965747082
id,test_id,gom_145_xl_0658,gom,9,58,15,True,-35.720300781495084,0.7989823503327206
id,test_id,gom_145_xl_0658,gom,9,59,15,True,-29.68212147044993,0.6639219339274771
id,test_id,gom_145_xl_0658,gom,9,60,15,True,-36.46893306338754,0.8157275615161393
id,test_id,gom_145_xl_0658,gom,9,61,15,True,-32.702094217018086,0.7314718948797596
id,test_id,gom_145_xl_0658,gom,9,62,15,True,-24.79007848950774,0.5544979953455614
id,test_id,gom_145_xl_0658,gom,9,63,15,True,-37.74174063982832,0.8441973886647612
id,test_id,gom_145_xl_0658,gom,9,64,15,True,-29.741118023549678,0.665241553405082
id,test_id,gom_145_xl_0658,gom,9,65,15,True,-30.40897548115736,0.680180014434029
id,test_id,gom_145_xl_0658,gom,9,66,15,True,-28.89863392929032,0.6463970894161899
id,test_id,gom_145_xl_0658,gom,9,67,15,True,-28.821939261870753,0.644681603143896
id,test_id,gom_145_xl_0658,gom,9,68,15,True,-26.637686856809783,0.5958248163270392
id,test_id,gom_145_xl_0658,gom,9,69,15,True,-29.15016189481576,0.652023201197814
id,test_id,gom_145_xl_0658,gom,9,70,15,True,-29.867925742716686,0.668077955318945
id,test_id,gom_145_xl_0658,gom,9,71,15,True,-25.395945880129936,0.5680498787608337
id,test_id,gom_145_xl_0658,gom,9,72,15,True,-16.196497591586926,0.36227902424573954
id,test_id,gom_145_xl_0658,gom,9,73,15,True,-37.64755269503098,0.8420906173369519
id,test_id,gom_145_xl_0658,gom,9,74,15,True,-31.795688509320513,0.7111976489510591
id,test_id,gom_145_xl_0658,gom,9,75,15,True,-33.59040279584147,0.7513413489605248
id,test_id,gom_145_xl_0658,gom,9,76,15,True,-37.94803147810676,0.8488116482094401
id,test_id,gom_145_xl_0658,gom,9,77,15,True,-36.79989273747633,0.8231303809908792
id,test_id,gom_145_xl_0658,gom,9,78,15,True,-26.939567431812016,0.6025772021148997
id,test_id,gom_145_xl_0658,gom,9,79,15,True,-39.36938050494656,0.8806040116907664
id,test_id,gom_145_xl_0658,gom,9,80,15,True,-35.195948253715905,0.78725377006094
id,test_id,gom_145_xl_0658,gom,9,81,15,True,-22.364121443278016,0.5002348222984019
id,test_id,gom_145_xl_0658,gom,9,82,15,True,-27.812154292143997,0.622094996906221
id,test_id,gom_145_xl_0658,gom,9,83,15,True,-24.507817109275617,0.5481844465777173
id,test_id,gom_145_xl_0658,gom,9,84,15,True,-38.599436490143574,0.8633821052366473
id,test_id,gom_145_xl_0658,gom,9,85,15,True,-24.866061614369727,0.5561975660199296
id,test_id,gom_145_xl_0658,gom,9,86,15,True,-39.59163194591457,0.8855752738241875
id,test_id,gom_145_xl_0658,gom,9,87,15,True,-31.470715602588108,0.703928739923562
id,test_id,gom_145_xl_0658,gom,9,88,15,True,-22.795719274744656,0.5098886897698194
id,test_id,gom_145_xl_0658,gom,9,89,15,True,-36.37249829411928,0.8135705338059007
id,test_id,gom_145_xl_0658,gom,9,90,15,True,-32.69583480971123,0.7313318860933747
id,test_id,gom_145_xl_0658,gom,9,91,15,True,-31.588660750872513,0.7065669061686637
id,test_id,gom_145_xl_0658,gom,9,92,15,True,-37.4343090003796,0.8373208381184506
id,test_id,gom_145_xl_0658,gom,9,93,15,True,-35.071107127948395,0.7844613563941552
id,test_id,gom_145_xl_0658,gom,9,94,15,True,-26.717307265820985,0.5976057448224447
id,test_id,gom_145_xl_0658,gom,9,95,15,True,-16.899274400190095,0.3779985521895797
id,test_id,gom_145_xl_0658,gom,9,96,15,True,-15.782282014767386,0.35301395850242007
id,test_id,gom_145_xl_0658,gom,9,97,15,True,-31.76737092939475,0.7105642487257019
id,test_id,gom_145_xl_0658,gom,9,98,15,True,-29.873628948701572,0.668205523139555
id,test_id,gom_145_xl_0658,gom,9,99,15,True,-18.00654484036849,0.40276568794690215
id,test_id,fault_004_xl_0161,fault,10,0,18,True,-26.951188624857846,0.8139755671921023
id,test_id,fault_004_xl_0161,fault,10,1,18,True,-27.46895551326503,0.8296130814602415
id,test_id,fault_004_xl_0161,fault,10,2,18,True,-24.311185507005103,0.7342426075384746
id,test_id,fault_004_xl_0161,fault,10,3,18,True,-18.99296230016038,0.5736224652693886
id,test_id,fault_004_xl_0161,fault,10,4,18,True,-21.764483437887353,0.6573275115093709
id,test_id,fault_004_xl_0161,fault,10,5,18,True,-25.937403676541503,0.7833573933592975
id,test_id,fault_004_xl_0161,fault,10,6,18,True,-20.77734995905096,0.627514261173203
id,test_id,fault_004_xl_0161,fault,10,7,18,True,-30.892084618763533,0.9329978892326906
id,test_id,fault_004_xl_0161,fault,10,8,18,True,-26.42743529171372,0.7981572512599604
id,test_id,fault_004_xl_0161,fault,10,9,18,True,-9.234101653536932,0.27888688827678376
id,test_id,fault_004_xl_0161,fault,10,10,18,True,-29.03787382245747,0.8769973058957132
id,test_id,fault_004_xl_0161,fault,10,11,18,True,-21.4773287352185,0.648654910266056
id,test_id,fault_004_xl_0161,fault,10,12,18,True,-22.342596284093926,0.6747875849199372
id,test_id,fault_004_xl_0161,fault,10,13,18,True,-31.31908155945249,0.9458939837918003
id,test_id,fault_004_xl_0161,fault,10,14,18,True,-24.099288510474928,0.7278429277196086
id,test_id,fault_004_xl_0161,fault,10,15,18,True,-28.96404935868465,0.8747676710321617
id,test_id,fault_004_xl_0161,fault,10,16,18,True,-19.004864910363885,0.573981946033904
id,test_id,fault_004_xl_0161,fault,10,17,18,True,-15.824944183362682,0.47794247952223434
id,test_id,fault_004_xl_0161,fault,10,18,18,True,-23.57654028860724,0.7120549680004233
id,test_id,fault_004_xl_0161,fault,10,19,18,True,-21.817643993467627,0.6589330582621694
id,test_id,fault_004_xl_0161,fault,10,20,18,True,-26.314837846040547,0.7947566008848719
id,test_id,fault_004_xl_0161,fault,10,21,18,True,-12.323677388207969,0.37219776951533157
id,test_id,fault_004_xl_0161,fault,10,22,18,True,-27.179254211402323,0.8208635682279195
id,test_id,fault_004_xl_0161,fault,10,23,18,True,-24.858710641168923,0.7507788756725584
id,test_id,fault_004_xl_0161,fault,10,24,18,True,-27.91651222256856,0.8431301189229218
id,test_id,fault_004_xl_0161,fault,10,25,18,True,-24.26036360208438,0.7327076923456994
id,test_id,fault_004_xl_0161,fault,10,26,18,True,-27.74714879456194,0.8380150312623303
id,test_id,fault_004_xl_0161,fault,10,27,18,True,-17.756138735721336,0.5362681141721505
id,test_id,fault_004_xl_0161,fault,10,28,18,True,-24.36809267646359,0.7359613089353598
id,test_id,fault_004_xl_0161,fault,10,29,18,True,-23.264499779945798,0.7026307695518865
id,test_id,fault_004_xl_0161,fault,10,30,18,True,-30.15693845129198,0.9107951201093707
id,test_id,fault_004_xl_0161,fault,10,31,18,True,-18.713512305517597,0.5651825604081464
id,test_id,fault_004_xl_0161,fault,10,32,18,True,-17.37642098031866,0.5247999381436642
id,test_id,fault_004_xl_0161,fault,10,33,18,True,-20.63971511967587,0.6233574353646969
id,test_id,fault_004_xl_0161,fault,10,34,18,True,-15.82663603120817,0.4779935764452237
id,test_id,fault_004_xl_0161,fault,10,35,18,True,-20.578925799670575,0.6215214858665401
id,test_id,fault_004_xl_0161,fault,10,36,18,True,-24.557154243602547,0.7416713167011852
id,test_id,fault_004_xl_0161,fault,10,37,18,True,-23.075337399224196,0.6969177170300669
id,test_id,fault_004_xl_0161,fault,10,38,18,True,-26.514197512910414,0.8007776302418467
id,test_id,fault_004_xl_0161,fault,10,39,18,True,-22.01319441610209,0.6648390414228431
id,test_id,fault_004_xl_0161,fault,10,40,18,True,-25.12461863763192,0.7588097872310287
id,test_id,fault_004_xl_0161,fault,10,41,18,True,-29.98566610126931,0.9056223794857737
id,test_id,fault_004_xl_0161,fault,10,42,18,True,-13.751800711620163,0.41532972589674855
id,test_id,fault_004_xl_0161,fault,10,43,18,True,-26.141249901411747,0.7895139250365566
id,test_id,fault_004_xl_0161,fault,10,44,18,True,-19.39736696296537,0.5858362313991026
id,test_id,fault_004_xl_0161,fault,10,45,18,True,-27.449316023549557,0.829019932675487
id,test_id,fault_004_xl_0161,fault,10,46,18,True,-25.79849389640722,0.7791620619901627
id,test_id,fault_004_xl_0161,fault,10,47,18,True,-27.820425995622664,0.840228137783378
id,test_id,fault_004_xl_0161,fault,10,48,18,True,-28.061026631229584,0.8474947204028279
id,test_id,fault_004_xl_0161,fault,10,49,18,True,-16.072989941206533,0.48543391855451223
id,test_id,fault_004_xl_0161,fault,10,50,18,True,-23.777904545504327,0.7181365396706557
id,test_id,fault_004_xl_0161,fault,10,51,18,True,-19.596348980917558,0.5918458550627607
id,test_id,fault_004_xl_0161,fault,10,52,18,True,-14.923636237492682,0.45072131845709235
id,test_id,fault_004_xl_0161,fault,10,53,18,True,-17.153368229729296,0.518063333992288
id,test_id,fault_004_xl_0161,fault,10,54,18,True,-26.33894718814608,0.7954847474496909
id,test_id,fault_004_xl_0161,fault,10,55,18,True,-23.331243353832622,0.7046465484908846
id,test_id,fault_004_xl_0161,fault,10,56,18,True,-29.013424206716024,0.876258882439969
id,test_id,fault_004_xl_0161,fault,10,57,18,True,-24.12987832344816,0.7287667964480631
id,test_id,fault_004_xl_0161,fault,10,58,18,True,-24.648133072838505,0.7444190450170158
id,test_id,fault_004_xl_0161,fault,10,59,18,True,-23.60237698818782,0.7128352839444886
id,test_id,fault_004_xl_0161,fault,10,60,18,True,-24.460398340844158,0.7387491101178992
id,test_id,fault_004_xl_0161,fault,10,61,18,True,-17.93059482478786,0.5415370095824651
id,test_id,fault_004_xl_0161,fault,10,62,18,True,-28.40359462479315,0.8578409051572022
id,test_id,fault_004_xl_0161,fault,10,63,18,True,-28.933625433652402,0.8738488124252541
id,test_id,fault_004_xl_0161,fault,10,64,18,True,-16.871257112039636,0.5095430583106119
id,test_id,fault_004_xl_0161,fault,10,65,18,True,-28.73942559521302,0.8679836193963829
id,test_id,fault_004_xl_0161,fault,10,66,18,True,-23.28689805636168,0.7033072387794042
id,test_id,fault_004_xl_0161,fault,10,67,18,True,-27.067167740991977,0.8174783502474902
id,test_id,fault_004_xl_0161,fault,10,68,18,True,-23.282262696619114,0.7031672423722659
id,test_id,fault_004_xl_0161,fault,10,69,18,True,-18.618905133940487,0.5623252494666213
id,test_id,fault_004_xl_0161,fault,10,70,18,True,-20.925991319583297,0.6320035042055467
id,test_id,fault_004_xl_0161,fault,10,71,18,True,-25.85959322580762,0.7810073743433952
id,test_id,fault_004_xl_0161,fault,10,72,18,True,-26.7166853446799,0.8068931359439606
id,test_id,fault_004_xl_0161,fault,10,73,18,True,-22.26277412211728,0.6723768085169433
id,test_id,fault_004_xl_0161,fault,10,74,18,True,-17.22167447647775,0.5201263085316954
id,test_id,fault_004_xl_0161,fault,10,75,18,True,-22.859221435692458,0.6903906166322477
id,test_id,fault_004_xl_0161,fault,10,76,18,True,-27.789286380185935,0.8392876640072463
id,test_id,fault_004_xl_0161,fault,10,77,18,True,-22.41550844756736,0.6769896666330886
id,test_id,fault_004_xl_0161,fault,10,78,18,True,-27.741999053486772,0.8378594995909492
id,test_id,fault_004_xl_0161,fault,10,79,18,True,-24.930424856324226,0.7529447771386977
id,test_id,fault_004_xl_0161,fault,10,80,18,True,-28.925694751894365,0.8736092912200089
id,test_id,fault_004_xl_0161,fault,10,81,18,True,-9.67673185695083,0.29225513618210536
id,test_id,fault_004_xl_0161,fault,10,82,18,True,-23.90808152535177,0.7220681243766803
id,test_id,fault_004_xl_0161,fault,10,83,18,True,-27.285287273960282,0.8240659621348485
id,test_id,fault_004_xl_0161,fault,10,84,18,True,-24.15016976424682,0.7293796353570674
id,test_id,fault_004_xl_0161,fault,10,85,18,True,-21.844129362354742,0.6597329652147813
id,test_id,fault_004_xl_0161,fault,10,86,18,True,-22.78521243142099,0.6881554083055313
id,test_id,fault_004_xl_0161,fault,10,87,18,True,-22.67047937038796,0.684690258410661
id,test_id,fault_004_xl_0161,fault,10,88,18,True,-23.917613706490016,0.7223560138147521
id,test_id,fault_004_xl_0161,fault,10,89,18,True,-27.73322032384023,0.8375943657765282
id,test_id,fault_004_xl_0161,fault,10,90,18,True,-28.887807182718856,0.8724650168045671
id,test_id,fault_004_xl_0161,fault,10,91,18,True,-26.1832859314494,0.7907834906155992
id,test_id,fault_004_xl_0161,fault,10,92,18,True,-26.802850134820666,0.8094954714068996
id,test_id,fault_004_xl_0161,fault,10,93,18,True,-22.977468312807677,0.6939618902487213
id,test_id,fault_004_xl_0161,fault,10,94,18,True,-27.843518178226546,0.840925564256634
id,test_id,fault_004_xl_0161,fault,10,95,18,True,-22.85487824325569,0.6902594442162048
id,test_id,fault_004_xl_0161,fault,10,96,18,True,-9.078725404420789,0.2741942391968896
id,test_id,fault_004_xl_0161,fault,10,97,18,True,-28.60535522680092,0.863934447180237
id,test_id,fault_004_xl_0161,fault,10,98,18,True,-23.619715676777115,0.7133589442948826
id,test_id,fault_004_xl_0161,fault,10,99,18,True,-27.753034928004563,0.8381928033403719
id,test_id,seam_003_xl_0478,seam,11,0,13,True,-35.420418747033544,0.7390181907210956
id,test_id,seam_003_xl_0478,seam,11,1,13,True,-36.41724484860485,0.7598161555138887
id,test_id,seam_003_xl_0478,seam,11,2,13,True,-46.12433010424756,0.9623465839098346
id,test_id,seam_003_xl_0478,seam,11,3,13,True,-41.366851775820216,0.8630856730838256
id,test_id,seam_003_xl_0478,seam,11,4,13,True,-46.45808512895575,0.9693101106898385
id,test_id,seam_003_xl_0478,seam,11,5,13,True,-46.594679774585344,0.9721600467280404
id,test_id,seam_003_xl_0478,seam,11,6,13,True,-41.76508604871721,0.8713945068653037
id,test_id,seam_003_xl_0478,seam,11,7,13,True,-39.114028386483234,0.81608234776765
id,test_id,seam_003_xl_0478,seam,11,8,13,True,-44.414731041897014,0.9266771917736223
id,test_id,seam_003_xl_0478,seam,11,9,13,True,-34.71298160846784,0.7242580909626609
id,test_id,seam_003_xl_0478,seam,11,10,13,True,-46.50101742753951,0.9702058581356681
id,test_id,seam_003_xl_0478,seam,11,11,13,True,-46.45636348487782,0.9692741899882616
id,test_id,seam_003_xl_0478,seam,11,12,13,True,-39.50004604792204,0.8241362919002777
id,test_id,seam_003_xl_0478,seam,11,13,13,True,-35.753311239896775,0.7459637214766015
id,test_id,seam_003_xl_0478,seam,11,14,13,True,-43.13103131774442,0.8998938424759275
id,test_id,seam_003_xl_0478,seam,11,15,13,True,-38.874633706936514,0.8110875727422502
id,test_id,seam_003_xl_0478,seam,11,16,13,True,-41.46232324061165,0.8650776074446116
id,test_id,seam_003_xl_0478,seam,11,17,13,True,-39.67282491158457,0.8277411821792618
id,test_id,seam_003_xl_0478,seam,11,18,13,True,-46.72322627175697,0.9748420647030893
id,test_id,seam_003_xl_0478,seam,11,19,13,True,-46.5929432786307,0.9721238161541511
id,test_id,seam_003_xl_0478,seam,11,20,13,True,-45.976171047093736,0.9592553658432517
id,test_id,seam_003_xl_0478,seam,11,21,13,True,-44.59032499618703,0.9303408166259355
id,test_id,seam_003_xl_0478,seam,11,22,13,True,-39.61902344783866,0.8266186584541865
id,test_id,seam_003_xl_0478,seam,11,23,13,True,-38.90278651249615,0.8116749581025704
id,test_id,seam_003_xl_0478,seam,11,24,13,True,-43.37489185049558,0.904981793891441
id,test_id,seam_003_xl_0478,seam,11,25,13,True,-42.76777222271599,0.8923147372968453
id,test_id,seam_003_xl_0478,seam,11,26,13,True,-34.920180432520425,0.7285811256835225
id,test_id,seam_003_xl_0478,seam,11,27,13,True,-44.432279819316335,0.927043332722729
id,test_id,seam_003_xl_0478,seam,11,28,13,True,-43.17162074551541,0.9007407078302857
id,test_id,seam_003_xl_0478,seam,11,29,13,True,-29.277978426354306,0.6108611758416244
id,test_id,seam_003_xl_0478,seam,11,30,13,True,-43.0352686592026,0.8978958325946879
id,test_id,seam_003_xl_0478,seam,11,31,13,True,-36.16311492734365,0.7545139416705169
id,test_id,seam_003_xl_0478,seam,11,32,13,True,-37.57378375949713,0.7839463980028412
id,test_id,seam_003_xl_0478,seam,11,33,13,True,-35.78241703236903,0.7465709901327394
id,test_id,seam_003_xl_0478,seam,11,34,13,True,-39.39491039438518,0.821942722111846
id,test_id,seam_003_xl_0478,seam,11,35,13,True,-35.748232800727344,0.7458577639792187
id,test_id,seam_003_xl_0478,seam,11,36,13,True,-45.90926378598718,0.957859400329625
id,test_id,seam_003_xl_0478,seam,11,37,13,True,-43.2376379444852,0.9021181029222964
id,test_id,seam_003_xl_0478,seam,11,38,13,True,-42.55380367815702,0.8878504578708875
id,test_id,seam_003_xl_0478,seam,11,39,13,True,-42.38639984381941,0.8843577132013369
id,test_id,seam_003_xl_0478,seam,11,40,13,True,-44.531568464110066,0.9291149094355466
id,test_id,seam_003_xl_0478,seam,11,41,13,True,-45.90802467931746,0.9578335473780916
id,test_id,seam_003_xl_0478,seam,11,42,13,True,-39.1795893845081,0.8174502245984756
id,test_id,seam_003_xl_0478,seam,11,43,13,True,-46.440120540511515,0.9689352941823342
id,test_id,seam_003_xl_0478,seam,11,44,13,True,-46.63148803032517,0.9729280210073599
id,test_id,seam_003_xl_0478,seam,11,45,13,True,-44.66174477415346,0.9318309321288436
id,test_id,seam_003_xl_0478,seam,11,46,13,True,-36.135392678979265,0.7539355395354295
id,test_id,seam_003_xl_0478,seam,11,47,13,True,-43.429315591563224,0.9061173009260508
id,test_id,seam_003_xl_0478,seam,11,48,13,True,-42.51179614210578,0.8869740048421711
id,test_id,seam_003_xl_0478,seam,11,49,13,True,-42.40955146735375,0.884840752971668
id,test_id,seam_003_xl_0478,seam,11,50,13,True,-45.9656080390002,0.959034977281908
id,test_id,seam_003_xl_0478,seam,11,51,13,True,-44.861356800691276,0.9359956744982568
id,test_id,seam_003_xl_0478,seam,11,52,13,True,-45.034151936191684,0.9396009042758873
id,test_id,seam_003_xl_0478,seam,11,53,13,True,-42.9403425738712,0.8959152771321774
id,test_id,seam_003_xl_0478,seam,11,54,13,True,-40.685931221623505,0.8488788202631088
id,test_id,seam_003_xl_0478,seam,11,55,13,True,-44.926042102065175,0.9373452806316289
id,test_id,seam_003_xl_0478,seam,11,56,13,True,-46.13821473401799,0.9626362754023338
id,test_id,seam_003_xl_0478,seam,11,57,13,True,-42.86722360810575,0.8943897094596633
id,test_id,seam_003_xl_0478,seam,11,58,13,True,-46.54067068103098,0.9710331909761055
id,test_id,seam_003_xl_0478,seam,11,59,13,True,-44.684775768876165,0.9323114550772604
id,test_id,seam_003_xl_0478,seam,11,60,13,True,-43.17980046803743,0.900911371079131
id,test_id,seam_003_xl_0478,seam,11,61,13,True,-36.60506056454747,0.7637347774696643
id,test_id,seam_003_xl_0478,seam,11,62,13,True,-44.615173458573466,0.9308592595570079
id,test_id,seam_003_xl_0478,seam,11,63,13,True,-46.832247035959085,0.977116694161512
id,test_id,seam_003_xl_0478,seam,11,64,13,True,-42.50681898564861,0.8868701605260951
id,test_id,seam_003_xl_0478,seam,11,65,13,True,-46.18130096588168,0.9635352345406857
id,test_id,seam_003_xl_0478,seam,11,66,13,True,-43.87565109889485,0.9154297277902989
id,test_id,seam_003_xl_0478,seam,11,67,13,True,-43.07243772872543,0.8986713349597425
id,test_id,seam_003_xl_0478,seam,11,68,13,True,-45.30784528065147,0.9453112930118195
id,test_id,seam_003_xl_0478,seam,11,69,13,True,-42.279085923231605,0.8821186956448708
id,test_id,seam_003_xl_0478,seam,11,70,13,True,-44.85987207599242,0.9359646969265774
id,test_id,seam_003_xl_0478,seam,11,71,13,True,-42.12156284770608,0.8788321049610314
id,test_id,seam_003_xl_0478,seam,11,72,13,True,-44.07509959699005,0.9195910582719353
id,test_id,seam_003_xl_0478,seam,11,73,13,True,-43.61474129803423,0.9099860572806281
id,test_id,seam_003_xl_0478,seam,11,74,13,True,-44.109523633648735,0.9203092877618381
id,test_id,seam_003_xl_0478,seam,11,75,13,True,-43.05931910892923,0.898397625641516
id,test_id,seam_003_xl_0478,seam,11,76,13,True,-43.27255836390286,0.90284668903421
id,test_id,seam_003_xl_0478,seam,11,77,13,True,-44.4487747046108,0.9273874850709415
id,test_id,seam_003_xl_0478,seam,11,78,13,True,-41.793340138392274,0.8719840054362061
id,test_id,seam_003_xl_0478,seam,11,79,13,True,-44.74712615221061,0.9336123450472992
id,test_id,seam_003_xl_0478,seam,11,80,13,True,-39.97311081460405,0.8340064029925275
id,test_id,seam_003_xl_0478,seam,11,81,13,True,-40.523215353170784,0.8454838861838607
id,test_id,seam_003_xl_0478,seam,11,82,13,True,-46.75114386142664,0.9754245424754253
id,test_id,seam_003_xl_0478,seam,11,83,13,True,-44.801900632232744,0.9347551699645521
id,test_id,seam_003_xl_0478,seam,11,84,13,True,-39.94045779458426,0.8333251243224775
id,test_id,seam_003_xl_0478,seam,11,85,13,True,-42.8859304445403,0.8947800123669981
id,test_id,seam_003_xl_0478,seam,11,86,13,True,-42.68530613865845,0.8905941496134726
id,test_id,seam_003_xl_0478,seam,11,87,13,True,-35.314678409778935,0.7368120046993483
id,test_id,seam_003_xl_0478,seam,11,88,13,True,-42.2871305841626,0.8822865409436135
id,test_id,seam_003_xl_0478,seam,11,89,13,True,-42.06115632722147,0.8775717721062698
id,test_id,seam_003_xl_0478,seam,11,90,13,True,-45.22382132530701,0.9435582016127774
id,test_id,seam_003_xl_0478,seam,11,91,13,True,-46.60967920839959,0.9724729976990159
id,test_id,seam_003_xl_0478,seam,11,92,13,True,-46.352437290541594,0.9671058545810659
id,test_id,seam_003_xl_0478,seam,11,93,13,True,-43.336867634329906,0.9041884495881158
id,test_id,seam_003_xl_0478,seam,11,94,13,True,-46.83781811445232,0.9772329301771799
id,test_id,seam_003_xl_0478,seam,11,95,13,True,-42.677622844439895,0.8904338439368873
id,test_id,seam_003_xl_0478,seam,11,96,13,True,-44.141322818131314,0.9209727518487694
id,test_id,seam_003_xl_0478,seam,11,97,13,True,-42.28920633609036,0.8823298498170912
id,test_id,seam_003_xl_0478,seam,11,98,13,True,-39.98202475416845,0.8341923850820147
id,test_id,seam_003_xl_0478,seam,11,99,13,True,-45.79353622178492,0.9554448389512259
id,test_id,salt_canopy_001_xl_0872,salt_canopy,12,0,13,True,-73.38759716372377,0.9114352903627548
id,test_id,salt_canopy_001_xl_0872,salt_canopy,12,1,13,True,-74.81778768697637,0.9291975031236754
id,test_id,salt_canopy_001_xl_0872,salt_canopy,12,2,13,True,-73.66154252741646,0.9148375474436584
id,test_id,salt_canopy_001_xl_0872,salt_canopy,12,3,13,True,-73.73781541725248,0.9157848165488099
id,test_id,salt_canopy_001_xl_0872,salt_canopy,12,4,13,True,-72.67754408730752,0.9026168052659802
id,test_id,salt_canopy_001_xl_0872,salt_canopy,12,5,13,True,-74.12385124608502,0.9205791781485974
id,test_id,salt_canopy_001_xl_0872,salt_canopy,12,6,13,True,-73.1386512319525,0.9083435130546303
id,test_id,salt_canopy_001_xl_0872,salt_canopy,12,7,13,True,-72.05184788617626,0.894845988114348
id,test_id,salt_canopy_001_xl_0872,salt_canopy,12,8,13,True,-74.35035558129171,0.9233922426514036
id,test_id,salt_canopy_001_xl_0872,salt_canopy,12,9,13,True,-72.75860241179242,0.9036235069481238
id,test_id,salt_canopy_001_xl_0872,salt_canopy,12,10,13,True,-71.98055123277729,0.8939605212438683
id,test_id,salt_canopy_001_xl_0872,salt_canopy,12,11,13,True,-74.65393155091466,0.9271624962462064
id,test_id,salt_canopy_001_xl_0872,salt_canopy,12,12,13,True,-73.27331411791536,0.9100159551471931
id,test_id,salt_canopy_001_xl_0872,salt_canopy,12,13,13,True,-71.72728356885419,0.8908150702994497
id,test_id,salt_canopy_001_xl_0872,salt_canopy,12,14,13,True,-74.3429967047233,0.9233008492816642
id,test_id,salt_canopy_001_xl_0872,salt_canopy,12,15,13,True,-74.7747720635443,0.9286632717446935
id,test_id,salt_canopy_001_xl_0872,salt_canopy,12,16,13,True,-73.79273252573529,0.916466858101475
id,test_id,salt_canopy_001_xl_0872,salt_canopy,12,17,13,True,-73.85425499561637,0.9172309347624785
id,test_id,salt_canopy_001_xl_0872,salt_canopy,12,18,13,True,-70.29142175361905,0.8729824230801927
id,test_id,salt_canopy_001_xl_0872,salt_canopy,12,19,13,True,-73.70600054433625,0.915389692589791
id,test_id,salt_canopy_001_xl_0872,salt_canopy,12,20,13,True,-71.00520123016162,0.8818471881031726
id,test_id,salt_canopy_001_xl_0872,salt_canopy,12,21,13,True,-73.28561415675053,0.9101687151488893
id,test_id,salt_canopy_001_xl_0872,salt_canopy,12,22,13,True,-73.08784446256227,0.9077125197478422
id,test_id,salt_canopy_001_xl_0872,salt_canopy,12,23,13,True,-74.05826261428533,0.9197646018989412
id,test_id,salt_canopy_001_xl_0872,salt_canopy,12,24,13,True,-71.74977835365553,0.8910944436746444
id,test_id,salt_canopy_001_xl_0872,salt_canopy,12,25,13,True,-69.65016408734317,0.8650183407304789
id,test_id,salt_canopy_001_xl_0872,salt_canopy,12,26,13,True,-74.13832375954749,0.9207589191405319
id,test_id,salt_canopy_001_xl_0872,salt_canopy,12,27,13,True,-74.89739769087663,0.9301862174272482
id,test_id,salt_canopy_001_xl_0872,salt_canopy,12,28,13,True,-73.80580013398563,0.9166291509108913
id,test_id,salt_canopy_001_xl_0872,salt_canopy,12,29,13,True,-74.29677129711894,0.9227267540744315
id,test_id,salt_canopy_001_xl_0872,salt_canopy,12,30,13,True,-74.06629972139743,0.9198644185346881
id,test_id,salt_canopy_001_xl_0872,salt_canopy,12,31,13,True,-74.08650137351655,0.9201153124101734
id,test_id,salt_canopy_001_xl_0872,salt_canopy,12,32,13,True,-75.12023210678439,0.9329537034659666
id,test_id,salt_canopy_001_xl_0872,salt_canopy,12,33,13,True,-74.66913033684395,0.9273512571595213
id,test_id,salt_canopy_001_xl_0872,salt_canopy,12,34,13,True,-73.13318202851434,0.9082755884295388
id,test_id,salt_canopy_001_xl_0872,salt_canopy,12,35,13,True,-73.07610514986874,0.9075667236693901
id,test_id,salt_canopy_001_xl_0872,salt_canopy,12,36,13,True,-74.14339383343626,0.9208218867869136
id,test_id,salt_canopy_001_xl_0872,salt_canopy,12,37,13,True,-72.5485163950783,0.9010143493105218
id,test_id,salt_canopy_001_xl_0872,salt_canopy,12,38,13,True,-73.188153418931,0.9089583041352226
id,test_id,salt_canopy_001_xl_0872,salt_canopy,12,39,13,True,-74.96708218179484,0.931051662089132
id,test_id,salt_canopy_001_xl_0872,salt_canopy,12,40,13,True,-75.54500871408362,0.9382292051225936
id,test_id,salt_canopy_001_xl_0872,salt_canopy,12,41,13,True,-71.94086560011954,0.8934676465958
id,test_id,salt_canopy_001_xl_0872,salt_canopy,12,42,13,True,-75.61913652911313,0.9391498335288443
id,test_id,salt_canopy_001_xl_0872,salt_canopy,12,43,13,True,-73.29725841548222,0.9103133307072172
id,test_id,salt_canopy_001_xl_0872,salt_canopy,12,44,13,True,-75.07417745576676,0.9323817289655727
id,test_id,salt_canopy_001_xl_0872,salt_canopy,12,45,13,True,-73.9089206037428,0.9179098528132276
id,test_id,salt_canopy_001_xl_0872,salt_canopy,12,46,13,True,-73.7463189083573,0.9158904254280181
id,test_id,salt_canopy_001_xl_0872,salt_canopy,12,47,13,True,-73.45689725033861,0.9122959609257255
id,test_id,salt_canopy_001_xl_0872,salt_canopy,12,48,13,True,-74.03122221032842,0.9194287743288281
id,test_id,salt_canopy_001_xl_0872,salt_canopy,12,49,13,True,-72.27998291956771,0.897679305029428
id,test_id,salt_canopy_001_xl_0872,salt_canopy,12,50,13,True,-74.897874477381,0.9301921388644234
id,test_id,salt_canopy_001_xl_0872,salt_canopy,12,51,13,True,-73.16493425534837,0.9086699343572248
id,test_id,salt_canopy_001_xl_0872,salt_canopy,12,52,13,True,-73.1607529949141,0.9086180053056508
id,test_id,salt_canopy_001_xl_0872,salt_canopy,12,53,13,True,-72.39637449213859,0.89912482703644
id,test_id,salt_canopy_001_xl_0872,salt_canopy,12,54,13,True,-73.33326274887636,0.9107604855580316
id,test_id,salt_canopy_001_xl_0872,salt_canopy,12,55,13,True,-74.59589442052919,0.9264417056653858
id,test_id,salt_canopy_001_xl_0872,salt_canopy,12,56,13,True,-74.47700604865277,0.9249651747265095
id,test_id,salt_canopy_001_xl_0872,salt_canopy,12,57,13,True,-72.249746837238,0.8973037888176607
id,test_id,salt_canopy_001_xl_0872,salt_canopy,12,58,13,True,-72.57795685864188,0.9013799843564089
id,test_id,salt_canopy_001_xl_0872,salt_canopy,12,59,13,True,-73.89136255670877,0.9176917911200375
id,test_id,salt_canopy_001_xl_0872,salt_canopy,12,60,13,True,-73.84721251158669,0.9171434708213693
id,test_id,salt_canopy_001_xl_0872,salt_canopy,12,61,13,True,-75.71717173324562,0.9403673791114432
id,test_id,salt_canopy_001_xl_0872,salt_canopy,12,62,13,True,-71.95838150105196,0.8936851848566139
id,test_id,salt_canopy_001_xl_0872,salt_canopy,12,63,13,True,-73.8268499094599,0.9168905780315892
id,test_id,salt_canopy_001_xl_0872,salt_canopy,12,64,13,True,-73.31475765310665,0.9105306620185257
id,test_id,salt_canopy_001_xl_0872,salt_canopy,12,65,13,True,-73.1117944271929,0.908009965689812
id,test_id,salt_canopy_001_xl_0872,salt_canopy,12,66,13,True,-74.32831874774641,0.9231185567895237
id,test_id,salt_canopy_001_xl_0872,salt_canopy,12,67,13,True,-75.89471336806282,0.9425723526728492
id,test_id,salt_canopy_001_xl_0872,salt_canopy,12,68,13,True,-74.88685570888173,0.9300552915652244
id,test_id,salt_canopy_001_xl_0872,salt_canopy,12,69,13,True,-72.6568803741398,0.9023601728357209
id,test_id,salt_canopy_001_xl_0872,salt_canopy,12,70,13,True,-73.60404606642392,0.9141234716918302
id,test_id,salt_canopy_001_xl_0872,salt_canopy,12,71,13,True,-73.03103433079752,0.9070069678434108
id,test_id,salt_canopy_001_xl_0872,salt_canopy,12,72,13,True,-73.43812422071761,0.9120628097889547
id,test_id,salt_canopy_001_xl_0872,salt_canopy,12,73,13,True,-74.0567295521461,0.9197455620749115
id,test_id,salt_canopy_001_xl_0872,salt_canopy,12,74,13,True,-75.03627431893267,0.9319109919764743
id,test_id,salt_canopy_001_xl_0872,salt_canopy,12,75,13,True,-73.23945898350539,0.909595492215393
id,test_id,salt_canopy_001_xl_0872,salt_canopy,12,76,13,True,-74.10542790149306,0.9203503699156452
id,test_id,salt_canopy_001_xl_0872,salt_canopy,12,77,13,True,-74.13957199233761,0.9207744215341174
id,test_id,salt_canopy_001_xl_0872,salt_canopy,12,78,13,True,-75.59417262226427,0.9388397949587484
id,test_id,salt_canopy_001_xl_0872,salt_canopy,12,79,13,True,-74.89407180758073,0.9301449117090521
id,test_id,salt_canopy_001_xl_0872,salt_canopy,12,80,13,True,-72.38389622563305,0.8989698535409827
id,test_id,salt_canopy_001_xl_0872,salt_canopy,12,81,13,True,-71.8848262940623,0.8927716679405228
id,test_id,salt_canopy_001_xl_0872,salt_canopy,12,82,13,True,-74.18552809090906,0.9213451720650547
id,test_id,salt_canopy_001_xl_0872,salt_canopy,12,83,13,True,-74.55208559331567,0.9258976231133602
id,test_id,salt_canopy_001_xl_0872,salt_canopy,12,84,13,True,-73.99200907481287,0.9189417678463168
id,test_id,salt_canopy_001_xl_0872,salt_canopy,12,85,13,True,-75.91153385823714,0.942781254298444
id,test_id,salt_canopy_001_xl_0872,salt_canopy,12,86,13,True,-74.21258627709494,0.9216812204810829
id,test_id,salt_canopy_001_xl_0872,salt_canopy,12,87,13,True,-75.51948634909306,0.9379122307966186
id,test_id,salt_canopy_001_xl_0872,salt_canopy,12,88,13,True,-72.72280106765325,0.9031788731169049
id,test_id,salt_canopy_001_xl_0872,salt_canopy,12,89,13,True,-73.3416317406057,0.9108644240258612
id,test_id,salt_canopy_001_xl_0872,salt_canopy,12,90,13,True,-73.96904423368142,0.9186565566191652
id,test_id,salt_canopy_001_xl_0872,salt_canopy,12,91,13,True,-70.7646613193377,0.8788598091462556
id,test_id,salt_canopy_001_xl_0872,salt_canopy,12,92,13,True,-73.42085822387297,0.9118483752052416
id,test_id,salt_canopy_001_xl_0872,salt_canopy,12,93,13,True,-73.82325827124383,0.9168459717773052
id,test_id,salt_canopy_001_xl_0872,salt_canopy,12,94,13,True,-74.53727092763044,0.9257136327710914
id,test_id,salt_canopy_001_xl_0872,salt_canopy,12,95,13,True,-73.1924187486419,0.9090112772829175
id,test_id,salt_canopy_001_xl_0872,salt_canopy,12,96,13,True,-74.75674242738526,0.9284393531630417
id,test_id,salt_canopy_001_xl_0872,salt_canopy,12,97,13,True,-71.04423199202513,0.8823319296010147
id,test_id,salt_canopy_001_xl_0872,salt_canopy,12,98,13,True,-73.55688251095566,0.9135377251824184
id,test_id,salt_canopy_001_xl_0872,salt_canopy,12,99,13,True,-73.14084680830662,0.9083707809561447
id,test_id,gom_147_xl_0129,gom,13,0,19,True,-27.25535675974912,0.8682356593560624
id,test_id,gom_147_xl_0129,gom,13,1,19,True,-23.703601064752384,0.7550923615119023
id,test_id,gom_147_xl_0129,gom,13,2,19,True,-22.989992886004774,0.7323599469976366
id,test_id,gom_147_xl_0129,gom,13,3,19,True,-26.456491443541857,0.8427873278347442
id,test_id,gom_147_xl_0129,gom,13,4,19,True,-25.384163855308064,0.8086276923978373
id,test_id,gom_147_xl_0129,gom,13,5,19,True,-26.918049321007476,0.8574905295431207
id,test_id,gom_147_xl_0129,gom,13,6,19,True,-26.784811165193855,0.8532461485546804
id,test_id,gom_147_xl_0129,gom,13,7,19,True,-29.08386546612687,0.9264838957051361
id,test_id,gom_147_xl_0129,gom,13,8,19,True,-28.80130860602449,0.9174828782574806
id,test_id,gom_147_xl_0129,gom,13,9,19,True,-27.348744600388535,0.8712105847664373
id,test_id,gom_147_xl_0129,gom,13,10,19,True,-28.65047252633087,0.9126779048989642
id,test_id,gom_147_xl_0129,gom,13,11,19,True,-25.1356030772331,0.8007096404367388
id,test_id,gom_147_xl_0129,gom,13,12,19,True,-24.471098645194736,0.7795414550858177
id,test_id,gom_147_xl_0129,gom,13,13,19,True,-29.52056192401043,0.9403951220519853
id,test_id,gom_147_xl_0129,gom,13,14,19,True,-26.09476551210455,0.8312643323606408
id,test_id,gom_147_xl_0129,gom,13,15,19,True,-29.750370682140375,0.9477158172239305
id,test_id,gom_147_xl_0129,gom,13,16,19,True,-28.742014731326506,0.9155940364841746
id,test_id,gom_147_xl_0129,gom,13,17,19,True,-24.061113354257124,0.766481128906958
id,test_id,gom_147_xl_0129,gom,13,18,19,True,-28.614218845449344,0.9115230222532615
id,test_id,gom_147_xl_0129,gom,13,19,19,True,-29.04600855271177,0.9252779411300456
id,test_id,gom_147_xl_0129,gom,13,20,19,True,-28.51191414025864,0.9082640447997852
id,test_id,gom_147_xl_0129,gom,13,21,19,True,-25.285992267452997,0.8055003778643048
id,test_id,gom_147_xl_0129,gom,13,22,19,True,-30.03615879484625,0.9568197681521298
id,test_id,gom_147_xl_0129,gom,13,23,19,True,-25.732224932128425,0.8197153857710386
id,test_id,gom_147_xl_0129,gom,13,24,19,True,-25.318515537746617,0.8065364260539031
id,test_id,gom_147_xl_0129,gom,13,25,19,True,-26.83494252826913,0.8548431130507889
id,test_id,gom_147_xl_0129,gom,13,26,19,True,-27.91021593058581,0.8890965891537761
id,test_id,gom_147_xl_0129,gom,13,27,19,True,-27.360422274336706,0.8715825840409103
id,test_id,gom_147_xl_0129,gom,13,28,19,True,-20.9033148753287,0.6658875733489195
id,test_id,gom_147_xl_0129,gom,13,29,19,True,-29.95977430292131,0.9543864945650098
id,test_id,gom_147_xl_0129,gom,13,30,19,True,-25.37300894391174,0.8082723460365103
id,test_id,gom_147_xl_0129,gom,13,31,19,True,-28.51929926041246,0.9084993022107485
id,test_id,gom_147_xl_0129,gom,13,32,19,True,-22.530149394436524,0.7177113580754043
id,test_id,gom_147_xl_0129,gom,13,33,19,True,-20.93691752246498,0.6669580057321624
id,test_id,gom_147_xl_0129,gom,13,34,19,True,-28.4806007872618,0.9072665392479222
id,test_id,gom_147_xl_0129,gom,13,35,19,True,-28.514500238177728,0.9083464264927392
id,test_id,gom_147_xl_0129,gom,13,36,19,True,-23.079199191161536,0.7352016670990915
id,test_id,gom_147_xl_0129,gom,13,37,19,True,-25.346192325593183,0.8074180866520986
id,test_id,gom_147_xl_0129,gom,13,38,19,True,-27.954000080507612,0.8904913593859839
id,test_id,gom_147_xl_0129,gom,13,39,19,True,-28.985860505711145,0.9233618891881505
id,test_id,gom_147_xl_0129,gom,13,40,19,True,-26.70136042053182,0.8505877752685015
id,test_id,gom_147_xl_0129,gom,13,41,19,True,-28.22147146493712,0.8990118200009769
id,test_id,gom_147_xl_0129,gom,13,42,19,True,-27.460686021879866,0.8747765455701975
id,test_id,gom_147_xl_0129,gom,13,43,19,True,-22.870409369365056,0.7285505426910625
id,test_id,gom_147_xl_0129,gom,13,44,19,True,-22.171778640237473,0.7062952437750605
id,test_id,gom_147_xl_0129,gom,13,45,19,True,-25.379969790636633,0.8084940879641299
id,test_id,gom_147_xl_0129,gom,13,46,19,True,-24.9157968778338,0.7937075827440712
id,test_id,gom_147_xl_0129,gom,13,47,19,True,-25.65661025823227,0.8173066351967596
id,test_id,gom_147_xl_0129,gom,13,48,19,True,-24.57456607987952,0.782837471981406
id,test_id,gom_147_xl_0129,gom,13,49,19,True,-26.354949239991278,0.8395526403261807
id,test_id,gom_147_xl_0129,gom,13,50,19,True,-26.213946960561486,0.8350609285452428
id,test_id,gom_147_xl_0129,gom,13,51,19,True,-27.102003929929353,0.8633505134199317
id,test_id,gom_147_xl_0129,gom,13,52,19,True,-29.790170734168633,0.9489836716394782
id,test_id,gom_147_xl_0129,gom,13,53,19,True,-21.04745126210383,0.6704791239902125
id,test_id,gom_147_xl_0129,gom,13,54,19,True,-25.740707624544026,0.8199856070015842
id,test_id,gom_147_xl_0129,gom,13,55,19,True,-22.334033446788865,0.7114639674939104
id,test_id,gom_147_xl_0129,gom,13,56,19,True,-23.573020384678408,0.7509326359994986
id,test_id,gom_147_xl_0129,gom,13,57,19,True,-25.110441446801055,0.7999081016793778
id,test_id,gom_147_xl_0129,gom,13,58,19,True,-26.661402692646288,0.849314897994398
id,test_id,gom_147_xl_0129,gom,13,59,19,True,-28.376141405975513,0.9039389233012115
id,test_id,gom_147_xl_0129,gom,13,60,19,True,-25.50321618440485,0.812420175408145
id,test_id,gom_147_xl_0129,gom,13,61,19,True,-25.72183241357463,0.8193843258888122
id,test_id,gom_147_xl_0129,gom,13,62,19,True,-22.50322388672577,0.7168536299544033
id,test_id,gom_147_xl_0129,gom,13,63,19,True,-19.138122794439504,0.6096563259009207
id,test_id,gom_147_xl_0129,gom,13,64,19,True,-25.674771046999574,0.8178851579638178
id,test_id,gom_147_xl_0129,gom,13,65,19,True,-30.177353226849235,0.9613176010679901
id,test_id,gom_147_xl_0129,gom,13,66,19,True,-25.83377773836515,0.8229504110344985
id,test_id,gom_147_xl_0129,gom,13,67,19,True,-27.670588846879113,0.8814631253596452
id,test_id,gom_147_xl_0129,gom,13,68,19,True,-28.36905170694064,0.9037130767063409
id,test_id,gom_147_xl_0129,gom,13,69,19,True,-23.05428868166418,0.7344081279490088
id,test_id,gom_147_xl_0129,gom,13,70,19,True,-30.389613944033957,0.9680792929205226
id,test_id,gom_147_xl_0129,gom,13,71,19,True,-27.36005905802211,0.8715710135683911
id,test_id,gom_147_xl_0129,gom,13,72,19,True,-28.851304348391658,0.9190755224749751
id,test_id,gom_147_xl_0129,gom,13,73,19,True,-26.30113660224377,0.8378384066278934
id,test_id,gom_147_xl_0129,gom,13,74,19,True,-29.117443753238177,0.9275535520852423
id,test_id,gom_147_xl_0129,gom,13,75,19,True,-20.717961640252977,0.6599830354010833
id,test_id,gom_147_xl_0129,gom,13,76,19,True,-25.622685691202918,0.8162259478631566
id,test_id,gom_147_xl_0129,gom,13,77,19,True,-25.32985589234546,0.8068976798191448
id,test_id,gom_147_xl_0129,gom,13,78,19,True,-25.259323752539885,0.8046508364022823
id,test_id,gom_147_xl_0129,gom,13,79,19,True,-28.297404957781943,0.9014307267431811
id,test_id,gom_147_xl_0129,gom,13,80,19,True,-22.03256295005368,0.701860444861038
id,test_id,gom_147_xl_0129,gom,13,81,19,True,-27.058111486108544,0.8619522934209263
id,test_id,gom_147_xl_0129,gom,13,82,19,True,-27.183346964627543,0.8659417443470391
id,test_id,gom_147_xl_0129,gom,13,83,19,True,-24.390183499283687,0.7769638548114479
id,test_id,gom_147_xl_0129,gom,13,84,19,True,-25.588841536927127,0.8151478221258196
id,test_id,gom_147_xl_0129,gom,13,85,19,True,-28.376945030349795,0.9039645232353686
id,test_id,gom_147_xl_0129,gom,13,86,19,True,-28.424645050119196,0.9054840358391053
id,test_id,gom_147_xl_0129,gom,13,87,19,True,-25.404028217565347,0.809260483515348
id,test_id,gom_147_xl_0129,gom,13,88,19,True,-17.296329194834108,0.5509848913478153
id,test_id,gom_147_xl_0129,gom,13,89,19,True,-21.72824052384822,0.6921660723124629
id,test_id,gom_147_xl_0129,gom,13,90,19,True,-25.780181890025666,0.8212430832922138
id,test_id,gom_147_xl_0129,gom,13,91,19,True,-24.963027158193444,0.7952121315185046
id,test_id,gom_147_xl_0129,gom,13,92,19,True,-28.44135482416707,0.9060163356661097
id,test_id,gom_147_xl_0129,gom,13,93,19,True,-27.63905224675394,0.8804585081372445
id,test_id,gom_147_xl_0129,gom,13,94,19,True,-28.86808987386153,0.9196102354087459
id,test_id,gom_147_xl_0129,gom,13,95,19,True,-29.007079195515807,0.9240378232181327
id,test_id,gom_147_xl_0129,gom,13,96,19,True,-28.511823909256826,0.9082611704373601
id,test_id,gom_147_xl_0129,gom,13,97,19,True,-28.15929754096214,0.8970312325387392
id,test_id,gom_147_xl_0129,gom,13,98,19,True,-25.089053946451525,0.7992267900887191
id,test_id,gom_147_xl_0129,gom,13,99,19,True,-25.785785640898034,0.8214215941213486
id,test_id,f3_043_xl_0491,f3,14,0,16,True,-38.36655197109124,0.9630278647878407
id,test_id,f3_043_xl_0491,f3,14,1,16,True,-37.671539103511776,0.9455825452717833
id,test_id,f3_043_xl_0491,f3,14,2,16,True,-38.57182375650899,0.9681803332546712
id,test_id,f3_043_xl_0491,f3,14,3,16,True,-33.58729353788978,0.8430650636567084
id,test_id,f3_043_xl_0491,f3,14,4,16,True,-36.62084720077034,0.919209427864481
id,test_id,f3_043_xl_0491,f3,14,5,16,True,-36.3283167318376,0.9118667041009811
id,test_id,f3_043_xl_0491,f3,14,6,16,True,-38.588890679982626,0.9686087252270251
id,test_id,f3_043_xl_0491,f3,14,7,16,True,-39.26499357398704,0.9855793908964487
id,test_id,f3_043_xl_0491,f3,14,8,16,True,-39.10242008155246,0.9814986800885461
id,test_id,f3_043_xl_0491,f3,14,9,16,True,-38.24132133816576,0.9598844864325714
id,test_id,f3_043_xl_0491,f3,14,10,16,True,-37.68219991942622,0.9458501393676697
id,test_id,f3_043_xl_0491,f3,14,11,16,True,-37.45771490393827,0.9402154050995208
id,test_id,f3_043_xl_0491,f3,14,12,16,True,-37.73664653328377,0.9472167882739273
id,test_id,f3_043_xl_0491,f3,14,13,16,True,-37.83245966764353,0.9496217663983791
id,test_id,f3_043_xl_0491,f3,14,14,16,True,-35.20940609589415,0.8837812477526251
id,test_id,f3_043_xl_0491,f3,14,15,16,True,-38.306415809628255,0.9615184041718892
id,test_id,f3_043_xl_0491,f3,14,16,16,True,-38.39191304782703,0.9636644459326884
id,test_id,f3_043_xl_0491,f3,14,17,16,True,-38.62222919295983,0.9694455457208717
id,test_id,f3_043_xl_0491,f3,14,18,16,True,-33.58762085827646,0.8430732796322623
id,test_id,f3_043_xl_0491,f3,14,19,16,True,-38.04148252716537,0.9548683895051107
id,test_id,f3_043_xl_0491,f3,14,20,16,True,-38.741665279828304,0.9724434768302982
id,test_id,f3_043_xl_0491,f3,14,21,16,True,-37.64311601064648,0.9448691053344817
id,test_id,f3_043_xl_0491,f3,14,22,16,True,-38.183619786202115,0.9584361362544175
id,test_id,f3_043_xl_0491,f3,14,23,16,True,-38.49713182920766,0.9663055125170639
id,test_id,f3_043_xl_0491,f3,14,24,16,True,-37.01958612082362,0.9292180596298807
id,test_id,f3_043_xl_0491,f3,14,25,16,True,-37.567503397061486,0.9429711747133861
id,test_id,f3_043_xl_0491,f3,14,26,16,True,-38.791973570836305,0.9737062508764796
id,test_id,f3_043_xl_0491,f3,14,27,16,True,-35.30689861989088,0.8862283797567749
id,test_id,f3_043_xl_0491,f3,14,28,16,True,-36.74060720213818,0.9222154894592564
id,test_id,f3_043_xl_0491,f3,14,29,16,True,-38.35457856771015,0.9627273238087866
id,test_id,f3_043_xl_0491,f3,14,30,16,True,-38.02546800552925,0.9544664135707488
id,test_id,f3_043_xl_0491,f3,14,31,16,True,-36.80137668962154,0.9237408470107884
id,test_id,f3_043_xl_0491,f3,14,32,16,True,-36.563119214430266,0.9177604141645931
id,test_id,f3_043_xl_0491,f3,14,33,16,True,-38.61001801584295,0.9691390364511757
id,test_id,f3_043_xl_0491,f3,14,34,16,True,-37.348166406292364,0.9374656595435964
id,test_id,f3_043_xl_0491,f3,14,35,16,True,-37.9374456514852,0.9522569895982086
id,test_id,f3_043_xl_0491,f3,14,36,16,True,-33.97667343080522,0.8528387771545547
id,test_id,f3_043_xl_0491,f3,14,37,16,True,-36.80123843425163,0.9237373767022298
id,test_id,f3_043_xl_0491,f3,14,38,16,True,-37.264281223248666,0.9353600815188944
id,test_id,f3_043_xl_0491,f3,14,39,16,True,-36.604812858220825,0.9188069544110318
id,test_id,f3_043_xl_0491,f3,14,40,16,True,-37.48952310299245,0.9410138136205937
id,test_id,f3_043_xl_0491,f3,14,41,16,True,-36.423916040990605,0.9142663150599794
id,test_id,f3_043_xl_0491,f3,14,42,16,True,-38.00301883599728,0.953902923377079
id,test_id,f3_043_xl_0491,f3,14,43,16,True,-37.72941558005802,0.9470352861819323
id,test_id,f3_043_xl_0491,f3,14,44,16,True,-38.75695555045543,0.9728272735469057
id,test_id,f3_043_xl_0491,f3,14,45,16,True,-39.06677733688093,0.9806040217329541
id,test_id,f3_043_xl_0491,f3,14,46,16,True,-38.15411745795341,0.9576956067379515
id,test_id,f3_043_xl_0491,f3,14,47,16,True,-35.8702891827053,0.9003698853879716
id,test_id,f3_043_xl_0491,f3,14,48,16,True,-38.31171069828343,0.9616513096599749
id,test_id,f3_043_xl_0491,f3,14,49,16,True,-37.626425083013046,0.9444501511263405
id,test_id,f3_043_xl_0491,f3,14,50,16,True,-38.46937167118165,0.9656087127178506
id,test_id,f3_043_xl_0491,f3,14,51,16,True,-36.76269456770687,0.9227698981149633
id,test_id,f3_043_xl_0491,f3,14,52,16,True,-38.57212868760305,0.9681879872429847
id,test_id,f3_043_xl_0491,f3,14,53,16,True,-37.397444132244004,0.9387025656705938
id,test_id,f3_043_xl_0491,f3,14,54,16,True,-35.04731333286267,0.8797126035961894
id,test_id,f3_043_xl_0491,f3,14,55,16,True,-35.84132682024074,0.8996429093984567
id,test_id,f3_043_xl_0491,f3,14,56,16,True,-37.19817950451167,0.9337008811533768
id,test_id,f3_043_xl_0491,f3,14,57,16,True,-37.42771416800804,0.9394623651941694
id,test_id,f3_043_xl_0491,f3,14,58,16,True,-37.55428016846982,0.9426392622286306
id,test_id,f3_043_xl_0491,f3,14,59,16,True,-37.86514126968041,0.9504420979583046
id,test_id,f3_043_xl_0491,f3,14,60,16,True,-38.43727566219472,0.9648030799618456
id,test_id,f3_043_xl_0491,f3,14,61,16,True,-38.8169007649645,0.9743319412578955
id,test_id,f3_043_xl_0491,f3,14,62,16,True,-38.142634666350034,0.9574073804650266
id,test_id,f3_043_xl_0491,f3,14,63,16,True,-39.010063717104515,0.97918046935851
id,test_id,f3_043_xl_0491,f3,14,64,16,True,-37.44201159858747,0.9398212409162632
id,test_id,f3_043_xl_0491,f3,14,65,16,True,-35.76042863799586,0.8976123072278162
id,test_id,f3_043_xl_0491,f3,14,66,16,True,-37.04249171095563,0.929793006306693
id,test_id,f3_043_xl_0491,f3,14,67,16,True,-39.036346099816875,0.97984017594158
id,test_id,f3_043_xl_0491,f3,14,68,16,True,-37.9048084455926,0.951437772413222
id,test_id,f3_043_xl_0491,f3,14,69,16,True,-38.80384722401664,0.9740042880542302
id,test_id,f3_043_xl_0491,f3,14,70,16,True,-37.359502149453846,0.9377501947955734
id,test_id,f3_043_xl_0491,f3,14,71,16,True,-35.937321250201606,0.9020524381720197
id,test_id,f3_043_xl_0491,f3,14,72,16,True,-38.36368011938274,0.9629557792582133
id,test_id,f3_043_xl_0491,f3,14,73,16,True,-38.775145848361475,0.9732838630200886
id,test_id,f3_043_xl_0491,f3,14,74,16,True,-38.65155465572188,0.970181635787264
id,test_id,f3_043_xl_0491,f3,14,75,16,True,-38.259769094904,0.9603475383063794
id,test_id,f3_043_xl_0491,f3,14,76,16,True,-38.350600736588035,0.9626274774057295
id,test_id,f3_043_xl_0491,f3,14,77,16,True,-34.072632135011446,0.8552474091861525
id,test_id,f3_043_xl_0491,f3,14,78,16,True,-36.14154494353063,0.907178598778632
id,test_id,f3_043_xl_0491,f3,14,79,16,True,-38.78473642763825,0.9735245934117575
id,test_id,f3_043_xl_0491,f3,14,80,16,True,-36.150173339531,0.9073951776826481
id,test_id,f3_043_xl_0491,f3,14,81,16,True,-38.18710275382928,0.9585235612302048
id,test_id,f3_043_xl_0491,f3,14,82,16,True,-37.16636016705118,0.932902193050348
id,test_id,f3_043_xl_0491,f3,14,83,16,True,-37.219638879882396,0.9342395268064579
id,test_id,f3_043_xl_0491,f3,14,84,16,True,-36.200139564945516,0.9086493656380502
id,test_id,f3_043_xl_0491,f3,14,85,16,True,-36.97555178024382,0.9281127662217615
id,test_id,f3_043_xl_0491,f3,14,86,16,True,-37.537730803728685,0.9422238613502233
id,test_id,f3_043_xl_0491,f3,14,87,16,True,-38.11909478773287,0.9568165126940799
id,test_id,f3_043_xl_0491,f3,14,88,16,True,-37.65241880229867,0.9451026120511686
id,test_id,f3_043_xl_0491,f3,14,89,16,True,-37.803601594913,0.9488974081556961
id,test_id,f3_043_xl_0491,f3,14,90,16,True,-36.44615254094589,0.9148244670953364
id,test_id,f3_043_xl_0491,f3,14,91,16,True,-37.96531743999613,0.9529565914023461
id,test_id,f3_043_xl_0491,f3,14,92,16,True,-37.66630213907482,0.945451093722958
id,test_id,f3_043_xl_0491,f3,14,93,16,True,-38.17661846767676,0.9582603981574614
id,test_id,f3_043_xl_0491,f3,14,94,16,True,-30.29773959782615,0.7604949095967107
id,test_id,f3_043_xl_0491,f3,14,95,16,True,-38.745628413816675,0.9725429543247982
id,test_id,f3_043_xl_0491,f3,14,96,16,True,-37.90170278005246,0.9513598179893762
id,test_id,f3_043_xl_0491,f3,14,97,16,True,-36.43177731935695,0.9144636387633275
id,test_id,f3_043_xl_0491,f3,14,98,16,True,-36.802145389233516,0.9237601419202334
id,test_id,f3_043_xl_0491,f3,14,99,16,True,-36.436293022725124,0.9145769861440343
id,test_id,fault_003_il_0761,fault,15,0,16,True,-47.75024443067073,0.9206850741165453
id,test_id,fault_003_il_0761,fault,15,1,16,True,-35.81919140712845,0.6906392896762718
id,test_id,fault_003_il_0761,fault,15,2,16,True,-47.95450744296731,0.9246235232042475
id,test_id,fault_003_il_0761,fault,15,3,16,True,-49.826975880161484,0.9607270816767504
id,test_id,fault_003_il_0761,fault,15,4,16,True,-41.18761473315536,0.794149277672005
id,test_id,fault_003_il_0761,fault,15,5,16,True,-39.71110238363261,0.7656802531012916
id,test_id,fault_003_il_0761,fault,15,6,16,True,-49.17789875066948,0.9482120541161821
id,test_id,fault_003_il_0761,fault,15,7,16,True,-50.12077795794123,0.9663919571340682
id,test_id,fault_003_il_0761,fault,15,8,16,True,-44.879223109642375,0.8653281537644611
id,test_id,fault_003_il_0761,fault,15,9,16,True,-47.032522686511726,0.9068464916109515
id,test_id,fault_003_il_0761,fault,15,10,16,True,-49.78216421369589,0.9598630561004817
id,test_id,fault_003_il_0761,fault,15,11,16,True,-48.0059358328093,0.9256151275714697
id,test_id,fault_003_il_0761,fault,15,12,16,True,-44.110886655355365,0.8505136556651111
id,test_id,fault_003_il_0761,fault,15,13,16,True,-43.58450448936148,0.840364342100542
id,test_id,fault_003_il_0761,fault,15,14,16,True,-44.70070600321792,0.8618861182875934
id,test_id,fault_003_il_0761,fault,15,15,16,True,-48.68495812592949,0.9387075357407269
id,test_id,fault_003_il_0761,fault,15,16,16,True,-47.8273466110131,0.922171701619073
id,test_id,fault_003_il_0761,fault,15,17,16,True,-35.06559565118805,0.6761090108748868
id,test_id,fault_003_il_0761,fault,15,18,16,True,-47.81998314901903,0.9220297247636121
id,test_id,fault_003_il_0761,fault,15,19,16,True,-49.039393606635386,0.9455414998536654
id,test_id,fault_003_il_0761,fault,15,20,16,True,-49.299474489031724,0.9505561880367394
id,test_id,fault_003_il_0761,fault,15,21,16,True,-42.397515903892156,0.8174777016902497
id,test_id,fault_003_il_0761,fault,15,22,16,True,-46.14188124466606,0.889673798744688
id,test_id,fault_003_il_0761,fault,15,23,16,True,-42.3284316944613,0.8161456708024815
id,test_id,fault_003_il_0761,fault,15,24,16,True,-35.42026516029493,0.682947487351234
id,test_id,fault_003_il_0761,fault,15,25,16,True,-46.47647736977106,0.8961252350025417
id,test_id,fault_003_il_0761,fault,15,26,16,True,-45.26801473979994,0.8728245478687309
id,test_id,fault_003_il_0761,fault,15,27,16,True,-15.874077801313637,0.3060722865671195
id,test_id,fault_003_il_0761,fault,15,28,16,True,-41.722843594046005,0.8044691666973667
id,test_id,fault_003_il_0761,fault,15,29,16,True,-35.70695539123365,0.6884752374113103
id,test_id,fault_003_il_0761,fault,15,30,16,True,-24.95699786939899,0.4812024672769056
id,test_id,fault_003_il_0761,fault,15,31,16,True,-40.21311829256443,0.77535975442811
id,test_id,fault_003_il_0761,fault,15,32,16,True,-50.350160739444746,0.9708147471261956
id,test_id,fault_003_il_0761,fault,15,33,16,True,-48.031089719018546,0.926100126294827
id,test_id,fault_003_il_0761,fault,15,34,16,True,-50.25665309936376,0.9690118016216255
id,test_id,fault_003_il_0761,fault,15,35,16,True,-46.05919503156876,0.8880795040318215
id,test_id,fault_003_il_0761,fault,15,36,16,True,-49.178978277160866,0.9482328687515748
id,test_id,fault_003_il_0761,fault,15,37,16,True,-35.72703284800801,0.6888623561580053
id,test_id,fault_003_il_0761,fault,15,38,16,True,-48.34398313130826,0.9321331068150168
id,test_id,fault_003_il_0761,fault,15,39,16,True,-35.71616824406393,0.6886528728599244
id,test_id,fault_003_il_0761,fault,15,40,16,True,-37.85594167419683,0.7299104094988181
id,test_id,fault_003_il_0761,fault,15,41,16,True,-40.51584333133455,0.7811966758529139
id,test_id,fault_003_il_0761,fault,15,42,16,True,-49.84062644408091,0.9609902818049114
id,test_id,fault_003_il_0761,fault,15,43,16,True,-44.19805724037601,0.8521944147373925
id,test_id,fault_003_il_0761,fault,15,44,16,True,-42.77413529596562,0.8247393996572272
id,test_id,fault_003_il_0761,fault,15,45,16,True,-46.521147713136784,0.8969865356907966
id,test_id,fault_003_il_0761,fault,15,46,16,True,-47.13632790663341,0.9088479874759665
id,test_id,fault_003_il_0761,fault,15,47,16,True,-49.257258224793304,0.9497422050962809
id,test_id,fault_003_il_0761,fault,15,48,16,True,-48.13183580628072,0.9280426382112341
id,test_id,fault_003_il_0761,fault,15,49,16,True,-49.26979174779576,0.949983867263502
id,test_id,fault_003_il_0761,fault,15,50,16,True,-45.022709522460985,0.8680947531860085
id,test_id,fault_003_il_0761,fault,15,51,16,True,-49.15473704074,0.9477654670698261
id,test_id,fault_003_il_0761,fault,15,52,16,True,-44.64037317864863,0.8607228251626571
id,test_id,fault_003_il_0761,fault,15,53,16,True,-49.59113603202866,0.9561797912775759
id,test_id,fault_003_il_0761,fault,15,54,16,True,-40.34455688778415,0.7778940566966008
id,test_id,fault_003_il_0761,fault,15,55,16,True,-44.3610534425726,0.855337187560639
id,test_id,fault_003_il_0761,fault,15,56,16,True,-44.895444950255076,0.8656409313576416
id,test_id,fault_003_il_0761,fault,15,57,16,True,-39.08366740524844,0.7535825135721115
id,test_id,fault_003_il_0761,fault,15,58,16,True,-49.470088567086975,0.9538458431363627
id,test_id,fault_003_il_0761,fault,15,59,16,True,-49.52499770940261,0.9549045608113254
id,test_id,fault_003_il_0761,fault,15,60,16,True,-45.46504170423737,0.876623476806559
id,test_id,fault_003_il_0761,fault,15,61,16,True,-49.078215054934596,0.9462900264513994
id,test_id,fault_003_il_0761,fault,15,62,16,True,-28.35378658008278,0.5466968475286091
id,test_id,fault_003_il_0761,fault,15,63,16,True,-17.86436026578866,0.34444744841531827
id,test_id,fault_003_il_0761,fault,15,64,16,True,-46.8219207410664,0.9027858198790419
id,test_id,fault_003_il_0761,fault,15,65,16,True,-50.27533667915781,0.9693720446581281
id,test_id,fault_003_il_0761,fault,15,66,16,True,-49.91966915846626,0.9625143252568338
id,test_id,fault_003_il_0761,fault,15,67,16,True,-49.069895745061714,0.9461296196405393
id,test_id,fault_003_il_0761,fault,15,68,16,True,-50.11362279535133,0.9662539965544326
id,test_id,fault_003_il_0761,fault,15,69,16,True,-36.45245514165575,0.7028494149920722
id,test_id,fault_003_il_0761,fault,15,70,16,True,-30.71265113854487,0.5921787380766627
id,test_id,fault_003_il_0761,fault,15,71,16,True,-46.546757038390396,0.8974803158546537
id,test_id,fault_003_il_0761,fault,15,72,16,True,-50.60636455138618,0.975754680489861
id,test_id,fault_003_il_0761,fault,15,73,16,True,-37.83511184500566,0.7295087840608466
id,test_id,fault_003_il_0761,fault,15,74,16,True,-50.27941241088128,0.9694506299179236
id,test_id,fault_003_il_0761,fault,15,75,16,True,-39.69684443208913,0.7654053417719344
id,test_id,fault_003_il_0761,fault,15,76,16,True,-47.886302735415,0.9233084502244839
id,test_id,fault_003_il_0761,fault,15,77,16,True,-36.26012793898484,0.6991411034021117
id,test_id,fault_003_il_0761,fault,15,78,16,True,-49.36117052069753,0.9517457655177382
id,test_id,fault_003_il_0761,fault,15,79,16,True,-48.086030846663945,0.9271594606873806
id,test_id,fault_003_il_0761,fault,15,80,16,True,-48.577685596383546,0.936639185766957
id,test_id,fault_003_il_0761,fault,15,81,16,True,-44.526711856877675,0.8585312911986623
id,test_id,fault_003_il_0761,fault,15,82,16,True,-49.909557612003624,0.9623193618589414
id,test_id,fault_003_il_0761,fault,15,83,16,True,-48.03415704182481,0.9261592681559607
id,test_id,fault_003_il_0761,fault,15,84,16,True,-27.778864308872528,0.5356116193755054
id,test_id,fault_003_il_0761,fault,15,85,16,True,-17.482334707239737,0.33708151272471265
id,test_id,fault_003_il_0761,fault,15,86,16,True,-32.19016418727036,0.6206670573929975
id,test_id,fault_003_il_0761,fault,15,87,16,True,-44.72595596991003,0.8623729695641169
id,test_id,fault_003_il_0761,fault,15,88,16,True,-48.42640145340178,0.9337222362506868
id,test_id,fault_003_il_0761,fault,15,89,16,True,-37.32919895405526,0.7197541439945018
id,test_id,fault_003_il_0761,fault,15,90,16,True,-48.97054042432356,0.9442139234607954
id,test_id,fault_003_il_0761,fault,15,91,16,True,-46.27535976456731,0.8922474333397248
id,test_id,fault_003_il_0761,fault,15,92,16,True,-50.18773603668078,0.967682993534448
id,test_id,fault_003_il_0761,fault,15,93,16,True,-39.06450498195028,0.7532130378275395
id,test_id,fault_003_il_0761,fault,15,94,16,True,-48.88484323506785,0.9425615733213939
id,test_id,fault_003_il_0761,fault,15,95,16,True,-45.476636681720414,0.8768470426297424
id,test_id,fault_003_il_0761,fault,15,96,16,True,-29.215599425673528,0.5633136886166029
id,test_id,fault_003_il_0761,fault,15,97,16,True,-48.00659869228073,0.9256279083400052
id,test_id,fault_003_il_0761,fault,15,98,16,True,-26.948228254080526,0.5195959062249602
id,test_id,fault_003_il_0761,fault,15,99,16,True,-50.18864024889274,0.9677004278889169
id,test_id,f3_050_xl_0766,f3,16,0,8,True,-76.27720525738711,0.7381944201395944
id,test_id,f3_050_xl_0766,f3,16,1,8,True,-73.13744278969571,0.7078084729042105
id,test_id,f3_050_xl_0766,f3,16,2,8,True,-88.94400037828498,0.8607809444851847
id,test_id,f3_050_xl_0766,f3,16,3,8,True,-90.6425686898553,0.8772193240193604
id,test_id,f3_050_xl_0766,f3,16,4,8,True,-75.91299024380973,0.734669625414268
id,test_id,f3_050_xl_0766,f3,16,5,8,True,-87.16525898114051,0.8435666670373858
id,test_id,f3_050_xl_0766,f3,16,6,8,True,-75.68530803723667,0.732466165889366
id,test_id,f3_050_xl_0766,f3,16,7,8,True,-41.980789647367615,0.406281071339325
id,test_id,f3_050_xl_0766,f3,16,8,8,True,-72.13894524809749,0.6981452280167804
id,test_id,f3_050_xl_0766,f3,16,9,8,True,-71.14707120129955,0.6885460838903429
id,test_id,f3_050_xl_0766,f3,16,10,8,True,-72.93350163632667,0.7058347741963745
id,test_id,f3_050_xl_0766,f3,16,11,8,True,-76.90178690639607,0.7442389872768437
id,test_id,f3_050_xl_0766,f3,16,12,8,True,-93.04668662858724,0.900485861404165
id,test_id,f3_050_xl_0766,f3,16,13,8,True,-76.31710359745878,0.7385805477109229
id,test_id,f3_050_xl_0766,f3,16,14,8,True,-92.387267519242,0.894104144803386
id,test_id,f3_050_xl_0766,f3,16,15,8,True,-67.03916486722915,0.6487906481211072
id,test_id,f3_050_xl_0766,f3,16,16,8,True,-74.0868962310159,0.7169970795161057
id,test_id,f3_050_xl_0766,f3,16,17,8,True,-71.22211868893409,0.6892723773672782
id,test_id,f3_050_xl_0766,f3,16,18,8,True,-44.70227215404461,0.4326189948927305
id,test_id,f3_050_xl_0766,f3,16,19,8,True,-89.25545636135809,0.8637951486376289
id,test_id,f3_050_xl_0766,f3,16,20,8,True,-64.26262141332397,0.6219198565388551
id,test_id,f3_050_xl_0766,f3,16,21,8,True,-67.1126261524437,0.6495015906714887
id,test_id,f3_050_xl_0766,f3,16,22,8,True,-72.757180397376,0.7041283750918678
id,test_id,f3_050_xl_0766,f3,16,23,8,True,-63.69072370475985,0.6163851532690106
id,test_id,f3_050_xl_0766,f3,16,24,8,True,-89.2430675965405,0.8636752528308816
id,test_id,f3_050_xl_0766,f3,16,25,8,True,-75.88738735454672,0.7344218461474524
id,test_id,f3_050_xl_0766,f3,16,26,8,True,-99.01184751701362,0.9582154081044202
id,test_id,f3_050_xl_0766,f3,16,27,8,True,-77.3595086068753,0.748668719647483
id,test_id,f3_050_xl_0766,f3,16,28,8,True,-87.74492389777548,0.8491765396797657
id,test_id,f3_050_xl_0766,f3,16,29,8,True,-41.09259709691733,0.39768533448006915
id,test_id,f3_050_xl_0766,f3,16,30,8,True,-79.28255755452558,0.7672795745945223
id,test_id,f3_050_xl_0766,f3,16,31,8,True,-82.35712770056764,0.7970346045340364
id,test_id,f3_050_xl_0766,f3,16,32,8,True,-70.28368157709849,0.6801903844275613
id,test_id,f3_050_xl_0766,f3,16,33,8,True,-82.76545990613555,0.8009863559740164
id,test_id,f3_050_xl_0766,f3,16,34,8,True,-36.594063130531765,0.3541494883306368
id,test_id,f3_050_xl_0766,f3,16,35,8,True,-92.33665772667209,0.8936143540939143
id,test_id,f3_050_xl_0766,f3,16,36,8,True,-101.8551867096847,0.9857326345092348
id,test_id,f3_050_xl_0766,f3,16,37,8,True,-79.26344225696197,0.7670945808476597
id,test_id,f3_050_xl_0766,f3,16,38,8,True,-75.8350798421628,0.7339156252700241
id,test_id,f3_050_xl_0766,f3,16,39,8,True,-71.40651208856909,0.6910568971102582
id,test_id,f3_050_xl_0766,f3,16,40,8,True,-64.94208210854319,0.6284955313059429
id,test_id,f3_050_xl_0766,f3,16,41,8,True,-75.6400260856218,0.732027936881075
id,test_id,f3_050_xl_0766,f3,16,42,8,True,-90.6833441717912,0.8776139403813784
id,test_id,f3_050_xl_0766,f3,16,43,8,True,-91.54189739838826,0.8859228342262455
id,test_id,f3_050_xl_0766,f3,16,44,8,True,-90.9086293616195,0.8797942020927266
id,test_id,f3_050_xl_0766,f3,16,45,8,True,-67.88598433701907,0.6569859851861598
id,test_id,f3_050_xl_0766,f3,16,46,8,True,-71.57298415654695,0.692667978052142
id,test_id,f3_050_xl_0766,f3,16,47,8,True,-83.37534519690736,0.8068886949107118
id,test_id,f3_050_xl_0766,f3,16,48,8,True,-89.05402390027032,0.8618457285152183
id,test_id,f3_050_xl_0766,f3,16,49,8,True,-76.43127080854515,0.7396854334746639
id,test_id,f3_050_xl_0766,f3,16,50,8,True,-37.138238694546814,0.35941590263588996
id,test_id,f3_050_xl_0766,f3,16,51,8,True,-93.8676058516896,0.9084305414410726
id,test_id,f3_050_xl_0766,f3,16,52,8,True,-82.97721212289198,0.8030356484767285
id,test_id,f3_050_xl_0766,f3,16,53,8,True,-92.66313555512636,0.8967739364416293
id,test_id,f3_050_xl_0766,f3,16,54,8,True,-51.38509273452864,0.4972938980523424
id,test_id,f3_050_xl_0766,f3,16,55,8,True,-45.61578347755693,0.4414597614031922
id,test_id,f3_050_xl_0766,f3,16,56,8,True,-91.32908458758764,0.8838632775220229
id,test_id,f3_050_xl_0766,f3,16,57,8,True,-88.29939950877841,0.8545426356289383
id,test_id,f3_050_xl_0766,f3,16,58,8,True,-98.89262478284427,0.9570615960734126
id,test_id,f3_050_xl_0766,f3,16,59,8,True,-44.20628532164543,0.42781894078869875
id,test_id,f3_050_xl_0766,f3,16,60,8,True,-77.51463737500336,0.7501700225681769
id,test_id,f3_050_xl_0766,f3,16,61,8,True,-78.69121681897742,0.7615567058828293
id,test_id,f3_050_xl_0766,f3,16,62,8,True,-95.80230553064645,0.927154149664953
id,test_id,f3_050_xl_0766,f3,16,63,8,True,-77.99964069039106,0.7548637805521026
id,test_id,f3_050_xl_0766,f3,16,64,8,True,-36.00928819435672,0.34849016201597627
id,test_id,f3_050_xl_0766,f3,16,65,8,True,-41.94809277478892,0.4059646380246518
id,test_id,f3_050_xl_0766,f3,16,66,8,True,-90.26177234214802,0.8735340587013861
id,test_id,f3_050_xl_0766,f3,16,67,8,True,-87.29240002070955,0.8447971107284458
id,test_id,f3_050_xl_0766,f3,16,68,8,True,-92.72194889726278,0.8973431193429736
id,test_id,f3_050_xl_0766,f3,16,69,8,True,-99.13233633554049,0.9593814730280841
id,test_id,f3_050_xl_0766,f3,16,70,8,True,-36.291895004266536,0.351225170062809
id,test_id,f3_050_xl_0766,f3,16,71,8,True,-85.62121242360757,0.8286237158718255
id,test_id,f3_050_xl_0766,f3,16,72,8,True,-71.80920625770565,0.6949540848438186
id,test_id,f3_050_xl_0766,f3,16,73,8,True,-44.05546343079597,0.42635931890186785
id,test_id,f3_050_xl_0766,f3,16,74,8,True,-98.17514678991438,0.9501179980592145
id,test_id,f3_050_xl_0766,f3,16,75,8,True,-63.88931280202756,0.6183070559266775
id,test_id,f3_050_xl_0766,f3,16,76,8,True,-87.31097704794693,0.8449768952106266
id,test_id,f3_050_xl_0766,f3,16,77,8,True,-97.83144899441055,0.9467917645665336
id,test_id,f3_050_xl_0766,f3,16,78,8,True,-74.64993859887878,0.722446082699377
id,test_id,f3_050_xl_0766,f3,16,79,8,True,-89.39704478207571,0.8651654109824204
id,test_id,f3_050_xl_0766,f3,16,80,8,True,-71.3631229764085,0.690636986595922
id,test_id,f3_050_xl_0766,f3,16,81,8,True,-77.00947220394644,0.7452811424726785
id,test_id,f3_050_xl_0766,f3,16,82,8,True,-93.50100319148184,0.9048826395841485
id,test_id,f3_050_xl_0766,f3,16,83,8,True,-53.078111733814055,0.5136785725333436
id,test_id,f3_050_xl_0766,f3,16,84,8,True,-72.22300626999491,0.6989587525436232
id,test_id,f3_050_xl_0766,f3,16,85,8,True,-97.9822996911005,0.9482516652301056
id,test_id,f3_050_xl_0766,f3,16,86,8,True,-75.16068938266872,0.7273890191559951
id,test_id,f3_050_xl_0766,f3,16,87,8,True,-36.20912494680422,0.3504241392126731
id,test_id,f3_050_xl_0766,f3,16,88,8,True,-67.48708322238159,0.6531255058198899
id,test_id,f3_050_xl_0766,f3,16,89,8,True,-88.32725771330482,0.8548122413527858
id,test_id,f3_050_xl_0766,f3,16,90,8,True,-102.5750503031526,0.9926993198533881
id,test_id,f3_050_xl_0766,f3,16,91,8,True,-71.79927476420819,0.6948579699814724
id,test_id,f3_050_xl_0766,f3,16,92,8,True,-87.39602985891524,0.8458000180592172
id,test_id,f3_050_xl_0766,f3,16,93,8,True,-64.02360806993177,0.6196067367039623
id,test_id,f3_050_xl_0766,f3,16,94,8,True,-69.37562763073183,0.6714024332417292
id,test_id,f3_050_xl_0766,f3,16,95,8,True,-69.35532728902947,0.6712059708920528
id,test_id,f3_050_xl_0766,f3,16,96,8,True,-83.56167411853383,0.8086919462200793
id,test_id,f3_050_xl_0766,f3,16,97,8,True,-92.47380797926363,0.8949416648002018
id,test_id,f3_050_xl_0766,f3,16,98,8,True,-66.98372862715232,0.648254148088625
id,test_id,f3_050_xl_0766,f3,16,99,8,True,-93.2707590256312,0.9026543859672637
id,test_id,f3_047_il_0782,f3,17,0,23,True,-6.811672179216018,0.9736459044889656
id,test_id,f3_047_il_0782,f3,17,1,23,True,-6.598889451074848,0.9432311948039082
id,test_id,f3_047_il_0782,f3,17,2,23,True,-6.855861250490437,0.9799621961626587
id,test_id,f3_047_il_0782,f3,17,3,23,True,-6.833514241870592,0.9767679623757364
id,test_id,f3_047_il_0782,f3,17,4,23,True,-6.8301792185618115,0.9762912612514696
id,test_id,f3_047_il_0782,f3,17,5,23,True,-6.762240142308146,0.9665801944812598
id,test_id,f3_047_il_0782,f3,17,6,23,True,-6.899199325147515,0.9861568481934848
id,test_id,f3_047_il_0782,f3,17,7,23,True,-6.899199325147515,0.9861568481934848
id,test_id,f3_047_il_0782,f3,17,8,23,True,-6.939281807668399,0.991886152822572
id,test_id,f3_047_il_0782,f3,17,9,23,True,-6.833514241870592,0.9767679623757364
id,test_id,f3_047_il_0782,f3,17,10,23,True,-6.934125747521298,0.9911491565735688
id,test_id,f3_047_il_0782,f3,17,11,23,True,-6.811672179216018,0.9736459044889656
id,test_id,f3_047_il_0782,f3,17,12,23,True,-6.763258959634149,0.9667258220585694
id,test_id,f3_047_il_0782,f3,17,13,23,True,-6.833514241870592,0.9767679623757364
id,test_id,f3_047_il_0782,f3,17,14,23,True,-6.763258959634149,0.9667258220585694
id,test_id,f3_047_il_0782,f3,17,15,23,True,-6.951036750864617,0.9935663793512975
id,test_id,f3_047_il_0782,f3,17,16,23,True,-6.899199325147515,0.9861568481934848
id,test_id,f3_047_il_0782,f3,17,17,23,True,-6.951036750864617,0.9935663793512975
id,test_id,f3_047_il_0782,f3,17,18,23,True,-6.762240142308146,0.9665801944812598
id,test_id,f3_047_il_0782,f3,17,19,23,True,-6.906182529326527,0.987155012516461
id,test_id,f3_047_il_0782,f3,17,20,23,True,-6.845946912616,0.9785450618359924
id,test_id,f3_047_il_0782,f3,17,21,23,True,-6.855861250490437,0.9799621961626587
id,test_id,f3_047_il_0782,f3,17,22,23,True,-6.816522469702802,0.9743391946743697
id,test_id,f3_047_il_0782,f3,17,23,23,True,-6.598889451074848,0.9432311948039082
id,test_id,f3_047_il_0782,f3,17,24,23,True,-6.598889451074848,0.9432311948039082
id,test_id,f3_047_il_0782,f3,17,25,23,True,-6.783891189309321,0.9696749489976196
id,test_id,f3_047_il_0782,f3,17,26,23,True,-6.638131528249937,0.9488403736839113
id,test_id,f3_047_il_0782,f3,17,27,23,True,-6.950402758730473,0.9934757578667855
id,test_id,f3_047_il_0782,f3,17,28,23,True,-6.853046781346018,0.9795599019412581
id,test_id,f3_047_il_0782,f3,17,29,23,True,-6.853046781346018,0.9795599019412581
id,test_id,f3_047_il_0782,f3,17,30,23,True,-6.950402758730473,0.9934757578667855
id,test_id,f3_047_il_0782,f3,17,31,23,True,-6.8301792185618115,0.9762912612514696
id,test_id,f3_047_il_0782,f3,17,32,23,True,-6.9517170982568075,0.9936636267576037
id,test_id,f3_047_il_0782,f3,17,33,23,True,-6.8615519620553735,0.9807756143458963
id,test_id,f3_047_il_0782,f3,17,34,23,True,-6.899199325147515,0.9861568481934848
id,test_id,f3_047_il_0782,f3,17,35,23,True,-6.8615519620553735,0.9807756143458963
id,test_id,f3_047_il_0782,f3,17,36,23,True,-6.950402758730473,0.9934757578667855
id,test_id,f3_047_il_0782,f3,17,37,23,True,-6.8301792185618115,0.9762912612514696
id,test_id,f3_047_il_0782,f3,17,38,23,True,-6.934125747521298,0.9911491565735688
id,test_id,f3_047_il_0782,f3,17,39,23,True,-6.9517170982568075,0.9936636267576037
id,test_id,f3_047_il_0782,f3,17,40,23,True,-6.808182030970496,0.9731470301368381
id,test_id,f3_047_il_0782,f3,17,41,23,True,-6.9517170982568075,0.9936636267576037
id,test_id,f3_047_il_0782,f3,17,42,23,True,-6.8301792185618115,0.9762912612514696
id,test_id,f3_047_il_0782,f3,17,43,23,True,-6.939281807668399,0.991886152822572
id,test_id,f3_047_il_0782,f3,17,44,23,True,-6.763258959634149,0.9667258220585694
id,test_id,f3_047_il_0782,f3,17,45,23,True,-6.906182529326527,0.987155012516461
id,test_id,f3_047_il_0782,f3,17,46,23,True,-6.5990791668598625,0.943258312373902
id,test_id,f3_047_il_0782,f3,17,47,23,True,-6.811672179216018,0.9736459044889656
id,test_id,f3_047_il_0782,f3,17,48,23,True,-6.853046781346018,0.9795599019412581
id,test_id,f3_047_il_0782,f3,17,49,23,True,-6.808182030970496,0.9731470301368381
id,test_id,f3_047_il_0782,f3,17,50,23,True,-6.5990791668598625,0.943258312373902
id,test_id,f3_047_il_0782,f3,17,51,23,True,-6.899199325147515,0.9861568481934848
id,test_id,f3_047_il_0782,f3,17,52,23,True,-6.899199325147515,0.9861568481934848
id,test_id,f3_047_il_0782,f3,17,53,23,True,-6.783891189309321,0.9696749489976196
id,test_id,f3_047_il_0782,f3,17,54,23,True,-6.9517170982568075,0.9936636267576037
id,test_id,f3_047_il_0782,f3,17,55,23,True,-6.845946912616,0.9785450618359924
id,test_id,f3_047_il_0782,f3,17,56,23,True,-6.874262413181474,0.9825924191417724
id,test_id,f3_047_il_0782,f3,17,57,23,True,-6.855861250490437,0.9799621961626587
id,test_id,f3_047_il_0782,f3,17,58,23,True,-6.939281807668399,0.991886152822572
id,test_id,f3_047_il_0782,f3,17,59,23,True,-6.939281807668399,0.991886152822572
id,test_id,f3_047_il_0782,f3,17,60,23,True,-6.8615519620553735,0.9807756143458963
id,test_id,f3_047_il_0782,f3,17,61,23,True,-6.853046781346018,0.9795599019412581
id,test_id,f3_047_il_0782,f3,17,62,23,True,-6.833514241870592,0.9767679623757364
id,test_id,f3_047_il_0782,f3,17,63,23,True,-6.783891189309321,0.9696749489976196
id,test_id,f3_047_il_0782,f3,17,64,23,True,-6.638131528249937,0.9488403736839113
id,test_id,f3_047_il_0782,f3,17,65,23,True,-6.845946912616,0.9785450618359924
id,test_id,f3_047_il_0782,f3,17,66,23,True,-6.762240142308146,0.9665801944812598
id,test_id,f3_047_il_0782,f3,17,67,23,True,-6.833514241870592,0.9767679623757364
id,test_id,f3_047_il_0782,f3,17,68,23,True,-6.899199325147515,0.9861568481934848
id,test_id,f3_047_il_0782,f3,17,69,23,True,-6.855861250490437,0.9799621961626587
id,test_id,f3_047_il_0782,f3,17,70,23,True,-6.950402758730473,0.9934757578667855
id,test_id,f3_047_il_0782,f3,17,71,23,True,-6.8301792185618115,0.9762912612514696
id,test_id,f3_047_il_0782,f3,17,72,23,True,-6.763258959634149,0.9667258220585694
id,test_id,f3_047_il_0782,f3,17,73,23,True,-6.934125747521298,0.9911491565735688
id,test_id,f3_047_il_0782,f3,17,74,23,True,-6.874262413181474,0.9825924191417724
id,test_id,f3_047_il_0782,f3,17,75,23,True,-6.783891189309321,0.9696749489976196
id,test_id,f3_047_il_0782,f3,17,76,23,True,-6.833514241870592,0.9767679623757364
id,test_id,f3_047_il_0782,f3,17,77,23,True,-6.816522469702802,0.9743391946743697
id,test_id,f3_047_il_0782,f3,17,78,23,True,-6.816522469702802,0.9743391946743697
id,test_id,f3_047_il_0782,f3,17,79,23,True,-6.783891189309321,0.9696749489976196
id,test_id,f3_047_il_0782,f3,17,80,23,True,-6.638131528249937,0.9488403736839113
id,test_id,f3_047_il_0782,f3,17,81,23,True,-6.833514241870592,0.9767679623757364
id,test_id,f3_047_il_0782,f3,17,82,23,True,-6.638131528249937,0.9488403736839113
id,test_id,f3_047_il_0782,f3,17,83,23,True,-6.855861250490437,0.9799621961626587
id,test_id,f3_047_il_0782,f3,17,84,23,True,-6.874262413181474,0.9825924191417724
id,test_id,f3_047_il_0782,f3,17,85,23,True,-6.951036750864617,0.9935663793512975
id,test_id,f3_047_il_0782,f3,17,86,23,True,-6.598889451074848,0.9432311948039082
id,test_id,f3_047_il_0782,f3,17,87,23,True,-6.920541470869798,0.9892074490193596
id,test_id,f3_047_il_0782,f3,17,88,23,True,-6.853046781346018,0.9795599019412581
id,test_id,f3_047_il_0782,f3,17,89,23,True,-6.951036750864617,0.9935663793512975
id,test_id,f3_047_il_0782,f3,17,90,23,True,-6.5990791668598625,0.943258312373902
id,test_id,f3_047_il_0782,f3,17,91,23,True,-6.906182529326527,0.987155012516461
id,test_id,f3_047_il_0782,f3,17,92,23,True,-6.808182030970496,0.9731470301368381
id,test_id,f3_047_il_0782,f3,17,93,23,True,-6.845946912616,0.9785450618359924
id,test_id,f3_047_il_0782,f3,17,94,23,True,-6.8301792185618115,0.9762912612514696
id,test_id,f3_047_il_0782,f3,17,95,23,True,-6.763258959634149,0.9667258220585694
id,test_id,f3_047_il_0782,f3,17,96,23,True,-6.816522469702802,0.9743391946743697
id,test_id,f3_047_il_0782,f3,17,97,23,True,-6.783891189309321,0.9696749489976196
id,test_id,f3_047_il_0782,f3,17,98,23,True,-6.906182529326527,0.987155012516461
id,test_id,f3_047_il_0782,f3,17,99,23,True,-6.855861250490437,0.9799621961626587
id,test_id,f3_051_il_0568,f3,18,0,22,True,-16.223812152357578,0.9828771853425494
id,test_id,f3_051_il_0568,f3,18,1,22,True,-16.424886509531344,0.9950587488596537
id,test_id,f3_051_il_0568,f3,18,2,22,True,-16.22629886863197,0.9830278365378151
id,test_id,f3_051_il_0568,f3,18,3,22,True,-16.433909054299797,0.995605356113446
id,test_id,f3_051_il_0568,f3,18,4,22,True,-16.261787425443266,0.985177817843256
id,test_id,f3_051_il_0568,f3,18,5,22,True,-15.563662033490573,0.9428837186626936
id,test_id,f3_051_il_0568,f3,18,6,22,True,-16.205279689155958,0.981754444577431
id,test_id,f3_051_il_0568,f3,18,7,22,True,-14.895602361708347,0.9024110724266632
id,test_id,f3_051_il_0568,f3,18,8,22,True,-14.906408929769947,0.9030657600611012
id,test_id,f3_051_il_0568,f3,18,9,22,True,-16.43514022222367,0.9956799431989187
id,test_id,f3_051_il_0568,f3,18,10,22,True,-16.106238717454804,0.9757543065959842
id,test_id,f3_051_il_0568,f3,18,11,22,True,-16.398142505068073,0.9934385333649972
id,test_id,f3_051_il_0568,f3,18,12,22,True,-16.118492151781865,0.9764966488352227
id,test_id,f3_051_il_0568,f3,18,13,22,True,-16.402548567067218,0.9937054630961537
id,test_id,f3_051_il_0568,f3,18,14,22,True,-16.111244009231502,0.9760575390944313
id,test_id,f3_051_il_0568,f3,18,15,22,True,-15.619686693936883,0.9462778260433835
id,test_id,f3_051_il_0568,f3,18,16,22,True,-14.889885483656137,0.9020647303366455
id,test_id,f3_051_il_0568,f3,18,17,22,True,-15.76992149407003,0.9553794080950414
id,test_id,f3_051_il_0568,f3,18,18,22,True,-16.378262393531074,0.9922341488536208
id,test_id,f3_051_il_0568,f3,18,19,22,True,-16.397191936597093,0.9933809456627696
id,test_id,f3_051_il_0568,f3,18,20,22,True,-14.87084119083689,0.9009109817141118
id,test_id,f3_051_il_0568,f3,18,21,22,True,-15.318602916463359,0.9280374536218822
id,test_id,f3_051_il_0568,f3,18,22,22,True,-16.223812152357578,0.9828771853425494
id,test_id,f3_051_il_0568,f3,18,23,22,True,-15.606056660226749,0.9454520861344563
id,test_id,f3_051_il_0568,f3,18,24,22,True,-15.277939252414043,0.9255739519928462
id,test_id,f3_051_il_0568,f3,18,25,22,True,-16.401735398430333,0.9936561994031623
id,test_id,f3_051_il_0568,f3,18,26,22,True,-16.40710015618172,0.9939812092066043
id,test_id,f3_051_il_0568,f3,18,27,22,True,-14.757351916898436,0.894035531167245
id,test_id,f3_051_il_0568,f3,18,28,22,True,-16.301864636695534,0.9876057907649154
id,test_id,f3_051_il_0568,f3,18,29,22,True,-16.237801906652216,0.9837247179813413
id,test_id,f3_051_il_0568,f3,18,30,22,True,-16.381005970968744,0.9924003613100015
id,test_id,f3_051_il_0568,f3,18,31,22,True,-16.18734758215834,0.9806680748212011
id,test_id,f3_051_il_0568,f3,18,32,22,True,-16.386344971102748,0.9927238106556284
id,test_id,f3_051_il_0568,f3,18,33,22,True,-15.242141179887202,0.9234052194880902
id,test_id,f3_051_il_0568,f3,18,34,22,True,-16.32221577271667,0.988838711061522
id,test_id,f3_051_il_0568,f3,18,35,22,True,-16.168375500672333,0.979518700933243
id,test_id,f3_051_il_0568,f3,18,36,22,True,-16.32688876776812,0.9891218122328224
id,test_id,f3_051_il_0568,f3,18,37,22,True,-16.24180544366218,0.9839672617898377
id,test_id,f3_051_il_0568,f3,18,38,22,True,-16.401398271182284,0.9936357754314373
id,test_id,f3_051_il_0568,f3,18,39,22,True,-16.458629405315584,0.9971029738619078
id,test_id,f3_051_il_0568,f3,18,40,22,True,-16.265159253213714,0.9853820912012903
id,test_id,f3_051_il_0568,f3,18,41,22,True,-16.421860513805402,0.9948754268306482
id,test_id,f3_051_il_0568,f3,18,42,22,True,-15.878379763105242,0.9619500683810067
id,test_id,f3_051_il_0568,f3,18,43,22,True,-16.113863685534596,0.9762162453249472
id,test_id,f3_051_il_0568,f3,18,44,22,True,-16.41007817710957,0.9941616248080654
id,test_id,f3_051_il_0568,f3,18,45,22,True,-16.220422752261545,0.982671847411174
id,test_id,f3_051_il_0568,f3,18,46,22,True,-16.370323469336846,0.9917531899154013
id,test_id,f3_051_il_0568,f3,18,47,22,True,-16.168375500672333,0.979518700933243
id,test_id,f3_051_il_0568,f3,18,48,22,True,-16.118492151781865,0.9764966488352227
id,test_id,f3_051_il_0568,f3,18,49,22,True,-12.699237838355259,0.7693500778572819
id,test_id,f3_051_il_0568,f3,18,50,22,True,-16.247718972500778,0.9843255174529172
id,test_id,f3_051_il_0568,f3,18,51,22,True,-15.620278663824035,0.9463136889892204
id,test_id,f3_051_il_0568,f3,18,52,22,True,-15.318602916463359,0.9280374536218822
id,test_id,f3_051_il_0568,f3,18,53,22,True,-16.389125553084646,0.9928922649354434
id,test_id,f3_051_il_0568,f3,18,54,22,True,-16.376640722367018,0.9921359041516781
id,test_id,f3_051_il_0568,f3,18,55,22,True,-15.382643400605474,0.9319171786957716
id,test_id,f3_051_il_0568,f3,18,56,22,True,-16.23590632077853,0.9836098788738238
id,test_id,f3_051_il_0568,f3,18,57,22,True,-16.274140139171486,0.9859261746651004
id,test_id,f3_051_il_0568,f3,18,58,22,True,-14.96948304514609,0.9068869402132562
id,test_id,f3_051_il_0568,f3,18,59,22,True,-14.889885483656137,0.9020647303366455
id,test_id,f3_051_il_0568,f3,18,60,22,True,-16.42682703574647,0.9951763105601032
id,test_id,f3_051_il_0568,f3,18,61,22,True,-16.419593264026275,0.9947380714384353
id,test_id,f3_051_il_0568,f3,18,62,22,True,-15.719180042761973,0.9523053701085618
id,test_id,f3_051_il_0568,f3,18,63,22,True,-16.356006735697974,0.9908858480890704
id,test_id,f3_051_il_0568,f3,18,64,22,True,-16.301864636695534,0.9876057907649154
id,test_id,f3_051_il_0568,f3,18,65,22,True,-15.86883697147367,0.961371943333017
id,test_id,f3_051_il_0568,f3,18,66,22,True,-16.1380728146243,0.9776828920313952
id,test_id,f3_051_il_0568,f3,18,67,22,True,-16.31141926684293,0.9881846330183923
id,test_id,f3_051_il_0568,f3,18,68,22,True,-15.39487710155963,0.9326583254402742
id,test_id,f3_051_il_0568,f3,18,69,22,True,-16.414182626213258,0.9944102821115729
id,test_id,f3_051_il_0568,f3,18,70,22,True,-16.364807307207506,0.9914190076740967
id,test_id,f3_051_il_0568,f3,18,71,22,True,-15.85828794398541,0.960732858119974
id,test_id,f3_051_il_0568,f3,18,72,22,True,-16.419593264026275,0.9947380714384353
id,test_id,f3_051_il_0568,f3,18,73,22,True,-16.354075532520586,0.9907688512004543
id,test_id,f3_051_il_0568,f3,18,74,22,True,-16.22629886863197,0.9830278365378151
id,test_id,f3_051_il_0568,f3,18,75,22,True,-15.878379763105242,0.9619500683810067
id,test_id,f3_051_il_0568,f3,18,76,22,True,-15.86883697147367,0.961371943333017
id,test_id,f3_051_il_0568,f3,18,77,22,True,-14.999986217907482,0.9087348950777594
id,test_id,f3_051_il_0568,f3,18,78,22,True,-16.21727375691316,0.9824810737720553
id,test_id,f3_051_il_0568,f3,18,79,22,True,-16.360003507722297,0.9911279820586226
id,test_id,f3_051_il_0568,f3,18,80,22,True,-16.400227118905917,0.993564824236848
id,test_id,f3_051_il_0568,f3,18,81,22,True,-16.41007817710957,0.9941616248080654
id,test_id,f3_051_il_0568,f3,18,82,22,True,-16.472065674046064,0.9979169750268192
id,test_id,f3_051_il_0568,f3,18,83,22,True,-15.844804492651662,0.9599159985205679
id,test_id,f3_051_il_0568,f3,18,84,22,True,-16.402548567067218,0.9937054630961537
id,test_id,f3_051_il_0568,f3,18,85,22,True,-16.398945156967283,0.9934871599289696
id,test_id,f3_051_il_0568,f3,18,86,22,True,-15.582117590138022,0.9440018002455687
id,test_id,f3_051_il_0568,f3,18,87,22,True,-16.368694051963107,0.9916544759296246
id,test_id,f3_051_il_0568,f3,18,88,22,True,-16.36604310647368,0.9914938753373177
id,test_id,f3_051_il_0568,f3,18,89,22,True,-16.14406239889787,0.9780457553138894
id,test_id,f3_051_il_0568,f3,18,90,22,True,-16.261787425443266,0.985177817843256
id,test_id,f3_051_il_0568,f3,18,91,22,True,-15.439424514708591,0.935357113840865
id,test_id,f3_051_il_0568,f3,18,92,22,True,-16.44386140553255,0.9962082932576466
id,test_id,f3_051_il_0568,f3,18,93,22,True,-16.274140139171486,0.9859261746651004
id,test_id,f3_051_il_0568,f3,18,94,22,True,-16.40669109477121,0.9939564272919706
id,test_id,f3_051_il_0568,f3,18,95,22,True,-16.444187522754923,0.9962280502157902
id,test_id,f3_051_il_0568,f3,18,96,22,True,-16.390505137480368,0.9929758434443093
id,test_id,f3_051_il_0568,f3,18,97,22,True,-16.31141926684293,0.9881846330183923
id,test_id,f3_051_il_0568,f3,18,98,22,True,-16.376640722367018,0.9921359041516781
id,test_id,f3_051_il_0568,f3,18,99,22,True,-16.145108212056783,0.9781091131661855
id,test_id,fault_001_xl_0115,fault,19,0,16,True,-127.83649758479247,0.9660949920133206
id,test_id,fault_001_xl_0115,fault,19,1,16,True,-120.69397120641142,0.9121169881189318
id,test_id,fault_001_xl_0115,fault,19,2,16,True,-116.35773476610532,0.8793468763878377
id,test_id,fault_001_xl_0115,fault,19,3,16,True,-128.04112087818172,0.9676413855920523
id,test_id,fault_001_xl_0115,fault,19,4,16,True,-98.75188494198247,0.7462947068856041
id,test_id,fault_001_xl_0115,fault,19,5,16,True,-126.41902838092935,0.9553827938143911
id,test_id,fault_001_xl_0115,fault,19,6,16,True,-116.68770230434852,0.8818405303305413
id,test_id,fault_001_xl_0115,fault,19,7,16,True,-101.15864229579992,0.7644832232361245
id,test_id,fault_001_xl_0115,fault,19,8,16,True,-115.02297409213988,0.8692597289219975
id,test_id,fault_001_xl_0115,fault,19,9,16,True,-124.47467183030902,0.9406887654130215
id,test_id,fault_001_xl_0115,fault,19,10,16,True,-112.20922145142555,0.8479954390961963
id,test_id,fault_001_xl_0115,fault,19,11,16,True,-113.07732870813905,0.8545559604581416
id,test_id,fault_001_xl_0115,fault,19,12,16,True,-106.31951311307459,0.8034853200175205
id,test_id,fault_001_xl_0115,fault,19,13,16,True,-120.16786437016309,0.9081410564455356
id,test_id,fault_001_xl_0115,fault,19,14,16,True,-127.21178580392575,0.9613738761008112
id,test_id,fault_001_xl_0115,fault,19,15,16,True,-130.56728847315682,0.9867323174354643
id,test_id,fault_001_xl_0115,fault,19,16,16,True,-119.54659830895115,0.9034459807685234
id,test_id,fault_001_xl_0115,fault,19,17,16,True,-127.77989271218077,0.9656672136793789
id,test_id,fault_001_xl_0115,fault,19,18,16,True,-110.96696071357547,0.8386073386688071
id,test_id,fault_001_xl_0115,fault,19,19,16,True,-124.63526669087778,0.94190242421524
id,test_id,fault_001_xl_0115,fault,19,20,16,True,-111.2035994710786,0.840395681770028
id,test_id,fault_001_xl_0115,fault,19,21,16,True,-119.2472876347172,0.9011840090398178
id,test_id,fault_001_xl_0115,fault,19,22,16,True,-130.5638017508179,0.9867059673315909
id,test_id,fault_001_xl_0115,fault,19,23,16,True,-127.6386372400159,0.9645997078666326
id,test_id,fault_001_xl_0115,fault,19,24,16,True,-125.41788767057012,0.9478169026577037
id,test_id,fault_001_xl_0115,fault,19,25,16,True,-126.1550826448771,0.9533880844897383
id,test_id,fault_001_xl_0115,fault,19,26,16,True,-117.49395689567405,0.8879336143690074
id,test_id,fault_001_xl_0115,fault,19,27,16,True,-104.11838618873384,0.7868508084455745
id,test_id,fault_001_xl_0115,fault,19,28,16,True,-120.73174371861693,0.912402445211131
id,test_id,fault_001_xl_0115,fault,19,29,16,True,-107.74788366098817,0.8142799026222521
id,test_id,fault_001_xl_0115,fault,19,30,16,True,-127.79705422650167,0.9657969078852913
id,test_id,fault_001_xl_0115,fault,19,31,16,True,-112.05421999869074,0.8468240511899954
id,test_id,fault_001_xl_0115,fault,19,32,16,True,-109.05961148667296,0.8241929846232514
id,test_id,fault_001_xl_0115,fault,19,33,16,True,-122.4477058380192,0.9253704351151057
id,test_id,fault_001_xl_0115,fault,19,34,16,True,-122.56318451820945,0.9262431387382801
id,test_id,fault_001_xl_0115,fault,19,35,16,True,-119.59724659298746,0.9038287435513439
id,test_id,fault_001_xl_0115,fault,19,36,16,True,-126.55741437391731,0.9564286141968044
id,test_id,fault_001_xl_0115,fault,19,37,16,True,-127.11636238005742,0.9606527354746075
id,test_id,fault_001_xl_0115,fault,19,38,16,True,-125.28998251008156,0.9468502887615533
id,test_id,fault_001_xl_0115,fault,19,39,16,True,-116.14994424054495,0.8777765471788528
id,test_id,fault_001_xl_0115,fault,19,40,16,True,-123.24501200686561,0.93139589350435
id,test_id,fault_001_xl_0115,fault,19,41,16,True,-99.16126378399058,0.7493884935316121
id,test_id,fault_001_xl_0115,fault,19,42,16,True,-122.35617275727057,0.9246786948641954
id,test_id,fault_001_xl_0115,fault,19,43,16,True,-119.28534846332221,0.9014716450170377
id,test_id,fault_001_xl_0115,fault,19,44,16,True,-105.58591590561316,0.797941327482733
id,test_id,fault_001_xl_0115,fault,19,45,16,True,-109.97590615009784,0.8311176712524053
id,test_id,fault_001_xl_0115,fault,19,46,16,True,-126.40289259531974,0.9552608513178107
id,test_id,fault_001_xl_0115,fault,19,47,16,True,-120.96668147708439,0.9141779334025197
id,test_id,fault_001_xl_0115,fault,19,48,16,True,-111.34884252496238,0.8414933228164649
id,test_id,fault_001_xl_0115,fault,19,49,16,True,-120.6945428150365,0.9121213079199315
id,test_id,fault_001_xl_0115,fault,19,50,16,True,-104.15669384346634,0.7871403097546066
id,test_id,fault_001_xl_0115,fault,19,51,16,True,-126.19328268323409,0.9536767725127102
id,test_id,fault_001_xl_0115,fault,19,52,16,True,-127.67041861620967,0.9648398883233891
id,test_id,fault_001_xl_0115,fault,19,53,16,True,-118.18163769046592,0.8931306041528644
id,test_id,fault_001_xl_0115,fault,19,54,16,True,-130.71736707579342,0.9878665020318421
id,test_id,fault_001_xl_0115,fault,19,55,16,True,-127.56689705975054,0.9640575479186533
id,test_id,fault_001_xl_0115,fault,19,56,16,True,-131.6832345590696,0.9951658238700571
id,test_id,fault_001_xl_0115,fault,19,57,16,True,-129.31584939397862,0.9772748537999177
id,test_id,fault_001_xl_0115,fault,19,58,16,True,-106.7283565971291,0.8065750608186588
id,test_id,fault_001_xl_0115,fault,19,59,16,True,-104.56631949113029,0.7902359615777161
id,test_id,fault_001_xl_0115,fault,19,60,16,True,-130.69665504060094,0.9877099755792886
id,test_id,fault_001_xl_0115,fault,19,61,16,True,-127.41210655468018,0.9628877542010135
id,test_id,fault_001_xl_0115,fault,19,62,16,True,-120.16080476576855,0.9080877051055032
id,test_id,fault_001_xl_0115,fault,19,63,16,True,-118.60772710295964,0.8963506771002404
id,test_id,fault_001_xl_0115,fault,19,64,16,True,-98.86478023858696,0.747147887180215
id,test_id,fault_001_xl_0115,fault,19,65,16,True,-121.76371147213288,0.9202013046716678
id,test_id,fault_001_xl_0115,fault,19,66,16,True,-125.1252929707802,0.9456056853645419
id,test_id,fault_001_xl_0115,fault,19,67,16,True,-123.36888313640962,0.9323320211374472
id,test_id,fault_001_xl_0115,fault,19,68,16,True,-115.75260439317687,0.8747737424718872
id,test_id,fault_001_xl_0115,fault,19,69,16,True,-126.48480038517292,0.9558798506417836
id,test_id,fault_001_xl_0115,fault,19,70,16,True,-106.8723845263362,0.807663518839223
id,test_id,fault_001_xl_0115,fault,19,71,16,True,-127.54498373048352,0.9638919429618278
id,test_id,fault_001_xl_0115,fault,19,72,16,True,-130.03774691707008,0.9827304286551568
id,test_id,fault_001_xl_0115,fault,19,73,16,True,-128.83971837740427,0.9736766029142538
id,test_id,fault_001_xl_0115,fault,19,74,16,True,-105.5921693936337,0.7979885867832726
id,test_id,fault_001_xl_0115,fault,19,75,16,True,-121.34189568268424,0.9170135286496582
id,test_id,fault_001_xl_0115,fault,19,76,16,True,-125.01612300159937,0.9447806583769723
id,test_id,fault_001_xl_0115,fault,19,77,16,True,-82.59642834419317,0.6242035513260549
id,test_id,fault_001_xl_0115,fault,19,78,16,True,-99.06107598781762,0.7486313472551401
id,test_id,fault_001_xl_0115,fault,19,79,16,True,-107.72193554887028,0.814083805720014
id,test_id,fault_001_xl_0115,fault,19,80,16,True,-107.43775741950476,0.8119361947262322
id,test_id,fault_001_xl_0115,fault,19,81,16,True,-128.3078277576642,0.9696569616244967
id,test_id,fault_001_xl_0115,fault,19,82,16,True,-124.27135213282874,0.9391522234611966
id,test_id,fault_001_xl_0115,fault,19,83,16,True,-118.99930024558199,0.8993099012595492
id,test_id,fault_001_xl_0115,fault,19,84,16,True,-103.25226774028408,0.7803053170456502
id,test_id,fault_001_xl_0115,fault,19,85,16,True,-119.67968330646599,0.9044517400942272
id,test_id,fault_001_xl_0115,fault,19,86,16,True,-128.84268074851877,0.9736989903540868
id,test_id,fault_001_xl_0115,fault,19,87,16,True,-126.72453786608692,0.9576916116340245
id,test_id,fault_001_xl_0115,fault,19,88,16,True,-108.58152147190441,0.8205799290583247
id,test_id,fault_001_xl_0115,fault,19,89,16,True,-111.69460838146335,0.844106368923687
id,test_id,fault_001_xl_0115,fault,19,90,16,True,-129.62236298265572,0.9795912599014578
id,test_id,fault_001_xl_0115,fault,19,91,16,True,-105.65478526898511,0.7984617918908934
id,test_id,fault_001_xl_0115,fault,19,92,16,True,-125.07837142042399,0.9452510865162238
id,test_id,fault_001_xl_0115,fault,19,93,16,True,-117.86920840281785,0.8907694915140036
id,test_id,fault_001_xl_0115,fault,19,94,16,True,-115.39621379717381,0.8720804023342572
id,test_id,fault_001_xl_0115,fault,19,95,16,True,-130.09429984062075,0.9831578143959918
id,test_id,fault_001_xl_0115,fault,19,96,16,True,-112.71637494908107,0.8518281352629702
id,test_id,fault_001_xl_0115,fault,19,97,16,True,-122.97950078241115,0.9293893533603771
id,test_id,fault_001_xl_0115,fault,19,98,16,True,-124.79604480949402,0.9431174679480944
id,test_id,fault_001_xl_0115,fault,19,99,16,True,-128.4445199413678,0.9706899814319719
id,test_id,seam_002_il_0775,seam,20,0,13,True,-21.958187825437737,0.7833440259110613
id,test_id,seam_002_il_0775,seam,20,1,13,True,-23.79200525332777,0.8487642663320447
id,test_id,seam_002_il_0775,seam,20,2,13,True,-24.499463614957374,0.8740023818618416
id,test_id,seam_002_il_0775,seam,20,3,13,True,-23.120565813319324,0.8248111023335851
id,test_id,seam_002_il_0775,seam,20,4,13,True,-23.614571594571782,0.8424344363075
id,test_id,seam_002_il_0775,seam,20,5,13,True,-20.255517806598974,0.7226023837519536
id,test_id,seam_002_il_0775,seam,20,6,13,True,-24.1674433408851,0.8621577751828441
id,test_id,seam_002_il_0775,seam,20,7,13,True,-20.432303910453463,0.7289091126778293
id,test_id,seam_002_il_0775,seam,20,8,13,True,-25.603578540044584,0.913390961527981
id,test_id,seam_002_il_0775,seam,20,9,13,True,-22.670006617429983,0.8087376969494516
id,test_id,seam_002_il_0775,seam,20,10,13,True,-24.21152407045538,0.8637303264535217
id,test_id,seam_002_il_0775,seam,20,11,13,True,-24.361407286565942,0.8690773124096459
id,test_id,seam_002_il_0775,seam,20,12,13,True,-23.92022906536674,0.8533385671777596
id,test_id,seam_002_il_0775,seam,20,13,13,True,-24.533472372013488,0.875215622083683
id,test_id,seam_002_il_0775,seam,20,14,13,True,-24.81450087483591,0.8852411305886083
id,test_id,seam_002_il_0775,seam,20,15,13,True,-21.749299185431198,0.7758920599505441
id,test_id,seam_002_il_0775,seam,20,16,13,True,-24.42610122987498,0.8713852266331071
id,test_id,seam_002_il_0775,seam,20,17,13,True,-22.41612106615832,0.7996804955339778
id,test_id,seam_002_il_0775,seam,20,18,13,True,-25.084712484671414,0.8948807534927916
id,test_id,seam_002_il_0775,seam,20,19,13,True,-21.854438729136792,0.779642844582843
id,test_id,seam_002_il_0775,seam,20,20,13,True,-23.87975022085957,0.851894510806963
id,test_id,seam_002_il_0775,seam,20,21,13,True,-24.508505959468593,0.8743249616033665
id,test_id,seam_002_il_0775,seam,20,22,13,True,-22.095229685509548,0.788232904867759
id,test_id,seam_002_il_0775,seam,20,23,13,True,-22.61406402427136,0.8067419814335285
id,test_id,seam_002_il_0775,seam,20,24,13,True,-25.532124798182487,0.9108418959009975
id,test_id,seam_002_il_0775,seam,20,25,13,True,-22.420249067305313,0.7998277592819318
id,test_id,seam_002_il_0775,seam,20,26,13,True,-23.10636848089236,0.8243046217611015
id,test_id,seam_002_il_0775,seam,20,27,13,True,-24.630164158321193,0.878665038481837
id,test_id,seam_002_il_0775,seam,20,28,13,True,-23.425738086530284,0.835697924096562
id,test_id,seam_002_il_0775,seam,20,29,13,True,-24.112403209515858,0.8601942544025221
id,test_id,seam_002_il_0775,seam,20,30,13,True,-25.08058731904323,0.8947335909001214
id,test_id,seam_002_il_0775,seam,20,31,13,True,-23.14967500431787,0.82584955373263
id,test_id,seam_002_il_0775,seam,20,32,13,True,-23.22480558758494,0.828529788278092
id,test_id,seam_002_il_0775,seam,20,33,13,True,-24.958839710343227,0.8903903243836734
id,test_id,seam_002_il_0775,seam,20,34,13,True,-22.727192915776598,0.8107777808366062
id,test_id,seam_002_il_0775,seam,20,35,13,True,-20.335657267400926,0.7254613067358537
id,test_id,seam_002_il_0775,seam,20,36,13,True,-23.895891945714258,0.8524703563108518
id,test_id,seam_002_il_0775,seam,20,37,13,True,-23.60495034804042,0.8420912046140618
id,test_id,seam_002_il_0775,seam,20,38,13,True,-24.237318994559576,0.8646505435432235
id,test_id,seam_002_il_0775,seam,20,39,13,True,-22.46605783799242,0.8014619572921386
id,test_id,seam_002_il_0775,seam,20,40,13,True,-20.844813636750153,0.7436251280564017
id,test_id,seam_002_il_0775,seam,20,41,13,True,-22.996912609116478,0.820399854940718
id,test_id,seam_002_il_0775,seam,20,42,13,True,-24.654708843970717,0.8795406541302806
id,test_id,seam_002_il_0775,seam,20,43,13,True,-24.29672833468244,0.8667699329955103
id,test_id,seam_002_il_0775,seam,20,44,13,True,-25.646671299796147,0.9149282676198935
id,test_id,seam_002_il_0775,seam,20,45,13,True,-24.416796639165174,0.8710532914295276
id,test_id,seam_002_il_0775,seam,20,46,13,True,-25.194455685067787,0.8987957705742684
id,test_id,seam_002_il_0775,seam,20,47,13,True,-24.395517487054356,0.8702941715597562
id,test_id,seam_002_il_0775,seam,20,48,13,True,-25.07989614588309,0.894708933748531
id,test_id,seam_002_il_0775,seam,20,49,13,True,-24.581093471091812,0.8769144737269461
id,test_id,seam_002_il_0775,seam,20,50,13,True,-21.783773427180392,0.7771219060351447
id,test_id,seam_002_il_0775,seam,20,51,13,True,-24.319677175848298,0.8675886179330728
id,test_id,seam_002_il_0775,seam,20,52,13,True,-22.086213075560146,0.7879112431899379
id,test_id,seam_002_il_0775,seam,20,53,13,True,-21.560391769092647,0.7691529111093235
id,test_id,seam_002_il_0775,seam,20,54,13,True,-23.915130948744757,0.8531566951931053
id,test_id,seam_002_il_0775,seam,20,55,13,True,-24.150108991419984,0.8615393835740051
id,test_id,seam_002_il_0775,seam,20,56,13,True,-20.53210433278219,0.7324694276380669
id,test_id,seam_002_il_0775,seam,20,57,13,True,-23.606115438075953,0.8421327684410153
id,test_id,seam_002_il_0775,seam,20,58,13,True,-24.323682122571938,0.8677314917947503
id,test_id,seam_002_il_0775,seam,20,59,13,True,-25.391140992183047,0.905812390594921
id,test_id,seam_002_il_0775,seam,20,60,13,True,-24.78374520015121,0.8841439419581689
id,test_id,seam_002_il_0775,seam,20,61,13,True,-23.468106311134115,0.8372093828697409
id,test_id,seam_002_il_0775,seam,20,62,13,True,-23.07834568560611,0.8233049268203658
id,test_id,seam_002_il_0775,seam,20,63,13,True,-22.82614399928958,0.8143077961886713
id,test_id,seam_002_il_0775,seam,20,64,13,True,-21.77798693749603,0.7769154767905608
id,test_id,seam_002_il_0775,seam,20,65,13,True,-24.200079898178814,0.8633220630733369
id,test_id,seam_002_il_0775,seam,20,66,13,True,-23.472116553440856,0.8373524456478907
id,test_id,seam_002_il_0775,seam,20,67,13,True,-23.46155296389876,0.8369755964822961
id,test_id,seam_002_il_0775,seam,20,68,13,True,-21.962078225445147,0.7834828133933637
id,test_id,seam_002_il_0775,seam,20,69,13,True,-24.60808145193141,0.8778772523373742
id,test_id,seam_002_il_0775,seam,20,70,13,True,-22.74907388296311,0.8115583700665996
id,test_id,seam_002_il_0775,seam,20,71,13,True,-22.61588023221895,0.8068067734672275
id,test_id,seam_002_il_0775,seam,20,72,13,True,-24.099421191807533,0.859731129389796
id,test_id,seam_002_il_0775,seam,20,73,13,True,-24.49237260879448,0.8737494148429072
id,test_id,seam_002_il_0775,seam,20,74,13,True,-25.55095002536338,0.9115134735997494
id,test_id,seam_002_il_0775,seam,20,75,13,True,-24.095587737574014,0.8595943734108284
id,test_id,seam_002_il_0775,seam,20,76,13,True,-22.605426295919685,0.8064338361095377
id,test_id,seam_002_il_0775,seam,20,77,13,True,-23.916941585333458,0.8532212884722108
id,test_id,seam_002_il_0775,seam,20,78,13,True,-23.144798854025343,0.8256756002519762
id,test_id,seam_002_il_0775,seam,20,79,13,True,-25.476114252444333,0.9088437562211299
id,test_id,seam_002_il_0775,seam,20,80,13,True,-24.91713143727268,0.8889024089509145
id,test_id,seam_002_il_0775,seam,20,81,13,True,-24.026280566219583,0.8571218852863578
id,test_id,seam_002_il_0775,seam,20,82,13,True,-24.727335615346867,0.8821315668199334
id,test_id,seam_002_il_0775,seam,20,83,13,True,-23.008655007258685,0.8208187573341069
id,test_id,seam_002_il_0775,seam,20,84,13,True,-23.808253666302143,0.8493439178650037
id,test_id,seam_002_il_0775,seam,20,85,13,True,-24.824804772274003,0.8856087154078061
id,test_id,seam_002_il_0775,seam,20,86,13,True,-23.79300495510698,0.8487999300408473
id,test_id,seam_002_il_0775,seam,20,87,13,True,-24.247360602304916,0.8650087713487414
id,test_id,seam_002_il_0775,seam,20,88,13,True,-23.262871500346797,0.8298877648829874
id,test_id,seam_002_il_0775,seam,20,89,13,True,-24.59339527273437,0.8773533324752745
id,test_id,seam_002_il_0775,seam,20,90,13,True,-24.951135257500617,0.8901154730546315
id,test_id,seam_002_il_0775,seam,20,91,13,True,-23.648616439929814,0.8436489639559694
id,test_id,seam_002_il_0775,seam,20,92,13,True,-25.10589715712424,0.8956365028623995
id,test_id,seam_002_il_0775,seam,20,93,13,True,-22.396218275964305,0.7989704764776976
id,test_id,seam_002_il_0775,seam,20,94,13,True,-22.306657690056564,0.7957754610016641
id,test_id,seam_002_il_0775,seam,20,95,13,True,-24.698735422406365,0.8811112735945571
id,test_id,seam_002_il_0775,seam,20,96,13,True,-26.364180423691238,0.9405249375367425
id,test_id,seam_002_il_0775,seam,20,97,13,True,-24.350388726737805,0.8686842324759038
id,test_id,seam_002_il_0775,seam,20,98,13,True,-21.69863664179546,0.7740847067568287
id,test_id,seam_002_il_0775,seam,20,99,13,True,-25.759933362166933,0.9189688178067237
id,test_id,gom_149_xl_0757,gom,21,0,21,True,-32.62907796635534,0.8882344761285215
id,test_id,gom_149_xl_0757,gom,21,1,21,True,-36.329001146429874,0.9889544330625776
id,test_id,gom_149_xl_0757,gom,21,2,21,True,-29.640978918623034,0.8068919204173427
id,test_id,gom_149_xl_0757,gom,21,3,21,True,-30.142928173819048,0.8205560709701673
id,test_id,gom_149_xl_0757,gom,21,4,21,True,-26.434227478125212,0.7195971709683403
id,test_id,gom_149_xl_0757,gom,21,5,21,True,-32.272905868511735,0.8785386968893429
id,test_id,gom_149_xl_0757,gom,21,6,21,True,-31.30444389971832,0.8521750555266104
id,test_id,gom_149_xl_0757,gom,21,7,21,True,-31.69901411408177,0.8629161150199998
id,test_id,gom_149_xl_0757,gom,21,8,21,True,-32.69650279183273,0.8900699265386652
id,test_id,gom_149_xl_0757,gom,21,9,21,True,-34.64476390662095,0.9431058318878709
id,test_id,gom_149_xl_0757,gom,21,10,21,True,-34.95219710193619,0.9514748321846898
id,test_id,gom_149_xl_0757,gom,21,11,21,True,-33.20218232935129,0.9038356234903181
id,test_id,gom_149_xl_0757,gom,21,12,21,True,-34.60901247353823,0.9421326001138128
id,test_id,gom_149_xl_0757,gom,21,13,21,True,-28.638481008666368,0.7796017467020921
id,test_id,gom_149_xl_0757,gom,21,14,21,True,-33.48067201811768,0.9114167185817477
id,test_id,gom_149_xl_0757,gom,21,15,21,True,-29.83344817646538,0.8121313522697147
id,test_id,gom_149_xl_0757,gom,21,16,21,True,-34.783056663150376,0.94687046153125
id,test_id,gom_149_xl_0757,gom,21,17,21,True,-35.12467293725702,0.9561699995868761
id,test_id,gom_149_xl_0757,gom,21,18,21,True,-33.730792096382956,0.9182255311665305
id,test_id,gom_149_xl_0757,gom,21,19,21,True,-28.739516987001007,0.7823521658030774
id,test_id,gom_149_xl_0757,gom,21,20,21,True,-32.03389200417942,0.8720322196057502
id,test_id,gom_149_xl_0757,gom,21,21,21,True,-31.495756506590453,0.8573830008236576
id,test_id,gom_149_xl_0757,gom,21,22,21,True,-32.49234748683737,0.8845123750636156
id,test_id,gom_149_xl_0757,gom,21,23,21,True,-33.96279452870567,0.9245411420197454
id,test_id,gom_149_xl_0757,gom,21,24,21,True,-35.702476033586144,0.9718990566905593
id,test_id,gom_149_xl_0757,gom,21,25,21,True,-30.7083398639107,0.8359478070426163
id,test_id,gom_149_xl_0757,gom,21,26,21,True,-35.209908965510934,0.9584903096790416
id,test_id,gom_149_xl_0757,gom,21,27,21,True,-34.399585336145165,0.9364315378937511
id,test_id,gom_149_xl_0757,gom,21,28,21,True,-32.59766069374848,0.8873792296301639
id,test_id,gom_149_xl_0757,gom,21,29,21,True,-33.88458693314131,0.9224121611534456
id,test_id,gom_149_xl_0757,gom,21,30,21,True,-34.530176689760395,0.9399865185979244
id,test_id,gom_149_xl_0757,gom,21,31,21,True,-33.129327501048664,0.9018523565920767
id,test_id,gom_149_xl_0757,gom,21,32,21,True,-34.76734975464592,0.9464428853165182
id,test_id,gom_149_xl_0757,gom,21,33,21,True,-29.92073280738489,0.8145074297825025
id,test_id,gom_149_xl_0757,gom,21,34,21,True,-30.434258632332735,0.8284867197450124
id,test_id,gom_149_xl_0757,gom,21,35,21,True,-34.33499658110364,0.934673291489815
id,test_id,gom_149_xl_0757,gom,21,36,21,True,-34.07145502163029,0.9274991169925071
id,test_id,gom_149_xl_0757,gom,21,37,21,True,-33.9501771665918,0.9241976699780625
id,test_id,gom_149_xl_0757,gom,21,38,21,True,-34.581639538671965,0.9413874492858885
id,test_id,gom_149_xl_0757,gom,21,39,21,True,-27.924662681992245,0.7601700591717823
id,test_id,gom_149_xl_0757,gom,21,40,21,True,-36.07094311867713,0.9819295322263337
id,test_id,gom_149_xl_0757,gom,21,41,21,True,-28.14009294013649,0.7660345393965164
id,test_id,gom_149_xl_0757,gom,21,42,21,True,-31.357453812651528,0.8536181006623754
id,test_id,gom_149_xl_0757,gom,21,43,21,True,-33.04132803464682,0.8994568197025686
id,test_id,gom_149_xl_0757,gom,21,44,21,True,-33.64382316930312,0.9158580477989691
id,test_id,gom_149_xl_0757,gom,21,45,21,True,-31.416304542531115,0.8552201455402078
id,test_id,gom_149_xl_0757,gom,21,46,21,True,-33.61840542297686,0.9151661214559769
id,test_id,gom_149_xl_0757,gom,21,47,21,True,-29.417993280554352,0.8008217663168085
id,test_id,gom_149_xl_0757,gom,21,48,21,True,-34.49305227015187,0.9389759111441507
id,test_id,gom_149_xl_0757,gom,21,49,21,True,-34.48978107724368,0.9388868621577799
id,test_id,gom_149_xl_0757,gom,21,50,21,True,-32.08168926110792,0.8733333649066394
id,test_id,gom_149_xl_0757,gom,21,51,21,True,-30.709696518396356,0.835984738128674
id,test_id,gom_149_xl_0757,gom,21,52,21,True,-34.77729344094684,0.9467135740868654
id,test_id,gom_149_xl_0757,gom,21,53,21,True,-28.992340373039692,0.7892345683056137
id,test_id,gom_149_xl_0757,gom,21,54,21,True,-34.281737102381754,0.933223452630434
id,test_id,gom_149_xl_0757,gom,21,55,21,True,-34.45362106034695,0.9379025078435641
id,test_id,gom_149_xl_0757,gom,21,56,21,True,-31.660438547606304,0.8618660041920125
id,test_id,gom_149_xl_0757,gom,21,57,21,True,-35.96587644052896,0.9790693887089548
id,test_id,gom_149_xl_0757,gom,21,58,21,True,-34.581412974615674,0.9413812817194607
id,test_id,gom_149_xl_0757,gom,21,59,21,True,-30.928547255271468,0.8419423312245945
id,test_id,gom_149_xl_0757,gom,21,60,21,True,-30.543221176169354,0.8314529172006111
id,test_id,gom_149_xl_0757,gom,21,61,21,True,-36.031304434309774,0.9808504810168641
id,test_id,gom_149_xl_0757,gom,21,62,21,True,-33.83648287035402,0.9211026639297244
id,test_id,gom_149_xl_0757,gom,21,63,21,True,-36.31054162141752,0.9884519246390832
id,test_id,gom_149_xl_0757,gom,21,64,21,True,-34.88523890654782,0.9496520844605698
id,test_id,gom_149_xl_0757,gom,21,65,21,True,-31.94719301315178,0.8696720844846868
id,test_id,gom_149_xl_0757,gom,21,66,21,True,-33.488169737586475,0.9116208228145241
id,test_id,gom_149_xl_0757,gom,21,67,21,True,-35.072067469026635,0.954737964315659
id,test_id,gom_149_xl_0757,gom,21,68,21,True,-32.56734535487766,0.8865539801649985
id,test_id,gom_149_xl_0757,gom,21,69,21,True,-35.67978844584688,0.9712814512028717
id,test_id,gom_149_xl_0757,gom,21,70,21,True,-34.869974401930506,0.9492365514419507
id,test_id,gom_149_xl_0757,gom,21,71,21,True,-34.00547637616289,0.9257030347479265
id,test_id,gom_149_xl_0757,gom,21,72,21,True,-28.548032339681605,0.7771395371908381
id,test_id,gom_149_xl_0757,gom,21,73,21,True,-35.42717258664865,0.9644046980323387
id,test_id,gom_149_xl_0757,gom,21,74,21,True,-34.09399230004955,0.9281126307335553
id,test_id,gom_149_xl_0757,gom,21,75,21,True,-32.68747240021314,0.8898240996361165
id,test_id,gom_149_xl_0757,gom,21,76,21,True,-34.15818399246962,0.929860068229255
id,test_id,gom_149_xl_0757,gom,21,77,21,True,-31.867939921158225,0.8675146429314486
id,test_id,gom_149_xl_0757,gom,21,78,21,True,-35.52804932542774,0.9671507822862485
id,test_id,gom_149_xl_0757,gom,21,79,21,True,-32.7135676086632,0.8905344679717158
id,test_id,gom_149_xl_0757,gom,21,80,21,True,-27.5436864697678,0.7497990579859221
id,test_id,gom_149_xl_0757,gom,21,81,21,True,-34.23801426997741,0.9320332220276697
id,test_id,gom_149_xl_0757,gom,21,82,21,True,-33.964311673098706,0.9245824419901751
id,test_id,gom_149_xl_0757,gom,21,83,21,True,-35.76490824270801,0.9735985972237026
id,test_id,gom_149_xl_0757,gom,21,84,21,True,-34.36698306135547,0.9355440330583933
id,test_id,gom_149_xl_0757,gom,21,85,21,True,-34.56402982902435,0.940908074685118
id,test_id,gom_149_xl_0757,gom,21,86,21,True,-34.1494171982978,0.9296214170226061
id,test_id,gom_149_xl_0757,gom,21,87,21,True,-32.15114741292795,0.8752241668826657
id,test_id,gom_149_xl_0757,gom,21,88,21,True,-29.937971784080887,0.8149767122259215
id,test_id,gom_149_xl_0757,gom,21,89,21,True,-35.691649840407486,0.9716043441633941
id,test_id,gom_149_xl_0757,gom,21,90,21,True,-33.325099304226285,0.9071816909120813
id,test_id,gom_149_xl_0757,gom,21,91,21,True,-34.44707932044496,0.9377244274540169
id,test_id,gom_149_xl_0757,gom,21,92,21,True,-27.972452097173402,0.7614709910032518
id,test_id,gom_149_xl_0757,gom,21,93,21,True,-32.00168129041165,0.8711553739131217
id,test_id,gom_149_xl_0757,gom,21,94,21,True,-34.783056663150376,0.94687046153125
id,test_id,gom_149_xl_0757,gom,21,95,21,True,-28.08627776689609,0.764569573323609
id,test_id,gom_149_xl_0757,gom,21,96,21,True,-32.8927581491414,0.8954124242539307
id,test_id,gom_149_xl_0757,gom,21,97,21,True,-33.41898660663138,0.9097375075046586
id,test_id,gom_149_xl_0757,gom,21,98,21,True,-35.02570908167847,0.9534759881745363
id,test_id,gom_149_xl_0757,gom,21,99,21,True,-33.93170294759655,0.9236947615523923
id,test_id,seam_005_xl_0121,seam,22,0,14,True,-22.362903088397868,0.8549856015157092
id,test_id,seam_005_xl_0121,seam,22,1,14,True,-20.305733405674722,0.7763352379358819
id,test_id,seam_005_xl_0121,seam,22,2,14,True,-19.38533169691324,0.7411461479733273
id,test_id,seam_005_xl_0121,seam,22,3,14,True,-23.300334056620308,0.8908257595254683
id,test_id,seam_005_xl_0121,seam,22,4,14,True,-19.35599297715467,0.7400244607370446
id,test_id,seam_005_xl_0121,seam,22,5,14,True,-19.706468524327125,0.7534239529823629
id,test_id,seam_005_xl_0121,seam,22,6,14,True,-20.4081100390478,0.780249333843718
id,test_id,seam_005_xl_0121,seam,22,7,14,True,-21.469497486044368,0.8208286352530414
id,test_id,seam_005_xl_0121,seam,22,8,14,True,-21.721377411870172,0.8304585884411692
id,test_id,seam_005_xl_0121,seam,22,9,14,True,-21.609088957535597,0.826165540651577
id,test_id,seam_005_xl_0121,seam,22,10,14,True,-20.250612053106845,0.774227820907095
id,test_id,seam_005_xl_0121,seam,22,11,14,True,-23.48755143642434,0.8979835137514389
id,test_id,seam_005_xl_0121,seam,22,12,14,True,-20.21191339842403,0.7727482816710196
id,test_id,seam_005_xl_0121,seam,22,13,14,True,-20.284703188572344,0.7755312040075404
id,test_id,seam_005_xl_0121,seam,22,14,14,True,-23.003704440813237,0.8794849220011238
id,test_id,seam_005_xl_0121,seam,22,15,14,True,-21.69332744016225,0.8293861730289841
id,test_id,seam_005_xl_0121,seam,22,16,14,True,-21.82625421379499,0.8344682715858076
id,test_id,seam_005_xl_0121,seam,22,17,14,True,-21.836139668242346,0.8348462154146351
id,test_id,seam_005_xl_0121,seam,22,18,14,True,-23.38754268756523,0.8941599475551294
id,test_id,seam_005_xl_0121,seam,22,19,14,True,-21.82839921403013,0.834550279914916
id,test_id,seam_005_xl_0121,seam,22,20,14,True,-20.502247176230817,0.7838484147207062
id,test_id,seam_005_xl_0121,seam,22,21,14,True,-21.818719177674097,0.8341801896956883
id,test_id,seam_005_xl_0121,seam,22,22,14,True,-20.341387974995072,0.7776983947351862
id,test_id,seam_005_xl_0121,seam,22,23,14,True,-21.162173949754873,0.8090789443700745
id,test_id,seam_005_xl_0121,seam,22,24,14,True,-22.015516870957562,0.841704221504249
id,test_id,seam_005_xl_0121,seam,22,25,14,True,-22.73217620692072,0.8691037684690701
id,test_id,seam_005_xl_0121,seam,22,26,14,True,-19.67603671518434,0.7522604744061554
id,test_id,seam_005_xl_0121,seam,22,27,14,True,-24.09991170187466,0.9213954655821466
id,test_id,seam_005_xl_0121,seam,22,28,14,True,-22.727247176768998,0.8689153202254545
id,test_id,seam_005_xl_0121,seam,22,29,14,True,-21.784120583720302,0.8328574052814174
id,test_id,seam_005_xl_0121,seam,22,30,14,True,-18.430630422664386,0.7046457061476437
id,test_id,seam_005_xl_0121,seam,22,31,14,True,-19.416148691289386,0.742324353073508
id,test_id,seam_005_xl_0121,seam,22,32,14,True,-16.763256277360732,0.6408981291475093
id,test_id,seam_005_xl_0121,seam,22,33,14,True,-20.21588173758881,0.7729000004722146
id,test_id,seam_005_xl_0121,seam,22,34,14,True,-23.52346035468944,0.8993563949002462
id,test_id,seam_005_xl_0121,seam,22,35,14,True,-22.279846445320953,0.8518101536026949
id,test_id,seam_005_xl_0121,seam,22,36,14,True,-22.256039373536492,0.8508999540856862
id,test_id,seam_005_xl_0121,seam,22,37,14,True,-21.367605498231594,0.8169330684679341
id,test_id,seam_005_xl_0121,seam,22,38,14,True,-23.435399854453443,0.8959896379337451
id,test_id,seam_005_xl_0121,seam,22,39,14,True,-19.467132844379474,0.7442735953800722
id,test_id,seam_005_xl_0121,seam,22,40,14,True,-20.015419375152884,0.765235859870655
id,test_id,seam_005_xl_0121,seam,22,41,14,True,-21.986073196466716,0.8405785216053637
id,test_id,seam_005_xl_0121,seam,22,42,14,True,-21.068275932126554,0.8054890055877203
id,test_id,seam_005_xl_0121,seam,22,43,14,True,-23.774194441815375,0.9089425400198874
id,test_id,seam_005_xl_0121,seam,22,44,14,True,-18.923450207278144,0.723487348412124
id,test_id,seam_005_xl_0121,seam,22,45,14,True,-22.140664628579078,0.8464889102544269
id,test_id,seam_005_xl_0121,seam,22,46,14,True,-23.663438334618554,0.904708077411929
id,test_id,seam_005_xl_0121,seam,22,47,14,True,-19.46196720396825,0.7440761009779927
id,test_id,seam_005_xl_0121,seam,22,48,14,True,-22.16893164643769,0.8475696238438641
id,test_id,seam_005_xl_0121,seam,22,49,14,True,-21.249096441782747,0.8124021926459332
id,test_id,seam_005_xl_0121,seam,22,50,14,True,-20.800779861422,0.7952620109971532
id,test_id,seam_005_xl_0121,seam,22,51,14,True,-21.92042215559384,0.8380685301946351
id,test_id,seam_005_xl_0121,seam,22,52,14,True,-23.34040834848613,0.8923578925584997
id,test_id,seam_005_xl_0121,seam,22,53,14,True,-21.09560047464209,0.806533686161009
id,test_id,seam_005_xl_0121,seam,22,54,14,True,-19.0112392773255,0.7268437279735901
id,test_id,seam_005_xl_0121,seam,22,55,14,True,-19.708115124709998,0.7534869063302911
id,test_id,seam_005_xl_0121,seam,22,56,14,True,-20.41236101707669,0.780411858583583
id,test_id,seam_005_xl_0121,seam,22,57,14,True,-20.69733264669391,0.7913069842835014
id,test_id,seam_005_xl_0121,seam,22,58,14,True,-20.994433042574475,0.8026658208208866
id,test_id,seam_005_xl_0121,seam,22,59,14,True,-22.054722108276525,0.8432031285682922
id,test_id,seam_005_xl_0121,seam,22,60,14,True,-22.393823132145272,0.8561677464321256
id,test_id,seam_005_xl_0121,seam,22,61,14,True,-21.93923518972896,0.8387877960807673
id,test_id,seam_005_xl_0121,seam,22,62,14,True,-18.789206572886037,0.7183549032172093
id,test_id,seam_005_xl_0121,seam,22,63,14,True,-22.156133376051265,0.847080316312483
id,test_id,seam_005_xl_0121,seam,22,64,14,True,-20.283995256525248,0.7755041381250507
id,test_id,seam_005_xl_0121,seam,22,65,14,True,-20.408294397873583,0.7802563823088003
id,test_id,seam_005_xl_0121,seam,22,66,14,True,-20.371174022213403,0.7788371843367455
id,test_id,seam_005_xl_0121,seam,22,67,14,True,-21.74195880413916,0.8312454627561705
id,test_id,seam_005_xl_0121,seam,22,68,14,True,-22.85363765832538,0.8737475211911426
id,test_id,seam_005_xl_0121,seam,22,69,14,True,-20.87573194382628,0.7981276027768054
id,test_id,seam_005_xl_0121,seam,22,70,14,True,-20.97573512770962,0.8019509562111966
id,test_id,seam_005_xl_0121,seam,22,71,14,True,-19.73845964152254,0.7546470475184506
id,test_id,seam_005_xl_0121,seam,22,72,14,True,-20.092539081807807,0.76818432494795
id,test_id,seam_005_xl_0121,seam,22,73,14,True,-20.25447866923495,0.7743756506008984
id,test_id,seam_005_xl_0121,seam,22,74,14,True,-21.65741606823052,0.8280131980708162
id,test_id,seam_005_xl_0121,seam,22,75,14,True,-21.42444101764998,0.8191060220672632
id,test_id,seam_005_xl_0121,seam,22,76,14,True,-21.578549982423567,0.8249979648720533
id,test_id,seam_005_xl_0121,seam,22,77,14,True,-19.99204613454576,0.7643422467247738
id,test_id,seam_005_xl_0121,seam,22,78,14,True,-23.90769547633228,0.914046593900916
id,test_id,seam_005_xl_0121,seam,22,79,14,True,-21.242361840371238,0.8121447132294175
id,test_id,seam_005_xl_0121,seam,22,80,14,True,-22.049423965459468,0.8430005682922203
id,test_id,seam_005_xl_0121,seam,22,81,14,True,-19.73834066503552,0.7546424987716749
id,test_id,seam_005_xl_0121,seam,22,82,14,True,-24.045202220556888,0.9193037953455865
id,test_id,seam_005_xl_0121,seam,22,83,14,True,-18.49432164385251,0.7070807691107813
id,test_id,seam_005_xl_0121,seam,22,84,14,True,-21.279733998872107,0.8135735374428706
id,test_id,seam_005_xl_0121,seam,22,85,14,True,-21.078265684917543,0.8058709369838919
id,test_id,seam_005_xl_0121,seam,22,86,14,True,-20.412902155232356,0.7804325475491296
id,test_id,seam_005_xl_0121,seam,22,87,14,True,-23.200554969545458,0.887010973831314
id,test_id,seam_005_xl_0121,seam,22,88,14,True,-22.490481514597,0.859863220357642
id,test_id,seam_005_xl_0121,seam,22,89,14,True,-22.99931697590349,0.8793171790515542
id,test_id,seam_005_xl_0121,seam,22,90,14,True,-23.559047173315356,0.9007169614335193
id,test_id,seam_005_xl_0121,seam,22,91,14,True,-20.161830983262206,0.7708335148948444
id,test_id,seam_005_xl_0121,seam,22,92,14,True,-22.24544006692873,0.8504947180347198
id,test_id,seam_005_xl_0121,seam,22,93,14,True,-21.49780615667803,0.8219109413245812
id,test_id,seam_005_xl_0121,seam,22,94,14,True,-20.99551257571293,0.8027070938741252
id,test_id,seam_005_xl_0121,seam,22,95,14,True,-22.34985093620238,0.8544865874945049
id,test_id,seam_005_xl_0121,seam,22,96,14,True,-22.751890615217167,0.8698574959779378
id,test_id,seam_005_xl_0121,seam,22,97,14,True,-22.80554694824596,0.8719089019151907
id,test_id,seam_005_xl_0121,seam,22,98,14,True,-22.11207149193318,0.8453957283881106
id,test_id,seam_005_xl_0121,seam,22,99,14,True,-22.47936836777857,0.859438339004817
id,test_id,gom_149_xl_0254,gom,23,0,20,True,-55.00788202239459,0.8654578821562557
id,test_id,gom_149_xl_0254,gom,23,1,20,True,-58.657462802883245,0.9228779888194061
id,test_id,gom_149_xl_0254,gom,23,2,20,True,-50.74998809225413,0.798466975985298
id,test_id,gom_149_xl_0254,gom,23,3,20,True,-60.274628111783116,0.9483214055058956
id,test_id,gom_149_xl_0254,gom,23,4,20,True,-60.36241477949294,0.949702583270325
id,test_id,gom_149_xl_0254,gom,23,5,20,True,-62.94422384485486,0.990323071165683
id,test_id,gom_149_xl_0254,gom,23,6,20,True,-53.684673447355806,0.8446393876260019
id,test_id,gom_149_xl_0254,gom,23,7,20,True,-62.403816665729195,0.9818206595920518
id,test_id,gom_149_xl_0254,gom,23,8,20,True,-61.109157487609465,0.9614513425193915
id,test_id,gom_149_xl_0254,gom,23,9,20,True,-61.957418731021086,0.9747973277172831
id,test_id,gom_149_xl_0254,gom,23,10,20,True,-61.84236695538675,0.9729871786546767
id,test_id,gom_149_xl_0254,gom,23,11,20,True,-59.27455416543713,0.9325868989627809
id,test_id,gom_149_xl_0254,gom,23,12,20,True,-58.881491147354794,0.9264027036315553
id,test_id,gom_149_xl_0254,gom,23,13,20,True,-62.52750040665443,0.9837666183263791
id,test_id,gom_149_xl_0254,gom,23,14,20,True,-60.309367672308426,0.9488679749314739
id,test_id,gom_149_xl_0254,gom,23,15,20,True,-52.16872133942961,0.8207883929586923
id,test_id,gom_149_xl_0254,gom,23,16,20,True,-60.11197716798641,0.9457623623983693
id,test_id,gom_149_xl_0254,gom,23,17,20,True,-46.380561406973875,0.7297212867086202
id,test_id,gom_149_xl_0254,gom,23,18,20,True,-60.03408779532539,0.9445369021729014
id,test_id,gom_149_xl_0254,gom,23,19,20,True,-61.348954807900014,0.9652241560387502
id,test_id,gom_149_xl_0254,gom,23,20,20,True,-32.54337318891651,0.5120160566595522
id,test_id,gom_149_xl_0254,gom,23,21,20,True,-59.590288794120376,0.9375544602106823
id,test_id,gom_149_xl_0254,gom,23,22,20,True,-62.5211392320369,0.983666535783476
id,test_id,gom_149_xl_0254,gom,23,23,20,True,-51.46751717619644,0.8097561072614559
id,test_id,gom_149_xl_0254,gom,23,24,20,True,-59.06934795947636,0.9293583193140711
id,test_id,gom_149_xl_0254,gom,23,25,20,True,-60.80578106980218,0.9566782172435492
id,test_id,gom_149_xl_0254,gom,23,26,20,True,-57.749397282346166,0.9085910824094628
id,test_id,gom_149_xl_0254,gom,23,27,20,True,-58.35917729992005,0.9181849606535997
id,test_id,gom_149_xl_0254,gom,23,28,20,True,-60.68823678768989,0.9548288527212963
id,test_id,gom_149_xl_0254,gom,23,29,20,True,-60.72741554420054,0.9554452655404889
id,test_id,gom_149_xl_0254,gom,23,30,20,True,-62.0394748770978,0.976088345218603
id,test_id,gom_149_xl_0254,gom,23,31,20,True,-62.18353714930144,0.9783549263778129
id,test_id,gom_149_xl_0254,gom,23,32,20,True,-61.96324629519707,0.9748890147840168
id,test_id,gom_149_xl_0254,gom,23,33,20,True,-59.84833343396558,0.9416143650696133
id,test_id,gom_149_xl_0254,gom,23,34,20,True,-61.83974727486953,0.9729459623222348
id,test_id,gom_149_xl_0254,gom,23,35,20,True,-59.26856009135682,0.9324925921385893
id,test_id,gom_149_xl_0254,gom,23,36,20,True,-59.121117052021276,0.9301728202100851
id,test_id,gom_149_xl_0254,gom,23,37,20,True,-56.91618336512704,0.895481841957594
id,test_id,gom_149_xl_0254,gom,23,38,20,True,-61.148518439721464,0.9620706218844945
id,test_id,gom_149_xl_0254,gom,23,39,20,True,-47.35319247232321,0.7450240249888164
id,test_id,gom_149_xl_0254,gom,23,40,20,True,-54.30423404301132,0.8543871470610077
id,test_id,gom_149_xl_0254,gom,23,41,20,True,-58.959882907964406,0.9276360680989979
id,test_id,gom_149_xl_0254,gom,23,42,20,True,-53.46235404249036,0.8411415601470459
id,test_id,gom_149_xl_0254,gom,23,43,20,True,-60.714564463665425,0.9552430750809683
id,test_id,gom_149_xl_0254,gom,23,44,20,True,-56.07571337522205,0.8822584392244563
id,test_id,gom_149_xl_0254,gom,23,45,20,True,-61.81892584170312,0.9726183715699797
id,test_id,gom_149_xl_0254,gom,23,46,20,True,-58.6019866040017,0.9220051627474158
id,test_id,gom_149_xl_0254,gom,23,47,20,True,-61.83840374236368,0.9729248240643273
id,test_id,gom_149_xl_0254,gom,23,48,20,True,-54.986966914223515,0.8651288175830105
id,test_id,gom_149_xl_0254,gom,23,49,20,True,-54.81852289142718,0.8624786299758627
id,test_id,gom_149_xl_0254,gom,23,50,20,True,-60.97477314536537,0.9593370275529252
id,test_id,gom_149_xl_0254,gom,23,51,20,True,-61.405931770328394,0.9661205941385644
id,test_id,gom_149_xl_0254,gom,23,52,20,True,-59.69404967289002,0.9391869657187858
id,test_id,gom_149_xl_0254,gom,23,53,20,True,-52.711286741639015,0.829324760596629
id,test_id,gom_149_xl_0254,gom,23,54,20,True,-60.08099572846412,0.9452749207800173
id,test_id,gom_149_xl_0254,gom,23,55,20,True,-55.512851390618636,0.8734027384915538
id,test_id,gom_149_xl_0254,gom,23,56,20,True,-61.91612565730597,0.9741476496200487
id,test_id,gom_149_xl_0254,gom,23,57,20,True,-56.25226908858789,0.8850362508426164
id,test_id,gom_149_xl_0254,gom,23,58,20,True,-57.344519142452825,0.9022209957127819
id,test_id,gom_149_xl_0254,gom,23,59,20,True,-59.8406696125158,0.9414937875371342
id,test_id,gom_149_xl_0254,gom,23,60,20,True,-29.636918343850667,0.4662878053196913
id,test_id,gom_149_xl_0254,gom,23,61,20,True,-58.296158965349846,0.917193471572963
id,test_id,gom_149_xl_0254,gom,23,62,20,True,-53.19463540827367,0.8369294510153287
id,test_id,gom_149_xl_0254,gom,23,63,20,True,-54.650098646179416,0.8598287535356727
id,test_id,gom_149_xl_0254,gom,23,64,20,True,-60.953605491685266,0.9590039895945336
id,test_id,gom_149_xl_0254,gom,23,65,20,True,-53.47946712506485,0.8414108061470293
id,test_id,gom_149_xl_0254,gom,23,66,20,True,-57.51672791260288,0.9049304153818053
id,test_id,gom_149_xl_0254,gom,23,67,20,True,-57.95682417128664,0.9118546008254527
id,test_id,gom_149_xl_0254,gom,23,68,20,True,-61.54734900852014,0.9683455600701014
id,test_id,gom_149_xl_0254,gom,23,69,20,True,-55.709320903808916,0.8764938607551727
id,test_id,gom_149_xl_0254,gom,23,70,20,True,-58.38625626110728,0.9186110032412882
id,test_id,gom_149_xl_0254,gom,23,71,20,True,-53.38925628951561,0.8399914881182022
id,test_id,gom_149_xl_0254,gom,23,72,20,True,-61.44707190369111,0.9667678659727579
id,test_id,gom_149_xl_0254,gom,23,73,20,True,-62.41403980497931,0.9819815037496363
id,test_id,gom_149_xl_0254,gom,23,74,20,True,-59.422390025694476,0.9349128512776326
id,test_id,gom_149_xl_0254,gom,23,75,20,True,-60.90706711976907,0.9582717854209355
id,test_id,gom_149_xl_0254,gom,23,76,20,True,-61.1763360491787,0.9625082858788597
id,test_id,gom_149_xl_0254,gom,23,77,20,True,-62.46397146543029,0.9827670956960565
id,test_id,gom_149_xl_0254,gom,23,78,20,True,-60.94023879721264,0.9587936868040173
id,test_id,gom_149_xl_0254,gom,23,79,20,True,-58.52732849031363,0.9208305410280782
id,test_id,gom_149_xl_0254,gom,23,80,20,True,-55.48454882799609,0.8729574445626413
id,test_id,gom_149_xl_0254,gom,23,81,20,True,-60.74367536320556,0.9557010868519615
id,test_id,gom_149_xl_0254,gom,23,82,20,True,-58.54016007853165,0.9210324248082851
id,test_id,gom_149_xl_0254,gom,23,83,20,True,-55.0754810138333,0.8665214402831185
id,test_id,gom_149_xl_0254,gom,23,84,20,True,-58.5459645564417,0.9211237486508762
id,test_id,gom_149_xl_0254,gom,23,85,20,True,-61.44559244270314,0.966744589105402
id,test_id,gom_149_xl_0254,gom,23,86,20,True,-56.92423388232265,0.8956085035069256
id,test_id,gom_149_xl_0254,gom,23,87,20,True,-59.63914181104759,0.9383230814884399
id,test_id,gom_149_xl_0254,gom,23,88,20,True,-57.93533360695717,0.9115164824030175
id,test_id,gom_149_xl_0254,gom,23,89,20,True,-62.09913202569953,0.9770269516071078
id,test_id,gom_149_xl_0254,gom,23,90,20,True,-53.36179585477533,0.8395594436762123
id,test_id,gom_149_xl_0254,gom,23,91,20,True,-60.015097960628395,0.9442381285878239
id,test_id,gom_149_xl_0254,gom,23,92,20,True,-57.490124331168445,0.9045118521068796
id,test_id,gom_149_xl_0254,gom,23,93,20,True,-48.837363647691674,0.7683749993395256
id,test_id,gom_149_xl_0254,gom,23,94,20,True,-59.272266541080995,0.932550906983856
id,test_id,gom_149_xl_0254,gom,23,95,20,True,-52.49437872096526,0.825912072281915
id,test_id,gom_149_xl_0254,gom,23,96,20,True,-54.129663453923015,0.8516405680842416
id,test_id,gom_149_xl_0254,gom,23,97,20,True,-61.97090457848779,0.975009505182739
id,test_id,gom_149_xl_0254,gom,23,98,20,True,-59.376673717823856,0.93419358091973
id,test_id,gom_149_xl_0254,gom,23,99,20,True,-57.70384404672576,0.9078743777232263
id,test_id,salt_canopy_000_xl_0363,salt_canopy,24,0,6,True,-35.95588144098036,0.709705979633122
id,test_id,salt_canopy_000_xl_0363,salt_canopy,24,1,6,True,-35.307164022861826,0.6969014366131825
id,test_id,salt_canopy_000_xl_0363,salt_canopy,24,2,6,True,-35.3858537342159,0.6984546333767011
id,test_id,salt_canopy_000_xl_0363,salt_canopy,24,3,6,True,-36.74579256422848,0.7252974385288832
id,test_id,salt_canopy_000_xl_0363,salt_canopy,24,4,6,True,-35.68974193290554,0.7044528529476491
id,test_id,salt_canopy_000_xl_0363,salt_canopy,24,5,6,True,-35.650740555307245,0.7036830342201936
id,test_id,salt_canopy_000_xl_0363,salt_canopy,24,6,6,True,-34.99131523098188,0.6906671359293002
id,test_id,salt_canopy_000_xl_0363,salt_canopy,24,7,6,True,-36.31124987452146,0.716720328667256
id,test_id,salt_canopy_000_xl_0363,salt_canopy,24,8,6,True,-33.810282224085974,0.6673556176589456
id,test_id,salt_canopy_000_xl_0363,salt_canopy,24,9,6,True,-37.22911176712006,0.7348373111343347
id,test_id,salt_canopy_000_xl_0363,salt_canopy,24,10,6,True,-37.27698854319665,0.7357823146471226
id,test_id,salt_canopy_000_xl_0363,salt_canopy,24,11,6,True,-35.967654384808895,0.7099383568770707
id,test_id,salt_canopy_000_xl_0363,salt_canopy,24,12,6,True,-34.91750980128955,0.689210346311501
id,test_id,salt_canopy_000_xl_0363,salt_canopy,24,13,6,True,-36.52701744823865,0.7209792017956866
id,test_id,salt_canopy_000_xl_0363,salt_canopy,24,14,6,True,-36.76074962482224,0.725592664648108
id,test_id,salt_canopy_000_xl_0363,salt_canopy,24,15,6,True,-33.036381791545594,0.6520801816912275
id,test_id,salt_canopy_000_xl_0363,salt_canopy,24,16,6,True,-35.37894809878817,0.6983183282560974
id,test_id,salt_canopy_000_xl_0363,salt_canopy,24,17,6,True,-35.30091375053249,0.696778067209661
id,test_id,salt_canopy_000_xl_0363,salt_canopy,24,18,6,True,-35.07896447798121,0.6923971781981255
id,test_id,salt_canopy_000_xl_0363,salt_canopy,24,19,6,True,-34.16360175221361,0.6743295248970408
id,test_id,salt_canopy_000_xl_0363,salt_canopy,24,20,6,True,-36.133886148960926,0.7132194800840576
id,test_id,salt_canopy_000_xl_0363,salt_canopy,24,21,6,True,-35.4467920905418,0.699657449554202
id,test_id,salt_canopy_000_xl_0363,salt_canopy,24,22,6,True,-36.053147827912184,0.7116258473614697
id,test_id,salt_canopy_000_xl_0363,salt_canopy,24,23,6,True,-37.71409374110233,0.7444100039221467
id,test_id,salt_canopy_000_xl_0363,salt_canopy,24,24,6,True,-35.76993741430192,0.7060357709684462
id,test_id,salt_canopy_000_xl_0363,salt_canopy,24,25,6,True,-37.15018109906468,0.7332793583085288
id,test_id,salt_canopy_000_xl_0363,salt_canopy,24,26,6,True,-36.58317736933652,0.7220877000502572
id,test_id,salt_canopy_000_xl_0363,salt_canopy,24,27,6,True,-35.524257330225026,0.7011864773964797
id,test_id,salt_canopy_000_xl_0363,salt_canopy,24,28,6,True,-36.11632113485449,0.7128727775407157
id,test_id,salt_canopy_000_xl_0363,salt_canopy,24,29,6,True,-34.68057784132738,0.684533725352358
id,test_id,salt_canopy_000_xl_0363,salt_canopy,24,30,6,True,-35.00941968982182,0.6910244861646938
id,test_id,salt_canopy_000_xl_0363,salt_canopy,24,31,6,True,-34.67802014795197,0.6844832409751198
id,test_id,salt_canopy_000_xl_0363,salt_canopy,24,32,6,True,-35.763810289378966,0.7059148322785428
id,test_id,salt_canopy_000_xl_0363,salt_canopy,24,33,6,True,-36.23851600737577,0.7152846898130155
id,test_id,salt_canopy_000_xl_0363,salt_canopy,24,34,6,True,-34.88914700776379,0.688650514557762
id,test_id,salt_canopy_000_xl_0363,salt_canopy,24,35,6,True,-36.32310478596555,0.7169543238080428
id,test_id,salt_canopy_000_xl_0363,salt_canopy,24,36,6,True,-35.57539171565985,0.7021957803993146
id,test_id,salt_canopy_000_xl_0363,salt_canopy,24,37,6,True,-35.60609023292406,0.7028017152393223
id,test_id,salt_canopy_000_xl_0363,salt_canopy,24,38,6,True,-37.19884672564581,0.7342399323454605
id,test_id,salt_canopy_000_xl_0363,salt_canopy,24,39,6,True,-35.246145929981964,0.6956970465760833
id,test_id,salt_canopy_000_xl_0363,salt_canopy,24,40,6,True,-37.724492514327395,0.7446152574507187
id,test_id,salt_canopy_000_xl_0363,salt_canopy,24,41,6,True,-34.40773378336851,0.6791482626219112
id,test_id,salt_canopy_000_xl_0363,salt_canopy,24,42,6,True,-35.85693392413087,0.7077529293513986
id,test_id,salt_canopy_000_xl_0363,salt_canopy,24,43,6,True,-34.85252507137382,0.6879276618226855
id,test_id,salt_canopy_000_xl_0363,salt_canopy,24,44,6,True,-37.794212437970494,0.7459914063511507
id,test_id,salt_canopy_000_xl_0363,salt_canopy,24,45,6,True,-34.04025803183643,0.6718949363848506
id,test_id,salt_canopy_000_xl_0363,salt_canopy,24,46,6,True,-36.94756849221999,0.7292801411328133
id,test_id,salt_canopy_000_xl_0363,salt_canopy,24,47,6,True,-35.71839976176706,0.7050185081809857
id,test_id,salt_canopy_000_xl_0363,salt_canopy,24,48,6,True,-35.77808000842773,0.7061964914822876
id,test_id,salt_canopy_000_xl_0363,salt_canopy,24,49,6,True,-36.03125670668525,0.7111937550579854
id,test_id,salt_canopy_000_xl_0363,salt_canopy,24,50,6,True,-35.33565155975988,0.6974637305821054
id,test_id,salt_canopy_000_xl_0363,salt_canopy,24,51,6,True,-34.78314274716618,0.6865581765424584
id,test_id,salt_canopy_000_xl_0363,salt_canopy,24,52,6,True,-34.97909072845272,0.6904258457093059
id,test_id,salt_canopy_000_xl_0363,salt_canopy,24,53,6,True,-36.27900234693493,0.71608381908275
id,test_id,salt_canopy_000_xl_0363,salt_canopy,24,54,6,True,-35.115729165670814,0.6931228485932592
id,test_id,salt_canopy_000_xl_0363,salt_canopy,24,55,6,True,-35.04298767348874,0.691687059234186
id,test_id,salt_canopy_000_xl_0363,salt_canopy,24,56,6,True,-35.34478988843509,0.6976441051479548
id,test_id,salt_canopy_000_xl_0363,salt_canopy,24,57,6,True,-34.926994648620074,0.6893975605472981
id,test_id,salt_canopy_000_xl_0363,salt_canopy,24,58,6,True,-37.520158486243,0.7405820624416614
id,test_id,salt_canopy_000_xl_0363,salt_canopy,24,59,6,True,-35.72592214870794,0.705166986893761
id,test_id,salt_canopy_000_xl_0363,salt_canopy,24,60,6,True,-34.95691085551823,0.6899880539540139
id,test_id,salt_canopy_000_xl_0363,salt_canopy,24,61,6,True,-36.841144628261546,0.7271795208837744
id,test_id,salt_canopy_000_xl_0363,salt_canopy,24,62,6,True,-36.79238199060998,0.7262170320186134
id,test_id,salt_canopy_000_xl_0363,salt_canopy,24,63,6,True,-36.82920227144757,0.7269437997248954
id,test_id,salt_canopy_000_xl_0363,salt_canopy,24,64,6,True,-35.043124006875544,0.69168975021591
id,test_id,salt_canopy_000_xl_0363,salt_canopy,24,65,6,True,-35.672798330561264,0.7041184159816134
id,test_id,salt_canopy_000_xl_0363,salt_canopy,24,66,6,True,-33.92078089311075,0.669536667406735
id,test_id,salt_canopy_000_xl_0363,salt_canopy,24,67,6,True,-35.67291939922626,0.7041208056645264
id,test_id,salt_canopy_000_xl_0363,salt_canopy,24,68,6,True,-34.480939563248185,0.6805932162050846
id,test_id,salt_canopy_000_xl_0363,salt_canopy,24,69,6,True,-34.46847810946332,0.6803472489832673
id,test_id,salt_canopy_000_xl_0363,salt_canopy,24,70,6,True,-35.756950729522046,0.7057794366088223
id,test_id,salt_canopy_000_xl_0363,salt_canopy,24,71,6,True,-35.773388604737335,0.7061038914091282
id,test_id,salt_canopy_000_xl_0363,salt_canopy,24,72,6,True,-36.12453696041839,0.7130349435145881
id,test_id,salt_canopy_000_xl_0363,salt_canopy,24,73,6,True,-35.85210326587886,0.707657580637652
id,test_id,salt_canopy_000_xl_0363,salt_canopy,24,74,6,True,-35.718363701670675,0.7050177964179863
id,test_id,salt_canopy_000_xl_0363,salt_canopy,24,75,6,True,-37.33734469865773,0.7369736392015964
id,test_id,salt_canopy_000_xl_0363,salt_canopy,24,76,6,True,-35.15222184511131,0.6938431500230618
id,test_id,salt_canopy_000_xl_0363,salt_canopy,24,77,6,True,-35.8496750035427,0.7076096510019143
id,test_id,salt_canopy_000_xl_0363,salt_canopy,24,78,6,True,-34.2777842540428,0.6765832870374754
id,test_id,salt_canopy_000_xl_0363,salt_canopy,24,79,6,True,-35.73300703377966,0.705306830087667
id,test_id,salt_canopy_000_xl_0363,salt_canopy,24,80,6,True,-36.40138564811586,0.718499450606008
id,test_id,salt_canopy_000_xl_0363,salt_canopy,24,81,6,True,-36.190586886362254,0.7143386531030633
id,test_id,salt_canopy_000_xl_0363,salt_canopy,24,82,6,True,-36.771280976409855,0.7258005350408173
id,test_id,salt_canopy_000_xl_0363,salt_canopy,24,83,6,True,-36.84704935418962,0.7272960698079367
id,test_id,salt_canopy_000_xl_0363,salt_canopy,24,84,6,True,-36.025414508370275,0.7110784403191397
id,test_id,salt_canopy_000_xl_0363,salt_canopy,24,85,6,True,-34.771638005965215,0.6863310931475525
id,test_id,salt_canopy_000_xl_0363,salt_canopy,24,86,6,True,-35.967030766253046,0.7099260477415312
id,test_id,salt_canopy_000_xl_0363,salt_canopy,24,87,6,True,-34.12991797039135,0.6736646661752442
id,test_id,salt_canopy_000_xl_0363,salt_canopy,24,88,6,True,-36.933296590122126,0.7289984388395124
id,test_id,salt_canopy_000_xl_0363,salt_canopy,24,89,6,True,-36.268677952336574,0.7158800336576987
id,test_id,salt_canopy_000_xl_0363,salt_canopy,24,90,6,True,-37.80565446250631,0.746217251829185
id,test_id,salt_canopy_000_xl_0363,salt_canopy,24,91,6,True,-36.23834308749724,0.7152812766781715
id,test_id,salt_canopy_000_xl_0363,salt_canopy,24,92,6,True,-36.70539526084082,0.7245000666768726
id,test_id,salt_canopy_000_xl_0363,salt_canopy,24,93,6,True,-36.550160919409976,0.721436013288591
id,test_id,salt_canopy_000_xl_0363,salt_canopy,24,94,6,True,-36.28749333316802,0.7162514162451922
id,test_id,salt_canopy_000_xl_0363,salt_canopy,24,95,6,True,-35.0818604552264,0.692454339705101
id,test_id,salt_canopy_000_xl_0363,salt_canopy,24,96,6,True,-36.98706371255102,0.7300597074488795
id,test_id,salt_canopy_000_xl_0363,salt_canopy,24,97,6,True,-36.12873063070432,0.7131177192041069
id,test_id,salt_canopy_000_xl_0363,salt_canopy,24,98,6,True,-35.396857153725776,0.6986718215614877
id,test_id,salt_canopy_000_xl_0363,salt_canopy,24,99,6,True,-34.5812089242193,0.6825723573692914
id,test_id,seam_008_il_0665,seam,25,0,17,True,-20.714308209029767,0.9646921390907067
id,test_id,seam_008_il_0665,seam,25,1,17,True,-21.03990107532492,0.9798554202145257
id,test_id,seam_008_il_0665,seam,25,2,17,True,-20.524210363726517,0.9558390364347279
id,test_id,seam_008_il_0665,seam,25,3,17,True,-20.921613348278278,0.9743466076931853
id,test_id,seam_008_il_0665,seam,25,4,17,True,-19.820218354420938,0.9230532175453614
id,test_id,seam_008_il_0665,seam,25,5,17,True,-20.570058174962565,0.9579742283343371
id,test_id,seam_008_il_0665,seam,25,6,17,True,-19.42661091471021,0.9047224097218571
id,test_id,seam_008_il_0665,seam,25,7,17,True,-20.285527326943576,0.9447232585388273
id,test_id,seam_008_il_0665,seam,25,8,17,True,-20.73073888332616,0.965457336855157
id,test_id,seam_008_il_0665,seam,25,9,17,True,-20.2124362669844,0.9413193132914701
id,test_id,seam_008_il_0665,seam,25,10,17,True,-20.67662000646331,0.9629369507259573
id,test_id,seam_008_il_0665,seam,25,11,17,True,-20.80712069658008,0.9690145367419214
id,test_id,seam_008_il_0665,seam,25,12,17,True,-20.542620080838905,0.9566964007841423
id,test_id,seam_008_il_0665,seam,25,13,17,True,-20.67298229169274,0.9627675376416293
id,test_id,seam_008_il_0665,seam,25,14,17,True,-20.82898641865552,0.9700328517147826
id,test_id,seam_008_il_0665,seam,25,15,17,True,-19.41239951695294,0.9040605665377365
id,test_id,seam_008_il_0665,seam,25,16,17,True,-20.851153477463413,0.9710652003292253
id,test_id,seam_008_il_0665,seam,25,17,17,True,-20.607425423509056,0.9597144694550394
id,test_id,seam_008_il_0665,seam,25,18,17,True,-20.948608051642502,0.9756037859619334
id,test_id,seam_008_il_0665,seam,25,19,17,True,-19.532793363164508,0.909667463754056
id,test_id,seam_008_il_0665,seam,25,20,17,True,-20.63412005123936,0.9609576728131966
id,test_id,seam_008_il_0665,seam,25,21,17,True,-20.82011624440514,0.9696197562213024
id,test_id,seam_008_il_0665,seam,25,22,17,True,-19.30472596867265,0.8990460700570514
id,test_id,seam_008_il_0665,seam,25,23,17,True,-20.433558369214083,0.9516172557401199
id,test_id,seam_008_il_0665,seam,25,24,17,True,-20.548549871296473,0.9569725587993242
id,test_id,seam_008_il_0665,seam,25,25,17,True,-19.97966844529924,0.9304790146173848
id,test_id,seam_008_il_0665,seam,25,26,17,True,-20.497810278536143,0.954609550303814
id,test_id,seam_008_il_0665,seam,25,27,17,True,-20.62238480542912,0.9604111472295664
id,test_id,seam_008_il_0665,seam,25,28,17,True,-20.53561697174473,0.9563702569311028
id,test_id,seam_008_il_0665,seam,25,29,17,True,-20.367309741513736,0.948531971417653
id,test_id,seam_008_il_0665,seam,25,30,17,True,-20.785977059351527,0.968029850194809
id,test_id,seam_008_il_0665,seam,25,31,17,True,-20.529399120572258,0.9560806835556561
id,test_id,seam_008_il_0665,seam,25,32,17,True,-20.294756565871978,0.9451530761390181
id,test_id,seam_008_il_0665,seam,25,33,17,True,-20.620162988769543,0.9603076743525404
id,test_id,seam_008_il_0665,seam,25,34,17,True,-20.16325705155397,0.9390289735874532
id,test_id,seam_008_il_0665,seam,25,35,17,True,-21.004413726643055,0.9782027284632442
id,test_id,seam_008_il_0665,seam,25,36,17,True,-20.442680550508395,0.9520420875277512
id,test_id,seam_008_il_0665,seam,25,37,17,True,-19.972436721580664,0.930142223885443
id,test_id,seam_008_il_0665,seam,25,38,17,True,-19.114169990765053,0.8901716315728321
id,test_id,seam_008_il_0665,seam,25,39,17,True,-20.803917264558716,0.9688653487672164
id,test_id,seam_008_il_0665,seam,25,40,17,True,-20.058508269597816,0.93415068725934
id,test_id,seam_008_il_0665,seam,25,41,17,True,-20.051930828095863,0.9338443672969141
id,test_id,seam_008_il_0665,seam,25,42,17,True,-20.967260360882065,0.9764724481406427
id,test_id,seam_008_il_0665,seam,25,43,17,True,-20.40647769656792,0.9503560737706611
id,test_id,seam_008_il_0665,seam,25,44,17,True,-19.885462889734995,0.926091739986032
id,test_id,seam_008_il_0665,seam,25,45,17,True,-19.97784998961189,0.9303943267828132
id,test_id,seam_008_il_0665,seam,25,46,17,True,-20.22825290966184,0.9420559148088257
id,test_id,seam_008_il_0665,seam,25,47,17,True,-20.620284177173303,0.9603133182533299
id,test_id,seam_008_il_0665,seam,25,48,17,True,-20.55759020357497,0.9573935787723702
id,test_id,seam_008_il_0665,seam,25,49,17,True,-20.683325402853555,0.9632492297131136
id,test_id,seam_008_il_0665,seam,25,50,17,True,-20.800065093286012,0.9686859481660611
id,test_id,seam_008_il_0665,seam,25,51,17,True,-20.32923039669975,0.94675856705227
id,test_id,seam_008_il_0665,seam,25,52,17,True,-20.244467133609266,0.9428110322004222
id,test_id,seam_008_il_0665,seam,25,53,17,True,-20.510153056346724,0.95518436943889
id,test_id,seam_008_il_0665,seam,25,54,17,True,-20.71360155382568,0.9646592292433899
id,test_id,seam_008_il_0665,seam,25,55,17,True,-20.320269799328138,0.9463412604370205
id,test_id,seam_008_il_0665,seam,25,56,17,True,-20.905798020447985,0.9736100674099635
id,test_id,seam_008_il_0665,seam,25,57,17,True,-19.523428674291733,0.9092313380746738
id,test_id,seam_008_il_0665,seam,25,58,17,True,-20.085523640816852,0.935408828056833
id,test_id,seam_008_il_0665,seam,25,59,17,True,-20.3108160592789,0.9459009875291113
id,test_id,seam_008_il_0665,seam,25,60,17,True,-20.81707479217474,0.9694781118550759
id,test_id,seam_008_il_0665,seam,25,61,17,True,-20.839148861037184,0.9705061298074236
id,test_id,seam_008_il_0665,seam,25,62,17,True,-20.96159402989857,0.9762085597741037
id,test_id,seam_008_il_0665,seam,25,63,17,True,-20.55214610307479,0.9571400399670216
id,test_id,seam_008_il_0665,seam,25,64,17,True,-20.06411289264277,0.9344117018073266
id,test_id,seam_008_il_0665,seam,25,65,17,True,-20.121135742594724,0.9370673297212347
id,test_id,seam_008_il_0665,seam,25,66,17,True,-20.753599156675183,0.9665219693678497
id,test_id,seam_008_il_0665,seam,25,67,17,True,-20.408395531179938,0.950445389810358
id,test_id,seam_008_il_0665,seam,25,68,17,True,-20.39828690962289,0.9499746182231672
id,test_id,seam_008_il_0665,seam,25,69,17,True,-20.190950170270266,0.9403186779629471
id,test_id,seam_008_il_0665,seam,25,70,17,True,-20.89868401342204,0.9732787588967315
id,test_id,seam_008_il_0665,seam,25,71,17,True,-20.822278637335994,0.9697204616583835
id,test_id,seam_008_il_0665,seam,25,72,17,True,-20.326403743824994,0.9466269261700019
id,test_id,seam_008_il_0665,seam,25,73,17,True,-20.47036485987666,0.9533313816405075
id,test_id,seam_008_il_0665,seam,25,74,17,True,-20.69233733158357,0.9636689268961511
id,test_id,seam_008_il_0665,seam,25,75,17,True,-20.830557731181685,0.9701060297725164
id,test_id,seam_008_il_0665,seam,25,76,17,True,-19.98765182017983,0.9308508107166321
id,test_id,seam_008_il_0665,seam,25,77,17,True,-20.20716518524965,0.9410738321939263
id,test_id,seam_008_il_0665,seam,25,78,17,True,-20.789010403937304,0.9681711169775333
id,test_id,seam_008_il_0665,seam,25,79,17,True,-20.776655652085967,0.9675957401958841
id,test_id,seam_008_il_0665,seam,25,80,17,True,-20.43877900571285,0.9518603875377445
id,test_id,seam_008_il_0665,seam,25,81,17,True,-19.925942562184375,0.9279769307155903
id,test_id,seam_008_il_0665,seam,25,82,17,True,-20.80586193360552,0.9689559145212666
id,test_id,seam_008_il_0665,seam,25,83,17,True,-20.301031599906647,0.9454453125943557
id,test_id,seam_008_il_0665,seam,25,84,17,True,-20.821271234567057,0.9696735456077825
id,test_id,seam_008_il_0665,seam,25,85,17,True,-20.391801632434433,0.9496725904720881
id,test_id,seam_008_il_0665,seam,25,86,17,True,-20.062713525283534,0.9343465314585256
id,test_id,seam_008_il_0665,seam,25,87,17,True,-20.573283991300123,0.9581244587756143
id,test_id,seam_008_il_0665,seam,25,88,17,True,-20.68728015117397,0.9634334074601228
id,test_id,seam_008_il_0665,seam,25,89,17,True,-20.24717548275056,0.9429371635247294
id,test_id,seam_008_il_0665,seam,25,90,17,True,-20.564469556398546,0.957713959135739
id,test_id,seam_008_il_0665,seam,25,91,17,True,-20.67183843751987,0.9627142668725697
id,test_id,seam_008_il_0665,seam,25,92,17,True,-20.32466544028802,0.9465459711247957
id,test_id,seam_008_il_0665,seam,25,93,17,True,-20.993578889927022,0.9776981360963252
id,test_id,seam_008_il_0665,seam,25,94,17,True,-19.912368686257018,0.9273447777480873
id,test_id,seam_008_il_0665,seam,25,95,17,True,-20.912455008418462,0.9739200919543667
id,test_id,seam_008_il_0665,seam,25,96,17,True,-20.808093126572764,0.9690598240650747
id,test_id,seam_008_il_0665,seam,25,97,17,True,-20.219511727055384,0.9416488266231271
id,test_id,seam_008_il_0665,seam,25,98,17,True,-20.731378104170624,0.9654871061970817
id,test_id,seam_008_il_0665,seam,25,99,17,True,-20.21272555733436,0.9413327859174299
id,test_id,salt_canopy_003_il_0599,salt_canopy,26,0,14,True,-38.95284196132421,0.9112568965444523
id,test_id,salt_canopy_003_il_0599,salt_canopy,26,1,14,True,-38.39538832674005,0.8982159104843601
id,test_id,salt_canopy_003_il_0599,salt_canopy,26,2,14,True,-39.524248932711316,0.9246243048564587
id,test_id,salt_canopy_003_il_0599,salt_canopy,26,3,14,True,-38.448412920898384,0.8994563598246479
id,test_id,salt_canopy_003_il_0599,salt_canopy,26,4,14,True,-39.5201243304702,0.9245278145351243
id,test_id,salt_canopy_003_il_0599,salt_canopy,26,5,14,True,-39.91687487422641,0.9338093367810383
id,test_id,salt_canopy_003_il_0599,salt_canopy,26,6,14,True,-40.147068491354815,0.9391944514629671
id,test_id,salt_canopy_003_il_0599,salt_canopy,26,7,14,True,-37.544104424210985,0.8783011035527609
id,test_id,salt_canopy_003_il_0599,salt_canopy,26,8,14,True,-40.472699447270166,0.9468122128217105
id,test_id,salt_canopy_003_il_0599,salt_canopy,26,9,14,True,-39.19293455596538,0.9168735864099373
id,test_id,salt_canopy_003_il_0599,salt_canopy,26,10,14,True,-40.59894029996471,0.9497654722464729
id,test_id,salt_canopy_003_il_0599,salt_canopy,26,11,14,True,-40.61898250733846,0.9502343366160982
id,test_id,salt_canopy_003_il_0599,salt_canopy,26,12,14,True,-40.510223725391874,0.9476900501117398
id,test_id,salt_canopy_003_il_0599,salt_canopy,26,13,14,True,-39.59738040373066,0.9263351314345807
id,test_id,salt_canopy_003_il_0599,salt_canopy,26,14,14,True,-35.81417842082281,0.837831476133425
id,test_id,salt_canopy_003_il_0599,salt_canopy,26,15,14,True,-39.83034115839881,0.9317849801138199
id,test_id,salt_canopy_003_il_0599,salt_canopy,26,16,14,True,-39.51938597568902,0.9245105415749869
id,test_id,salt_canopy_003_il_0599,salt_canopy,26,17,14,True,-40.036646678051625,0.9366112602544444
id,test_id,salt_canopy_003_il_0599,salt_canopy,26,18,14,True,-37.81300969625006,0.8845918328378297
id,test_id,salt_canopy_003_il_0599,salt_canopy,26,19,14,True,-40.274807686471576,0.9421827628838582
id,test_id,salt_canopy_003_il_0599,salt_canopy,26,20,14,True,-39.35360808178477,0.9206323585847739
id,test_id,salt_canopy_003_il_0599,salt_canopy,26,21,14,True,-38.55551736188133,0.901961944926581
id,test_id,salt_canopy_003_il_0599,salt_canopy,26,22,14,True,-39.70200738957893,0.9287827593255968
id,test_id,salt_canopy_003_il_0599,salt_canopy,26,23,14,True,-40.47694601641699,0.9469115564183996
id,test_id,salt_canopy_003_il_0599,salt_canopy,26,24,14,True,-39.428598494522035,0.9223866729644378
id,test_id,salt_canopy_003_il_0599,salt_canopy,26,25,14,True,-37.99465094450407,0.8888411207417201
id,test_id,salt_canopy_003_il_0599,salt_canopy,26,26,14,True,-38.14990101668154,0.8924730174618927
id,test_id,salt_canopy_003_il_0599,salt_canopy,26,27,14,True,-39.30372073981577,0.9194653016479613
id,test_id,salt_canopy_003_il_0599,salt_canopy,26,28,14,True,-38.98965070778194,0.912117994794897
id,test_id,salt_canopy_003_il_0599,salt_canopy,26,29,14,True,-38.86500536790721,0.9092020605558558
id,test_id,salt_canopy_003_il_0599,salt_canopy,26,30,14,True,-39.647636875079755,0.9275108237283115
id,test_id,salt_canopy_003_il_0599,salt_canopy,26,31,14,True,-38.87117177308808,0.9093463165065139
id,test_id,salt_canopy_003_il_0599,salt_canopy,26,32,14,True,-39.49232628638335,0.9238775112938425
id,test_id,salt_canopy_003_il_0599,salt_canopy,26,33,14,True,-39.60618179042493,0.9265410297444463
id,test_id,salt_canopy_003_il_0599,salt_canopy,26,34,14,True,-40.3209544285951,0.9432623127933328
id,test_id,salt_canopy_003_il_0599,salt_canopy,26,35,14,True,-39.234027577023284,0.9178349103327472
id,test_id,salt_canopy_003_il_0599,salt_canopy,26,36,14,True,-39.958067469055116,0.9347729901175906
id,test_id,salt_canopy_003_il_0599,salt_canopy,26,37,14,True,-40.04117505969285,0.9367171965300272
id,test_id,salt_canopy_003_il_0599,salt_canopy,26,38,14,True,-39.416420280600164,0.9221017776688674
id,test_id,salt_canopy_003_il_0599,salt_canopy,26,39,14,True,-38.72490363172702,0.9059245417181081
id,test_id,salt_canopy_003_il_0599,salt_canopy,26,40,14,True,-39.759273142687135,0.9301224256972437
id,test_id,salt_canopy_003_il_0599,salt_canopy,26,41,14,True,-38.93002881851977,0.9107232093302295
id,test_id,salt_canopy_003_il_0599,salt_canopy,26,42,14,True,-38.62580865447953,0.9036063288000535
id,test_id,salt_canopy_003_il_0599,salt_canopy,26,43,14,True,-40.54638448481944,0.9485359894515542
id,test_id,salt_canopy_003_il_0599,salt_canopy,26,44,14,True,-39.83029301251791,0.9317838537963596
id,test_id,salt_canopy_003_il_0599,salt_canopy,26,45,14,True,-39.88832071874868,0.9331413451841762
id,test_id,salt_canopy_003_il_0599,salt_canopy,26,46,14,True,-38.30638817810098,0.8961338544607881
id,test_id,salt_canopy_003_il_0599,salt_canopy,26,47,14,True,-39.103161848337656,0.914773457258168
id,test_id,salt_canopy_003_il_0599,salt_canopy,26,48,14,True,-38.26479742750779,0.8951608867284686
id,test_id,salt_canopy_003_il_0599,salt_canopy,26,49,14,True,-38.31511290927574,0.8963379595030178
id,test_id,salt_canopy_003_il_0599,salt_canopy,26,50,14,True,-39.367567197505934,0.9209589160278272
id,test_id,salt_canopy_003_il_0599,salt_canopy,26,51,14,True,-38.86187968710652,0.9091289388516974
id,test_id,salt_canopy_003_il_0599,salt_canopy,26,52,14,True,-38.94037749462332,0.9109653046946399
id,test_id,salt_canopy_003_il_0599,salt_canopy,26,53,14,True,-37.52961525570651,0.877962146135019
id,test_id,salt_canopy_003_il_0599,salt_canopy,26,54,14,True,-39.17801941102669,0.9165246637638862
id,test_id,salt_canopy_003_il_0599,salt_canopy,26,55,14,True,-39.94265312461607,0.9344123892738907
id,test_id,salt_canopy_003_il_0599,salt_canopy,26,56,14,True,-39.55161484542794,0.9252644988817883
id,test_id,salt_canopy_003_il_0599,salt_canopy,26,57,14,True,-38.24698010028167,0.8947440708686935
id,test_id,salt_canopy_003_il_0599,salt_canopy,26,58,14,True,-40.120735298163005,0.9385784167220899
id,test_id,salt_canopy_003_il_0599,salt_canopy,26,59,14,True,-39.476917683466695,0.9235170447664491
id,test_id,salt_canopy_003_il_0599,salt_canopy,26,60,14,True,-39.5719239088925,0.9257396060424623
id,test_id,salt_canopy_003_il_0599,salt_canopy,26,61,14,True,-39.06809285670502,0.9139530585691111
id,test_id,salt_canopy_003_il_0599,salt_canopy,26,62,14,True,-39.1978288858607,0.916988083623658
id,test_id,salt_canopy_003_il_0599,salt_canopy,26,63,14,True,-40.24443495270772,0.9414722277414752
id,test_id,salt_canopy_003_il_0599,salt_canopy,26,64,14,True,-38.47476279428565,0.9000727847794963
id,test_id,salt_canopy_003_il_0599,salt_canopy,26,65,14,True,-39.27379117948852,0.9187651340379618
id,test_id,salt_canopy_003_il_0599,salt_canopy,26,66,14,True,-39.012319752430216,0.9126483109986369
id,test_id,salt_canopy_003_il_0599,salt_canopy,26,67,14,True,-40.58698883069481,0.9494858813810149
id,test_id,salt_canopy_003_il_0599,salt_canopy,26,68,14,True,-39.62914168469212,0.9270781500402048
id,test_id,salt_canopy_003_il_0599,salt_canopy,26,69,14,True,-38.784372955240066,0.9073157580827037
id,test_id,salt_canopy_003_il_0599,salt_canopy,26,70,14,True,-39.64222429733684,0.9273842027027845
id,test_id,salt_canopy_003_il_0599,salt_canopy,26,71,14,True,-39.7631275288164,0.930212594623704
id,test_id,salt_canopy_003_il_0599,salt_canopy,26,72,14,True,-40.054408687481434,0.9370267820180547
id,test_id,salt_canopy_003_il_0599,salt_canopy,26,73,14,True,-38.69868821740165,0.9053112622782288
id,test_id,salt_canopy_003_il_0599,salt_canopy,26,74,14,True,-38.55831080417418,0.9020272942933094
id,test_id,salt_canopy_003_il_0599,salt_canopy,26,75,14,True,-38.860124331692795,0.9090878743324973
id,test_id,salt_canopy_003_il_0599,salt_canopy,26,76,14,True,-39.158747691178675,0.916073824062968
id,test_id,salt_canopy_003_il_0599,salt_canopy,26,77,14,True,-39.49452918582931,0.92392904559048
id,test_id,salt_canopy_003_il_0599,salt_canopy,26,78,14,True,-39.39974679398204,0.9217117206433669
id,test_id,salt_canopy_003_il_0599,salt_canopy,26,79,14,True,-39.22254900302865,0.9175663823078731
id,test_id,salt_canopy_003_il_0599,salt_canopy,26,80,14,True,-39.50549457728117,0.9241855683005242
id,test_id,salt_canopy_003_il_0599,salt_canopy,26,81,14,True,-39.68760129920635,0.9284457454251143
id,test_id,salt_canopy_003_il_0599,salt_canopy,26,82,14,True,-36.899981988169216,0.8632326006526418
id,test_id,salt_canopy_003_il_0599,salt_canopy,26,83,14,True,-37.554456908159,0.8785432879973093
id,test_id,salt_canopy_003_il_0599,salt_canopy,26,84,14,True,-39.790210884809866,0.9308461785597651
id,test_id,salt_canopy_003_il_0599,salt_canopy,26,85,14,True,-40.022058409801986,0.936269984512245
id,test_id,salt_canopy_003_il_0599,salt_canopy,26,86,14,True,-39.70978297789155,0.928964660263187
id,test_id,salt_canopy_003_il_0599,salt_canopy,26,87,14,True,-38.7023520962374,0.9053969745058628
id,test_id,salt_canopy_003_il_0599,salt_canopy,26,88,14,True,-38.942588269687306,0.9110170232322952
id,test_id,salt_canopy_003_il_0599,salt_canopy,26,89,14,True,-39.355648948937066,0.9206801023224275
id,test_id,salt_canopy_003_il_0599,salt_canopy,26,90,14,True,-39.708736024052044,0.9289401679833287
id,test_id,salt_canopy_003_il_0599,salt_canopy,26,91,14,True,-37.30322601166252,0.8726660303819399
id,test_id,salt_canopy_003_il_0599,salt_canopy,26,92,14,True,-39.535302114688534,0.9248828813247812
id,test_id,salt_canopy_003_il_0599,salt_canopy,26,93,14,True,-40.45647031261612,0.9464325508988878
id,test_id,salt_canopy_003_il_0599,salt_canopy,26,94,14,True,-38.77622871377094,0.9071252329288977
id,test_id,salt_canopy_003_il_0599,salt_canopy,26,95,14,True,-40.139199936308444,0.9390103756756611
id,test_id,salt_canopy_003_il_0599,salt_canopy,26,96,14,True,-40.15613143773902,0.939406468660681
id,test_id,salt_canopy_003_il_0599,salt_canopy,26,97,14,True,-37.021509271782065,0.8660755915548325
id,test_id,salt_canopy_003_il_0599,salt_canopy,26,98,14,True,-37.94674627285899,0.8877204460947553
id,test_id,salt_canopy_003_il_0599,salt_canopy,26,99,14,True,-38.28906279137269,0.8957285469826547
id,test_id,f3_049_xl_0386,f3,27,0,18,True,-23.09062389922124,0.9834682150091478
id,test_id,f3_049_xl_0386,f3,27,1,18,True,-22.32007448978552,0.9506492294511324
id,test_id,f3_049_xl_0386,f3,27,2,18,True,-23.089403146510133,0.9834162211134865
id,test_id,f3_049_xl_0386,f3,27,3,18,True,-22.973943664564658,0.9784986090511021
id,test_id,f3_049_xl_0386,f3,27,4,18,True,-22.929163856093293,0.976591362261323
id,test_id,f3_049_xl_0386,f3,27,5,18,True,-23.07334058016021,0.982732089600819
id,test_id,f3_049_xl_0386,f3,27,6,18,True,-22.797618430191235,0.9709886229949806
id,test_id,f3_049_xl_0386,f3,27,7,18,True,-22.865536701152585,0.9738813755252018
id,test_id,f3_049_xl_0386,f3,27,8,18,True,-20.6548909385121,0.8797262824584053
id,test_id,f3_049_xl_0386,f3,27,9,18,True,-21.98272350956662,0.9362808880933806
id,test_id,f3_049_xl_0386,f3,27,10,18,True,-22.577852453168603,0.9616284231976299
id,test_id,f3_049_xl_0386,f3,27,11,18,True,-22.61241607769582,0.9631005456602536
id,test_id,f3_049_xl_0386,f3,27,12,18,True,-22.854690683968364,0.9734194255490263
id,test_id,f3_049_xl_0386,f3,27,13,18,True,-22.282374461762043,0.9490435223282818
id,test_id,f3_049_xl_0386,f3,27,14,18,True,-23.048012983433708,0.9816533449791144
id,test_id,f3_049_xl_0386,f3,27,15,18,True,-21.87799133112168,0.9318201697932255
id,test_id,f3_049_xl_0386,f3,27,16,18,True,-22.22131733626655,0.9464429974361561
id,test_id,f3_049_xl_0386,f3,27,17,18,True,-22.2432085018257,0.9473753787183112
id,test_id,f3_049_xl_0386,f3,27,18,18,True,-22.37454813188125,0.9529693527960342
id,test_id,f3_049_xl_0386,f3,27,19,18,True,-22.460508243097337,0.9566305374183572
id,test_id,f3_049_xl_0386,f3,27,20,18,True,-22.71930984156475,0.9676533294917604
id,test_id,f3_049_xl_0386,f3,27,21,18,True,-22.21407740738726,0.9461346367802125
id,test_id,f3_049_xl_0386,f3,27,22,18,True,-22.103982519021034,0.9414455117130107
id,test_id,f3_049_xl_0386,f3,27,23,18,True,-22.877379918098658,0.9743857979037721
id,test_id,f3_049_xl_0386,f3,27,24,18,True,-21.996939372155428,0.9368863654103234
id,test_id,f3_049_xl_0386,f3,27,25,18,True,-22.277872734727648,0.9488517862595512
id,test_id,f3_049_xl_0386,f3,27,26,18,True,-22.844858227337525,0.9730006448086664
id,test_id,f3_049_xl_0386,f3,27,27,18,True,-21.32821724402818,0.9084043737345331
id,test_id,f3_049_xl_0386,f3,27,28,18,True,-22.884471990328727,0.9746878610982218
id,test_id,f3_049_xl_0386,f3,27,29,18,True,-22.945349677935408,0.9772807434311432
id,test_id,f3_049_xl_0386,f3,27,30,18,True,-22.904530228145433,0.9755421749282818
id,test_id,f3_049_xl_0386,f3,27,31,18,True,-23.107906124589746,0.9842042938352862
id,test_id,f3_049_xl_0386,f3,27,32,18,True,-23.051719748308347,0.9818112222825006
id,test_id,f3_049_xl_0386,f3,27,33,18,True,-21.85863511033522,0.9309957560402983
id,test_id,f3_049_xl_0386,f3,27,34,18,True,-22.729219195214867,0.9680753854045284
id,test_id,f3_049_xl_0386,f3,27,35,18,True,-22.62878641950672,0.9637977858435466
id,test_id,f3_049_xl_0386,f3,27,36,18,True,-22.267874807786683,0.9484259578624781
id,test_id,f3_049_xl_0386,f3,27,37,18,True,-22.951722435431062,0.9775521698103649
id,test_id,f3_049_xl_0386,f3,27,38,18,True,-22.544215373379984,0.9601957638220231
id,test_id,f3_049_xl_0386,f3,27,39,18,True,-23.22975279561262,0.9893939469420486
id,test_id,f3_049_xl_0386,f3,27,40,18,True,-22.417383214281458,0.9547937704562834
id,test_id,f3_049_xl_0386,f3,27,41,18,True,-22.638800715999825,0.9642243114471695
id,test_id,f3_049_xl_0386,f3,27,42,18,True,-22.437506538472697,0.9556508564236774
id,test_id,f3_049_xl_0386,f3,27,43,18,True,-22.930969695267805,0.9766682759660937
id,test_id,f3_049_xl_0386,f3,27,44,18,True,-21.64723565815827,0.9219919005016273
id,test_id,f3_049_xl_0386,f3,27,45,18,True,-22.388679504105212,0.9535712315273056
id,test_id,f3_049_xl_0386,f3,27,46,18,True,-23.0998429168896,0.983860868360136
id,test_id,f3_049_xl_0386,f3,27,47,18,True,-23.097731530551552,0.9837709408916477
id,test_id,f3_049_xl_0386,f3,27,48,18,True,-23.095427898409056,0.9836728253534489
id,test_id,f3_049_xl_0386,f3,27,49,18,True,-23.13676553040816,0.9854334641015524
id,test_id,f3_049_xl_0386,f3,27,50,18,True,-22.575446803888664,0.9615259625792595
id,test_id,f3_049_xl_0386,f3,27,51,18,True,-21.939489646527065,0.9344394857000526
id,test_id,f3_049_xl_0386,f3,27,52,18,True,-22.77128571258578,0.9698670685972818
id,test_id,f3_049_xl_0386,f3,27,53,18,True,-22.337269028752434,0.9513815735670601
id,test_id,f3_049_xl_0386,f3,27,54,18,True,-23.127818296031293,0.9850523864546128
id,test_id,f3_049_xl_0386,f3,27,55,18,True,-22.87717632913286,0.9743771267098864
id,test_id,f3_049_xl_0386,f3,27,56,18,True,-22.862753430810777,0.9737628313954768
id,test_id,f3_049_xl_0386,f3,27,57,18,True,-22.734233126327908,0.9682889370999456
id,test_id,f3_049_xl_0386,f3,27,58,18,True,-23.019711416462158,0.9804479340004871
id,test_id,f3_049_xl_0386,f3,27,59,18,True,-21.734861526622666,0.9257240325056575
id,test_id,f3_049_xl_0386,f3,27,60,18,True,-22.746845509476778,0.9688261195509948
id,test_id,f3_049_xl_0386,f3,27,61,18,True,-22.446050276674214,0.9560147484949889
id,test_id,f3_049_xl_0386,f3,27,62,18,True,-23.284298358141868,0.9917171334982647
id,test_id,f3_049_xl_0386,f3,27,63,18,True,-22.421966583452942,0.9549889837999105
id,test_id,f3_049_xl_0386,f3,27,64,18,True,-23.322409475120125,0.9933403495858935
id,test_id,f3_049_xl_0386,f3,27,65,18,True,-22.70357635124809,0.9669832138766463
id,test_id,f3_049_xl_0386,f3,27,66,18,True,-22.747169057530535,0.9688399000026745
id,test_id,f3_049_xl_0386,f3,27,67,18,True,-22.552944332654203,0.9605675447679937
id,test_id,f3_049_xl_0386,f3,27,68,18,True,-22.99279983374715,0.9793017247715239
id,test_id,f3_049_xl_0386,f3,27,69,18,True,-23.23853948628414,0.9897681867645962
id,test_id,f3_049_xl_0386,f3,27,70,18,True,-23.05342401519134,0.9818838098538295
id,test_id,f3_049_xl_0386,f3,27,71,18,True,-21.98383534040775,0.9363282428247859
id,test_id,f3_049_xl_0386,f3,27,72,18,True,-23.199263824160695,0.988095370755361
id,test_id,f3_049_xl_0386,f3,27,73,18,True,-22.62475958702423,0.9636262763264811
id,test_id,f3_049_xl_0386,f3,27,74,18,True,-23.151385339603102,0.9860561461787227
id,test_id,f3_049_xl_0386,f3,27,75,18,True,-21.864614004562302,0.9312504071254707
id,test_id,f3_049_xl_0386,f3,27,76,18,True,-23.13563735502632,0.9853854132288766
id,test_id,f3_049_xl_0386,f3,27,77,18,True,-22.5036877491857,0.9584696246584007
id,test_id,f3_049_xl_0386,f3,27,78,18,True,-22.810757674168258,0.9715482453281429
id,test_id,f3_049_xl_0386,f3,27,79,18,True,-22.429499296698513,0.9553098146307331
id,test_id,f3_049_xl_0386,f3,27,80,18,True,-22.31355050350994,0.9503713619857408
id,test_id,f3_049_xl_0386,f3,27,81,18,True,-23.152026123189792,0.9860834382212837
id,test_id,f3_049_xl_0386,f3,27,82,18,True,-23.085963686810643,0.9832697287836988
id,test_id,f3_049_xl_0386,f3,27,83,18,True,-22.769580348740277,0.9697944343044882
id,test_id,f3_049_xl_0386,f3,27,84,18,True,-22.894219116676563,0.9751030074793939
id,test_id,f3_049_xl_0386,f3,27,85,18,True,-23.21494475308502,0.9887632476930396
id,test_id,f3_049_xl_0386,f3,27,86,18,True,-21.96269791858852,0.9354279647466712
id,test_id,f3_049_xl_0386,f3,27,87,18,True,-22.635232216659112,0.9640723231036674
id,test_id,f3_049_xl_0386,f3,27,88,18,True,-22.95813407520531,0.9778252522507351
id,test_id,f3_049_xl_0386,f3,27,89,18,True,-22.709445434092338,0.9672331879117252
id,test_id,f3_049_xl_0386,f3,27,90,18,True,-22.880913182915045,0.9745362855500699
id,test_id,f3_049_xl_0386,f3,27,91,18,True,-22.943396344649084,0.9771975477059516
id,test_id,f3_049_xl_0386,f3,27,92,18,True,-22.62497862151848,0.9636356053712061
id,test_id,f3_049_xl_0386,f3,27,93,18,True,-22.336434044058333,0.9513460101751722
id,test_id,f3_049_xl_0386,f3,27,94,18,True,-22.25565561207908,0.9479055219208656
id,test_id,f3_049_xl_0386,f3,27,95,18,True,-23.204153204061534,0.9883036176067486
id,test_id,f3_049_xl_0386,f3,27,96,18,True,-22.15211638088857,0.9434956132355582
id,test_id,f3_049_xl_0386,f3,27,97,18,True,-22.755174802779266,0.9691808780561023
id,test_id,f3_049_xl_0386,f3,27,98,18,True,-22.406503804405446,0.9543303982296246
id,test_id,f3_049_xl_0386,f3,27,99,18,True,-22.51153642492219,0.95880391285912
id,test_id,f3_048_xl_0442,f3,28,0,20,True,-32.59582321860914,0.9518277964996918
id,test_id,f3_048_xl_0442,f3,28,1,20,True,-31.96726284363009,0.9334732597030335
id,test_id,f3_048_xl_0442,f3,28,2,20,True,-33.18028484557955,0.9688946095943299
id,test_id,f3_048_xl_0442,f3,28,3,20,True,-32.56449019373076,0.9509128435676049
id,test_id,f3_048_xl_0442,f3,28,4,20,True,-32.60446121344201,0.9520800338349114
id,test_id,f3_048_xl_0442,f3,28,5,20,True,-31.948793093424275,0.9329339261349748
id,test_id,f3_048_xl_0442,f3,28,6,20,True,-33.44690660275229,0.9766802083174124
id,test_id,f3_048_xl_0442,f3,28,7,20,True,-33.541988578629436,0.9794566888185795
id,test_id,f3_048_xl_0442,f3,28,8,20,True,-33.54129418752812,0.9794364119644733
id,test_id,f3_048_xl_0442,f3,28,9,20,True,-33.70585122692446,0.984241627748001
id,test_id,f3_048_xl_0442,f3,28,10,20,True,-33.35451459194386,0.9739822772520674
id,test_id,f3_048_xl_0442,f3,28,11,20,True,-33.332034140620024,0.9733258275497731
id,test_id,f3_048_xl_0442,f3,28,12,20,True,-33.83825060710973,0.9881078105240725
id,test_id,f3_048_xl_0442,f3,28,13,20,True,-33.76983762906208,0.9861100891071183
id,test_id,f3_048_xl_0442,f3,28,14,20,True,-33.7637255787567,0.9859316116581746
id,test_id,f3_048_xl_0442,f3,28,15,20,True,-31.70016994148505,0.9256739031166265
id,test_id,f3_048_xl_0442,f3,28,16,20,True,-33.517763598385855,0.9787492972791529
id,test_id,f3_048_xl_0442,f3,28,17,20,True,-33.06473489384978,0.9655204455119272
id,test_id,f3_048_xl_0442,f3,28,18,20,True,-33.19635925346495,0.9693639969797929
id,test_id,f3_048_xl_0442,f3,28,19,20,True,-33.879134620273234,0.9893016610337073
id,test_id,f3_048_xl_0442,f3,28,20,20,True,-33.448814565837175,0.9767359225813742
id,test_id,f3_048_xl_0442,f3,28,21,20,True,-33.41653939345865,0.9757934580821447
id,test_id,f3_048_xl_0442,f3,28,22,20,True,-33.386660517234546,0.974920967618335
id,test_id,f3_048_xl_0442,f3,28,23,20,True,-33.075024139284466,0.9658209008722367
id,test_id,f3_048_xl_0442,f3,28,24,20,True,-32.65457179824311,0.953543308659807
id,test_id,f3_048_xl_0442,f3,28,25,20,True,-33.54794089749121,0.9796305019635418
id,test_id,f3_048_xl_0442,f3,28,26,20,True,-33.15353492149214,0.9681134873895033
id,test_id,f3_048_xl_0442,f3,28,27,20,True,-33.645168272361104,0.9824696300739504
id,test_id,f3_048_xl_0442,f3,28,28,20,True,-33.788436681459366,0.9866531984172152
id,test_id,f3_048_xl_0442,f3,28,29,20,True,-33.8529992671249,0.988538484861377
id,test_id,f3_048_xl_0442,f3,28,30,20,True,-32.83563571777753,0.9588305404134033
id,test_id,f3_048_xl_0442,f3,28,31,20,True,-33.1246916860144,0.967271238580981
id,test_id,f3_048_xl_0442,f3,28,32,20,True,-32.79625110687007,0.9576804738185325
id,test_id,f3_048_xl_0442,f3,28,33,20,True,-31.45025986782037,0.9183763008089931
id,test_id,f3_048_xl_0442,f3,28,34,20,True,-32.679323981723,0.9542660950150466
id,test_id,f3_048_xl_0442,f3,28,35,20,True,-33.95129722351125,0.9914088749294586
id,test_id,f3_048_xl_0442,f3,28,36,20,True,-33.55741509781012,0.979907157262372
id,test_id,f3_048_xl_0442,f3,28,37,20,True,-33.03955241376363,0.9647850941029426
id,test_id,f3_048_xl_0442,f3,28,38,20,True,-32.50482274616597,0.9491704996250248
id,test_id,f3_048_xl_0442,f3,28,39,20,True,-33.53981719696387,0.9793932824915714
id,test_id,f3_048_xl_0442,f3,28,40,20,True,-33.57552956800042,0.9804361163296224
id,test_id,f3_048_xl_0442,f3,28,41,20,True,-33.21710131957204,0.9699696842466908
id,test_id,f3_048_xl_0442,f3,28,42,20,True,-32.34121664661863,0.9443930521532531
id,test_id,f3_048_xl_0442,f3,28,43,20,True,-33.96315703057668,0.9917551921232383
id,test_id,f3_048_xl_0442,f3,28,44,20,True,-32.91376132674708,0.9611118795204711
id,test_id,f3_048_xl_0442,f3,28,45,20,True,-32.8619331863336,0.9595984505036431
id,test_id,f3_048_xl_0442,f3,28,46,20,True,-33.64492585534222,0.9824625512756834
id,test_id,f3_048_xl_0442,f3,28,47,20,True,-33.901728098902915,0.9899614112365205
id,test_id,f3_048_xl_0442,f3,28,48,20,True,-33.7631319681973,0.9859142776879009
id,test_id,f3_048_xl_0442,f3,28,49,20,True,-32.92521959087695,0.9614464712939417
id,test_id,f3_048_xl_0442,f3,28,50,20,True,-32.75056182368342,0.9563463050372275
id,test_id,f3_048_xl_0442,f3,28,51,20,True,-32.388009966241576,0.9457594598064333
id,test_id,f3_048_xl_0442,f3,28,52,20,True,-33.942989418727244,0.9911662794451147
id,test_id,f3_048_xl_0442,f3,28,53,20,True,-33.817151108123724,0.9874916858907906
id,test_id,f3_048_xl_0442,f3,28,54,20,True,-33.62610116514166,0.9819128531357344
id,test_id,f3_048_xl_0442,f3,28,55,20,True,-32.12163171411832,0.9379809716531055
id,test_id,f3_048_xl_0442,f3,28,56,20,True,-32.871566497225174,0.9598797519764556
id,test_id,f3_048_xl_0442,f3,28,57,20,True,-33.78147816059328,0.9864500032551098
id,test_id,f3_048_xl_0442,f3,28,58,20,True,-33.13364797550093,0.9675327704106752
id,test_id,f3_048_xl_0442,f3,28,59,20,True,-33.62826576617891,0.9819760614622048
id,test_id,f3_048_xl_0442,f3,28,60,20,True,-33.02158947569446,0.9642605599119709
id,test_id,f3_048_xl_0442,f3,28,61,20,True,-33.23150129591659,0.9703901767024805
id,test_id,f3_048_xl_0442,f3,28,62,20,True,-33.72584254887527,0.9848253926001398
id,test_id,f3_048_xl_0442,f3,28,63,20,True,-33.26620869993657,0.9714036645861582
id,test_id,f3_048_xl_0442,f3,28,64,20,True,-33.96674230125547,0.9918598853002493
id,test_id,f3_048_xl_0442,f3,28,65,20,True,-33.3878650306207,0.9749561405088775
id,test_id,f3_048_xl_0442,f3,28,66,20,True,-32.95867597137229,0.9624234281485716
id,test_id,f3_048_xl_0442,f3,28,67,20,True,-33.714313604252155,0.9844887368917381
id,test_id,f3_048_xl_0442,f3,28,68,20,True,-33.963513620152824,0.9917656048644118
id,test_id,f3_048_xl_0442,f3,28,69,20,True,-32.85964215214723,0.9595315502137901
id,test_id,f3_048_xl_0442,f3,28,70,20,True,-33.62692903736698,0.9819370277605233
id,test_id,f3_048_xl_0442,f3,28,71,20,True,-32.79881219211277,0.9577552598457747
id,test_id,f3_048_xl_0442,f3,28,72,20,True,-32.97175317611829,0.962805294466053
id,test_id,f3_048_xl_0442,f3,28,73,20,True,-33.39989872523152,0.9753075353777338
id,test_id,f3_048_xl_0442,f3,28,74,20,True,-32.46259598414428,0.947937439622862
id,test_id,f3_048_xl_0442,f3,28,75,20,True,-33.12373910047306,0.967243422213506
id,test_id,f3_048_xl_0442,f3,28,76,20,True,-33.58474015762101,0.980705073955397
id,test_id,f3_048_xl_0442,f3,28,77,20,True,-32.76808751996252,0.9568580713687476
id,test_id,f3_048_xl_0442,f3,28,78,20,True,-33.652549506238365,0.9826851688419003
id,test_id,f3_048_xl_0442,f3,28,79,20,True,-33.613850033676705,0.9815551089122269
id,test_id,f3_048_xl_0442,f3,28,80,20,True,-33.70734582446843,0.9842852713607848
id,test_id,f3_048_xl_0442,f3,28,81,20,True,-33.90769466214917,0.9901356403305143
id,test_id,f3_048_xl_0442,f3,28,82,20,True,-32.60243245062419,0.952020792108462
id,test_id,f3_048_xl_0442,f3,28,83,20,True,-33.25949860947128,0.9712077238185618
id,test_id,f3_048_xl_0442,f3,28,84,20,True,-33.75691698182685,0.9857327944118813
id,test_id,f3_048_xl_0442,f3,28,85,20,True,-33.74779570976672,0.9854664449404158
id,test_id,f3_048_xl_0442,f3,28,86,20,True,-33.549037806266554,0.9796625327012104
id,test_id,f3_048_xl_0442,f3,28,87,20,True,-33.325967588771036,0.9731486786972948
id,test_id,f3_048_xl_0442,f3,28,88,20,True,-33.038010101719436,0.9647400571831911
id,test_id,f3_048_xl_0442,f3,28,89,20,True,-33.57552956800042,0.9804361163296224
id,test_id,f3_048_xl_0442,f3,28,90,20,True,-33.24153869677716,0.9706832779713034
id,test_id,f3_048_xl_0442,f3,28,91,20,True,-33.40571988619685,0.9754775185923783
id,test_id,f3_048_xl_0442,f3,28,92,20,True,-30.701452077058267,0.8965104296910031
id,test_id,f3_048_xl_0442,f3,28,93,20,True,-33.41231996310681,0.975670246863722
id,test_id,f3_048_xl_0442,f3,28,94,20,True,-33.225060975354886,0.9702021134623565
id,test_id,f3_048_xl_0442,f3,28,95,20,True,-33.00398998726517,0.9637466387822967
id,test_id,f3_048_xl_0442,f3,28,96,20,True,-33.62344136882261,0.981835184654944
id,test_id,f3_048_xl_0442,f3,28,97,20,True,-33.386077488882705,0.9749039426581827
id,test_id,f3_048_xl_0442,f3,28,98,20,True,-33.69189165522155,0.9838339955098169
id,test_id,f3_048_xl_0442,f3,28,99,20,True,-33.7822324999402,0.9864720306527174
id,test_id,seam_002_xl_0298,seam,29,0,11,True,-26.976077694253938,0.80733291977868
id,test_id,seam_002_xl_0298,seam,29,1,11,True,-29.65814386181179,0.8876010868056206
id,test_id,seam_002_xl_0298,seam,29,2,11,True,-30.300555768868108,0.9068270204829556
id,test_id,seam_002_xl_0298,seam,29,3,11,True,-28.61451930391526,0.8563677670091397
id,test_id,seam_002_xl_0298,seam,29,4,11,True,-27.058035022792723,0.8097857170346936
id,test_id,seam_002_xl_0298,seam,29,5,11,True,-27.509891274439347,0.8233087514467655
id,test_id,seam_002_xl_0298,seam,29,6,11,True,-23.448038094103712,0.7017466835672238
id,test_id,seam_002_xl_0298,seam,29,7,11,True,-26.937214827029436,0.8061698421651389
id,test_id,seam_002_xl_0298,seam,29,8,11,True,-27.110845881773088,0.8113662264571484
id,test_id,seam_002_xl_0298,seam,29,9,11,True,-29.612925833578643,0.8862478136139483
id,test_id,seam_002_xl_0298,seam,29,10,11,True,-30.569496988482257,0.914875822185739
id,test_id,seam_002_xl_0298,seam,29,11,11,True,-29.606560682194672,0.8860573190465058
id,test_id,seam_002_xl_0298,seam,29,12,11,True,-22.6206588172612,0.6769850953590199
id,test_id,seam_002_xl_0298,seam,29,13,11,True,-25.406770596001778,0.7603671119239972
id,test_id,seam_002_xl_0298,seam,29,14,11,True,-25.59978188518523,0.7661435027474831
id,test_id,seam_002_xl_0298,seam,29,15,11,True,-30.300853489038182,0.9068359305734777
id,test_id,seam_002_xl_0298,seam,29,16,11,True,-22.97056529738424,0.6874570039681569
id,test_id,seam_002_xl_0298,seam,29,17,11,True,-29.21814661028032,0.8744329654130446
id,test_id,seam_002_xl_0298,seam,29,18,11,True,-27.655837936701545,0.827676604561349
id,test_id,seam_002_xl_0298,seam,29,19,11,True,-29.649780323770035,0.8873507850507298
id,test_id,seam_002_xl_0298,seam,29,20,11,True,-28.832254117966908,0.8628840769470827
id,test_id,seam_002_xl_0298,seam,29,21,11,True,-30.425221209125766,0.9105579748129154
id,test_id,seam_002_xl_0298,seam,29,22,11,True,-29.364799351929452,0.8788219498848071
id,test_id,seam_002_xl_0298,seam,29,23,11,True,-28.591946777695654,0.8556922224134352
id,test_id,seam_002_xl_0298,seam,29,24,11,True,-21.73667280729616,0.6505293958108013
id,test_id,seam_002_xl_0298,seam,29,25,11,True,-25.105395555880666,0.7513476394177618
id,test_id,seam_002_xl_0298,seam,29,26,11,True,-30.553790046269015,0.9144057489726671
id,test_id,seam_002_xl_0298,seam,29,27,11,True,-30.142005336255167,0.9020819650622096
id,test_id,seam_002_xl_0298,seam,29,28,11,True,-27.911118775488568,0.8353165819990391
id,test_id,seam_002_xl_0298,seam,29,29,11,True,-29.15598157030409,0.8725725065353309
id,test_id,seam_002_xl_0298,seam,29,30,11,True,-29.62289071774403,0.8865460400321725
id,test_id,seam_002_xl_0298,seam,29,31,11,True,-23.385225246244204,0.6998668372664835
id,test_id,seam_002_xl_0298,seam,29,32,11,True,-30.262845093212977,0.9056984253540215
id,test_id,seam_002_xl_0298,seam,29,33,11,True,-29.50485146172735,0.8830133923919729
id,test_id,seam_002_xl_0298,seam,29,34,11,True,-28.169538466358965,0.8430504981718541
id,test_id,seam_002_xl_0298,seam,29,35,11,True,-28.219327478382162,0.844540570557661
id,test_id,seam_002_xl_0298,seam,29,36,11,True,-29.641445525950093,0.8871013434255982
id,test_id,seam_002_xl_0298,seam,29,37,11,True,-28.85596725760978,0.863593757519699
id,test_id,seam_002_xl_0298,seam,29,38,11,True,-27.60603218203019,0.8261860311059958
id,test_id,seam_002_xl_0298,seam,29,39,11,True,-26.954430550785702,0.8066850697932537
id,test_id,seam_002_xl_0298,seam,29,40,11,True,-23.334852577337692,0.6983592973518129
id,test_id,seam_002_xl_0298,seam,29,41,11,True,-26.197209172217676,0.7840231486123113
id,test_id,seam_002_xl_0298,seam,29,42,11,True,-29.373840751063497,0.8790925384872164
id,test_id,seam_002_xl_0298,seam,29,43,11,True,-29.310352901103784,0.8771924909021162
id,test_id,seam_002_xl_0298,seam,29,44,11,True,-30.148890383334834,0.9022880189305535
id,test_id,seam_002_xl_0298,seam,29,45,11,True,-28.579997340296956,0.8553346028108324
id,test_id,seam_002_xl_0298,seam,29,46,11,True,-28.231363246067524,0.8449007738302541
id,test_id,seam_002_xl_0298,seam,29,47,11,True,-23.084184568047288,0.690857371455498
id,test_id,seam_002_xl_0298,seam,29,48,11,True,-25.96259350912067,0.7770016330880491
id,test_id,seam_002_xl_0298,seam,29,49,11,True,-27.22107702138531,0.8146651948543453
id,test_id,seam_002_xl_0298,seam,29,50,11,True,-23.38141718782711,0.6997528707011659
id,test_id,seam_002_xl_0298,seam,29,51,11,True,-25.465878239285818,0.7621360698419938
id,test_id,seam_002_xl_0298,seam,29,52,11,True,-26.016078096875784,0.7786023056871161
id,test_id,seam_002_xl_0298,seam,29,53,11,True,-24.918845781772124,0.7457646271087788
id,test_id,seam_002_xl_0298,seam,29,54,11,True,-31.22272872272935,0.9344255687900843
id,test_id,seam_002_xl_0298,seam,29,55,11,True,-30.99916980767899,0.9277349566975558
id,test_id,seam_002_xl_0298,seam,29,56,11,True,-27.416033163115387,0.8204997907105565
id,test_id,seam_002_xl_0298,seam,29,57,11,True,-28.545215680074506,0.8542936664812293
id,test_id,seam_002_xl_0298,seam,29,58,11,True,-21.4988756534014,0.6434126654712452
id,test_id,seam_002_xl_0298,seam,29,59,11,True,-25.24674367919523,0.7555778686747412
id,test_id,seam_002_xl_0298,seam,29,60,11,True,-28.219130035300466,0.844534661533323
id,test_id,seam_002_xl_0298,seam,29,61,11,True,-30.753945793127116,0.9203959572361856
id,test_id,seam_002_xl_0298,seam,29,62,11,True,-21.845279388027166,0.6537797448393934
id,test_id,seam_002_xl_0298,seam,29,63,11,True,-25.697578372739514,0.7690703301660633
id,test_id,seam_002_xl_0298,seam,29,64,11,True,-30.11328039220412,0.9012222925325689
id,test_id,seam_002_xl_0298,seam,29,65,11,True,-29.314827412586098,0.8773264028985356
id,test_id,seam_002_xl_0298,seam,29,66,11,True,-28.56889634681889,0.8550023752135271
id,test_id,seam_002_xl_0298,seam,29,67,11,True,-30.284119201854026,0.9063351112517833
id,test_id,seam_002_xl_0298,seam,29,68,11,True,-27.9560848585798,0.8366623150431276
id,test_id,seam_002_xl_0298,seam,29,69,11,True,-28.15700071289058,0.8426752716014899
id,test_id,seam_002_xl_0298,seam,29,70,11,True,-25.5787911623639,0.7655152979455957
id,test_id,seam_002_xl_0298,seam,29,71,11,True,-28.229575535021844,0.8448472716868148
id,test_id,seam_002_xl_0298,seam,29,72,11,True,-20.8802508005609,0.6248986244623198
id,test_id,seam_002_xl_0298,seam,29,73,11,True,-23.96159593725735,0.7171163068937755
id,test_id,seam_002_xl_0298,seam,29,74,11,True,-30.287359766083757,0.9064320940011281
id,test_id,seam_002_xl_0298,seam,29,75,11,True,-24.39959852678018,0.7302247325692177
id,test_id,seam_002_xl_0298,seam,29,76,11,True,-30.881276832613764,0.9242066869149894
id,test_id,seam_002_xl_0298,seam,29,77,11,True,-30.028604160405287,0.8986881246587654
id,test_id,seam_002_xl_0298,seam,29,78,11,True,-30.962225290476486,0.9266292909561921
id,test_id,seam_002_xl_0298,seam,29,79,11,True,-27.46949490272098,0.8220997795162467
id,test_id,seam_002_xl_0298,seam,29,80,11,True,-29.686306598959852,0.8884439337557367
id,test_id,seam_002_xl_0298,seam,29,81,11,True,-29.009909096652997,0.8682008881707695
id,test_id,seam_002_xl_0298,seam,29,82,11,True,-31.189621319762814,0.9334347391889021
id,test_id,seam_002_xl_0298,seam,29,83,11,True,-30.374433671561547,0.9090380188187634
id,test_id,seam_002_xl_0298,seam,29,84,11,True,-29.46601797655502,0.8818511941167195
id,test_id,seam_002_xl_0298,seam,29,85,11,True,-29.07116478413073,0.8700341321873741
id,test_id,seam_002_xl_0298,seam,29,86,11,True,-27.717991264456497,0.8295367129188014
id,test_id,seam_002_xl_0298,seam,29,87,11,True,-25.823071032685533,0.7728260413081096
id,test_id,seam_002_xl_0298,seam,29,88,11,True,-25.888228002310456,0.7747760418651742
id,test_id,seam_002_xl_0298,seam,29,89,11,True,-24.8759197318631,0.7444799476383084
id,test_id,seam_002_xl_0298,seam,29,90,11,True,-23.086687127116704,0.6909322673815601
id,test_id,seam_002_xl_0298,seam,29,91,11,True,-19.642267561227982,0.5878485894433072
id,test_id,seam_002_xl_0298,seam,29,92,11,True,-22.193227174222113,0.6641930341746006
id,test_id,seam_002_xl_0298,seam,29,93,11,True,-28.364716346069947,0.8488917301437222
id,test_id,seam_002_xl_0298,seam,29,94,11,True,-28.550557017951476,0.8544535206287677
id,test_id,seam_002_xl_0298,seam,29,95,11,True,-29.0265281528079,0.8686982588886912
id,test_id,seam_002_xl_0298,seam,29,96,11,True,-28.339589867349805,0.8481397515329396
id,test_id,seam_002_xl_0298,seam,29,97,11,True,-26.863659530126505,0.8039684986901208
id,test_id,seam_002_xl_0298,seam,29,98,11,True,-28.08890296864896,0.8406372603193439
id,test_id,seam_002_xl_0298,seam,29,99,11,True,-22.08536091608836,0.6609648413249307
id,test_id,seam_006_xl_0261,seam,30,0,17,True,-13.36442158758338,0.8462971923966991
id,test_id,seam_006_xl_0261,seam,30,1,17,True,-14.533970990811266,0.9203584878919404
id,test_id,seam_006_xl_0261,seam,30,2,17,True,-14.517311308338321,0.9193035194886552
id,test_id,seam_006_xl_0261,seam,30,3,17,True,-14.214052519357477,0.9000997657008705
id,test_id,seam_006_xl_0261,seam,30,4,17,True,-13.39428494074069,0.8481882784992253
id,test_id,seam_006_xl_0261,seam,30,5,17,True,-13.193595621683532,0.8354796995196551
id,test_id,seam_006_xl_0261,seam,30,6,17,True,-14.896206954338314,0.943296950055007
id,test_id,seam_006_xl_0261,seam,30,7,17,True,-13.494174932610559,0.8545137763229802
id,test_id,seam_006_xl_0261,seam,30,8,17,True,-14.532899672017784,0.9202906470144926
id,test_id,seam_006_xl_0261,seam,30,9,17,True,-13.567564779377536,0.8591611619851494
id,test_id,seam_006_xl_0261,seam,30,10,17,True,-14.339866619364644,0.908066898352456
id,test_id,seam_006_xl_0261,seam,30,11,17,True,-13.155422031913943,0.8330623706712654
id,test_id,seam_006_xl_0261,seam,30,12,17,True,-14.755640492178483,0.9343956293737194
id,test_id,seam_006_xl_0261,seam,30,13,17,True,-13.425321038586166,0.8501536282375171
id,test_id,seam_006_xl_0261,seam,30,14,17,True,-14.719646321219475,0.9321163114379881
id,test_id,seam_006_xl_0261,seam,30,15,17,True,-13.209762350835499,0.8365034518311099
id,test_id,seam_006_xl_0261,seam,30,16,17,True,-13.04458116226031,0.8260434124487988
id,test_id,seam_006_xl_0261,seam,30,17,17,True,-14.717909919389207,0.9320063544163394
id,test_id,seam_006_xl_0261,seam,30,18,17,True,-14.847110662166717,0.9401879450038255
id,test_id,seam_006_xl_0261,seam,30,19,17,True,-13.938278346730753,0.8826364653627288
id,test_id,seam_006_xl_0261,seam,30,20,17,True,-14.536923984324192,0.920545485144517
id,test_id,seam_006_xl_0261,seam,30,21,17,True,-14.490887507197662,0.917630241781032
id,test_id,seam_006_xl_0261,seam,30,22,17,True,-11.941816041741184,0.7562112076465031
id,test_id,seam_006_xl_0261,seam,30,23,17,True,-14.546933167816668,0.9211793130907812
id,test_id,seam_006_xl_0261,seam,30,24,17,True,-13.743934531200823,0.8703297131127508
id,test_id,seam_006_xl_0261,seam,30,25,17,True,-13.854192407697955,0.8773117535031736
id,test_id,seam_006_xl_0261,seam,30,26,17,True,-13.884438416244105,0.87922707112063
id,test_id,seam_006_xl_0261,seam,30,27,17,True,-13.062627545648592,0.8271861931890148
id,test_id,seam_006_xl_0261,seam,30,28,17,True,-14.291653186069045,0.9050138000222011
id,test_id,seam_006_xl_0261,seam,30,29,17,True,-13.207888417797182,0.8363847856951556
id,test_id,seam_006_xl_0261,seam,30,30,17,True,-14.165790572976421,0.8970435952969203
id,test_id,seam_006_xl_0261,seam,30,31,17,True,-14.574837133810513,0.9229463217055994
id,test_id,seam_006_xl_0261,seam,30,32,17,True,-13.833612479989291,0.8760085369797024
id,test_id,seam_006_xl_0261,seam,30,33,17,True,-14.078095397926207,0.8914903298641174
id,test_id,seam_006_xl_0261,seam,30,34,17,True,-14.772245975512147,0.9354471656359945
id,test_id,seam_006_xl_0261,seam,30,35,17,True,-14.214013786285864,0.9000973129430357
id,test_id,seam_006_xl_0261,seam,30,36,17,True,-14.422180622247783,0.9132794029923614
id,test_id,seam_006_xl_0261,seam,30,37,17,True,-12.344023769531265,0.781680867411296
id,test_id,seam_006_xl_0261,seam,30,38,17,True,-14.144376772275091,0.8956875740659744
id,test_id,seam_006_xl_0261,seam,30,39,17,True,-14.600628196558898,0.9245795314820076
id,test_id,seam_006_xl_0261,seam,30,40,17,True,-14.39410584286533,0.9115015776811185
id,test_id,seam_006_xl_0261,seam,30,41,17,True,-13.291637326608505,0.8416881552371009
id,test_id,seam_006_xl_0261,seam,30,42,17,True,-14.257592098128175,0.9028568938736312
id,test_id,seam_006_xl_0261,seam,30,43,17,True,-14.53875216952938,0.920661254315385
id,test_id,seam_006_xl_0261,seam,30,44,17,True,-14.554697454140559,0.9216709837309063
id,test_id,seam_006_xl_0261,seam,30,45,17,True,-13.886375757947585,0.8793497525875101
id,test_id,seam_006_xl_0261,seam,30,46,17,True,-14.878778752624324,0.9421933154470735
id,test_id,seam_006_xl_0261,seam,30,47,17,True,-14.571776752349475,0.9227525241498158
id,test_id,seam_006_xl_0261,seam,30,48,17,True,-13.045839755400294,0.8261231124069122
id,test_id,seam_006_xl_0261,seam,30,49,17,True,-14.317146956200638,0.9066281838505306
id,test_id,seam_006_xl_0261,seam,30,50,17,True,-14.539499168191242,0.9207085577370948
id,test_id,seam_006_xl_0261,seam,30,51,17,True,-14.374326475141086,0.910249056330852
id,test_id,seam_006_xl_0261,seam,30,52,17,True,-14.509280622002919,0.9187949791635746
id,test_id,seam_006_xl_0261,seam,30,53,17,True,-14.74755422146442,0.933883569187843
id,test_id,seam_006_xl_0261,seam,30,54,17,True,-13.815470208322655,0.8748596841487324
id,test_id,seam_006_xl_0261,seam,30,55,17,True,-13.363025268020502,0.8462087709623701
id,test_id,seam_006_xl_0261,seam,30,56,17,True,-13.597272607086085,0.8610423994945453
id,test_id,seam_006_xl_0261,seam,30,57,17,True,-14.636095594911698,0.9268254917318307
id,test_id,seam_006_xl_0261,seam,30,58,17,True,-14.251738753374259,0.9024862329214227
id,test_id,seam_006_xl_0261,seam,30,59,17,True,-14.252428548199116,0.9025299139307189
id,test_id,seam_006_xl_0261,seam,30,60,17,True,-13.324224922279083,0.8437517530173892
id,test_id,seam_006_xl_0261,seam,30,61,17,True,-14.750126256186249,0.9340464423619315
id,test_id,seam_006_xl_0261,seam,30,62,17,True,-14.119357312570614,0.8941032257749224
id,test_id,seam_006_xl_0261,seam,30,63,17,True,-13.410390042001909,0.8492081282466546
id,test_id,seam_006_xl_0261,seam,30,64,17,True,-14.045920145625512,0.8894528435794858
id,test_id,seam_006_xl_0261,seam,30,65,17,True,-13.678410819976385,0.8661804476558626
id,test_id,seam_006_xl_0261,seam,30,66,17,True,-14.545211309909007,0.9210702770578029
id,test_id,seam_006_xl_0261,seam,30,67,17,True,-14.267103695292048,0.9034592123445238
id,test_id,seam_006_xl_0261,seam,30,68,17,True,-14.27673510336105,0.9040691177979101
id,test_id,seam_006_xl_0261,seam,30,69,17,True,-14.47994565049462,0.9169373526390137
id,test_id,seam_006_xl_0261,seam,30,70,17,True,-14.372781322946196,0.9101512101236079
id,test_id,seam_006_xl_0261,seam,30,71,17,True,-13.109611204784883,0.8301614165127467
id,test_id,seam_006_xl_0261,seam,30,72,17,True,-14.802156965130557,0.9373412683002937
id,test_id,seam_006_xl_0261,seam,30,73,17,True,-14.200015632188844,0.8992108848673117
id,test_id,seam_006_xl_0261,seam,30,74,17,True,-13.57631618469334,0.8597153415805586
id,test_id,seam_006_xl_0261,seam,30,75,17,True,-14.517577348717921,0.9193203664000499
id,test_id,seam_006_xl_0261,seam,30,76,17,True,-13.356019247060747,0.8457651172038251
id,test_id,seam_006_xl_0261,seam,30,77,17,True,-13.600613686974217,0.8612539721773113
id,test_id,seam_006_xl_0261,seam,30,78,17,True,-14.883266857943262,0.9424775231028781
id,test_id,seam_006_xl_0261,seam,30,79,17,True,-13.247884340119487,0.8389175130972999
id,test_id,seam_006_xl_0261,seam,30,80,17,True,-14.242145217666508,0.9018787257216969
id,test_id,seam_006_xl_0261,seam,30,81,17,True,-14.125204514020181,0.8944734977045918
id,test_id,seam_006_xl_0261,seam,30,82,17,True,-13.428814998027157,0.850374881963006
id,test_id,seam_006_xl_0261,seam,30,83,17,True,-13.957296993128626,0.8838408143084888
id,test_id,seam_006_xl_0261,seam,30,84,17,True,-13.877622707636773,0.878795468823383
id,test_id,seam_006_xl_0261,seam,30,85,17,True,-14.496250642995246,0.9179698604273155
id,test_id,seam_006_xl_0261,seam,30,86,17,True,-13.188884460943413,0.8351813669594942
id,test_id,seam_006_xl_0261,seam,30,87,17,True,-13.754673418024307,0.8710097492601157
id,test_id,seam_006_xl_0261,seam,30,88,17,True,-14.537668007024976,0.9205926001145608
id,test_id,seam_006_xl_0261,seam,30,89,17,True,-14.41657841896045,0.912924645483236
id,test_id,seam_006_xl_0261,seam,30,90,17,True,-13.6354663720294,0.8634610059285581
id,test_id,seam_006_xl_0261,seam,30,91,17,True,-14.740764577602848,0.9334536174312509
id,test_id,seam_006_xl_0261,seam,30,92,17,True,-14.649950249707956,0.9277028327659236
id,test_id,seam_006_xl_0261,seam,30,93,17,True,-14.133981120454271,0.8950292731517565
id,test_id,seam_006_xl_0261,seam,30,94,17,True,-13.395554075598977,0.8482686460078603
id,test_id,seam_006_xl_0261,seam,30,95,17,True,-11.92686780790439,0.7552646161128209
id,test_id,seam_006_xl_0261,seam,30,96,17,True,-13.810232336617371,0.8745279978060603
id,test_id,seam_006_xl_0261,seam,30,97,17,True,-14.95770245249312,0.9471911303674421
id,test_id,seam_006_xl_0261,seam,30,98,17,True,-14.613043172130489,0.9253657053467766
id,test_id,seam_006_xl_0261,seam,30,99,17,True,-13.829714883388192,0.8757617230761613
id,test_id,f3_046_xl_0707,f3,31,0,18,True,-16.661089968537638,0.9244027939543896
id,test_id,f3_046_xl_0707,f3,31,1,18,True,-16.356153464289694,0.907484083531615
id,test_id,f3_046_xl_0707,f3,31,2,18,True,-15.434110643508475,0.8563266285700678
id,test_id,f3_046_xl_0707,f3,31,3,18,True,-16.751714530821765,0.9294308922801613
id,test_id,f3_046_xl_0707,f3,31,4,18,True,-15.653738628270517,0.8685121892463498
id,test_id,f3_046_xl_0707,f3,31,5,18,True,-17.03943023649223,0.945394145746086
id,test_id,f3_046_xl_0707,f3,31,6,18,True,-15.919020270792736,0.8832307395930216
id,test_id,f3_046_xl_0707,f3,31,7,18,True,-16.907300069285718,0.938063203054941
id,test_id,f3_046_xl_0707,f3,31,8,18,True,-15.734286030074825,0.8729811791752365
id,test_id,f3_046_xl_0707,f3,31,9,18,True,-15.427875101575825,0.8559806636664967
id,test_id,f3_046_xl_0707,f3,31,10,18,True,-16.252639065181917,0.9017408218404268
id,test_id,f3_046_xl_0707,f3,31,11,18,True,-16.68055978939318,0.9254830328121498
id,test_id,f3_046_xl_0707,f3,31,12,18,True,-16.823632248806536,0.9334210837721642
id,test_id,f3_046_xl_0707,f3,31,13,18,True,-17.247465116463882,0.9569364892931714
id,test_id,f3_046_xl_0707,f3,31,14,18,True,-14.451032266210902,0.8017827541677268
id,test_id,f3_046_xl_0707,f3,31,15,18,True,-16.606945316705172,0.9213987007332296
id,test_id,f3_046_xl_0707,f3,31,16,18,True,-16.160018329167794,0.8966019703420408
id,test_id,f3_046_xl_0707,f3,31,17,18,True,-17.121900683920956,0.9499698315004841
id,test_id,f3_046_xl_0707,f3,31,18,18,True,-15.957857993049187,0.885385562538728
id,test_id,f3_046_xl_0707,f3,31,19,18,True,-16.011736822566274,0.8883749072115339
id,test_id,f3_046_xl_0707,f3,31,20,18,True,-17.391009609958076,0.964900729993712
id,test_id,f3_046_xl_0707,f3,31,21,18,True,-16.120339255075024,0.8944004668976596
id,test_id,f3_046_xl_0707,f3,31,22,18,True,-14.210577312003384,0.7884416563218267
id,test_id,f3_046_xl_0707,f3,31,23,18,True,-16.405547360660123,0.9102245918594216
id,test_id,f3_046_xl_0707,f3,31,24,18,True,-15.147823987230346,0.8404426626689708
id,test_id,f3_046_xl_0707,f3,31,25,18,True,-16.364772740054583,0.9079623045011898
id,test_id,f3_046_xl_0707,f3,31,26,18,True,-16.092769641957414,0.8928708294344271
id,test_id,f3_046_xl_0707,f3,31,27,18,True,-15.673457453173294,0.8696062435289953
id,test_id,f3_046_xl_0707,f3,31,28,18,True,-16.867777796411414,0.9358703993705829
id,test_id,f3_046_xl_0707,f3,31,29,18,True,-15.762530904636243,0.874548281988364
id,test_id,f3_046_xl_0707,f3,31,30,18,True,-17.396247044595,0.9651913171774241
id,test_id,f3_046_xl_0707,f3,31,31,18,True,-16.574199734211348,0.9195818863468891
id,test_id,f3_046_xl_0707,f3,31,32,18,True,-16.070401887286906,0.8916298052906918
id,test_id,f3_046_xl_0707,f3,31,33,18,True,-15.632627297373885,0.8673408749264709
id,test_id,f3_046_xl_0707,f3,31,34,18,True,-15.137976233092706,0.8398962823627483
id,test_id,f3_046_xl_0707,f3,31,35,18,True,-14.220632493108628,0.788999545242957
id,test_id,f3_046_xl_0707,f3,31,36,18,True,-16.95815417283481,0.9408847276666917
id,test_id,f3_046_xl_0707,f3,31,37,18,True,-16.257678541986536,0.9020204257827293
id,test_id,f3_046_xl_0707,f3,31,38,18,True,-16.682525915292786,0.9255921188490356
id,test_id,f3_046_xl_0707,f3,31,39,18,True,-16.016378863543267,0.8886324603282199
id,test_id,f3_046_xl_0707,f3,31,40,18,True,-16.46146425858664,0.9133270141361245
id,test_id,f3_046_xl_0707,f3,31,41,18,True,-16.966755795152324,0.9413619691747732
id,test_id,f3_046_xl_0707,f3,31,42,18,True,-16.397598906915626,0.9097835899284014
id,test_id,f3_046_xl_0707,f3,31,43,18,True,-15.187025096224156,0.8426176473037349
id,test_id,f3_046_xl_0707,f3,31,44,18,True,-13.67677992743186,0.7588251189503065
id,test_id,f3_046_xl_0707,f3,31,45,18,True,-13.272827502133241,0.736412734689982
id,test_id,f3_046_xl_0707,f3,31,46,18,True,-16.786758502121288,0.9313752275572478
id,test_id,f3_046_xl_0707,f3,31,47,18,True,-14.750825634738261,0.8184161093683179
id,test_id,f3_046_xl_0707,f3,31,48,18,True,-15.936912336070293,0.8842234402604701
id,test_id,f3_046_xl_0707,f3,31,49,18,True,-17.073928490775387,0.9473082031520611
id,test_id,f3_046_xl_0707,f3,31,50,18,True,-15.040833709749428,0.8345065497486231
id,test_id,f3_046_xl_0707,f3,31,51,18,True,-16.570862084162595,0.9193967044028424
id,test_id,f3_046_xl_0707,f3,31,52,18,True,-16.12101149114199,0.8944377643913818
id,test_id,f3_046_xl_0707,f3,31,53,18,True,-15.721578979386235,0.8722761572840134
id,test_id,f3_046_xl_0707,f3,31,54,18,True,-15.673257030441043,0.8695951235282021
id,test_id,f3_046_xl_0707,f3,31,55,18,True,-14.187556125224553,0.7871643779793723
id,test_id,f3_046_xl_0707,f3,31,56,18,True,-13.538150771368826,0.7511335946004467
id,test_id,f3_046_xl_0707,f3,31,57,18,True,-14.285578976293715,0.7926029535810177
id,test_id,f3_046_xl_0707,f3,31,58,18,True,-17.285317159477536,0.9590366240613516
id,test_id,f3_046_xl_0707,f3,31,59,18,True,-15.886320106671498,0.881416445142087
id,test_id,f3_046_xl_0707,f3,31,60,18,True,-16.514941802147334,0.9162940943676504
id,test_id,f3_046_xl_0707,f3,31,61,18,True,-12.79092406713498,0.7096754154287673
id,test_id,f3_046_xl_0707,f3,31,62,18,True,-15.924590776601457,0.8835398064753827
id,test_id,f3_046_xl_0707,f3,31,63,18,True,-15.622451516654795,0.8667762948092541
id,test_id,f3_046_xl_0707,f3,31,64,18,True,-14.176271585023695,0.7865382808566834
id,test_id,f3_046_xl_0707,f3,31,65,18,True,-16.598179381063908,0.9209123426729999
id,test_id,f3_046_xl_0707,f3,31,66,18,True,-16.655916010549287,0.9241157286285755
id,test_id,f3_046_xl_0707,f3,31,67,18,True,-15.783745950824628,0.8757253507160071
id,test_id,f3_046_xl_0707,f3,31,68,18,True,-15.216250667760292,0.8442391618645428
id,test_id,f3_046_xl_0707,f3,31,69,18,True,-16.53366620163713,0.9173329752113506
id,test_id,f3_046_xl_0707,f3,31,70,18,True,-16.67499642164001,0.9251743619686135
id,test_id,f3_046_xl_0707,f3,31,71,18,True,-17.280967474302035,0.9587952916433256
id,test_id,f3_046_xl_0707,f3,31,72,18,True,-15.953832766528867,0.8851622319733987
id,test_id,f3_046_xl_0707,f3,31,73,18,True,-17.14898263693797,0.9514724122489193
id,test_id,f3_046_xl_0707,f3,31,74,18,True,-16.864477631647276,0.935687297212546
id,test_id,f3_046_xl_0707,f3,31,75,18,True,-15.268152776515361,0.8471188326685487
id,test_id,f3_046_xl_0707,f3,31,76,18,True,-16.769413566570705,0.9304128831419552
id,test_id,f3_046_xl_0707,f3,31,77,18,True,-16.596346698190104,0.9208106604197874
id,test_id,f3_046_xl_0707,f3,31,78,18,True,-16.205751188664614,0.8991393543411801
id,test_id,f3_046_xl_0707,f3,31,79,18,True,-14.662646205061193,0.8135236736803337
id,test_id,f3_046_xl_0707,f3,31,80,18,True,-13.62289128227688,0.7558352296790912
id,test_id,f3_046_xl_0707,f3,31,81,18,True,-13.186137872854648,0.7316029571986339
id,test_id,f3_046_xl_0707,f3,31,82,18,True,-16.37307292031648,0.9084228211804054
id,test_id,f3_046_xl_0707,f3,31,83,18,True,-15.361063723088822,0.8522737858416991
id,test_id,f3_046_xl_0707,f3,31,84,18,True,-14.964081600641613,0.8302481330282804
id,test_id,f3_046_xl_0707,f3,31,85,18,True,-16.995944912583813,0.9429814611622526
id,test_id,f3_046_xl_0707,f3,31,86,18,True,-14.373786650201021,0.7974969563360662
id,test_id,f3_046_xl_0707,f3,31,87,18,True,-16.39377265783041,0.90957129917483
id,test_id,f3_046_xl_0707,f3,31,88,18,True,-16.02272507787371,0.8889845656388072
id,test_id,f3_046_xl_0707,f3,31,89,18,True,-17.177372500998008,0.9530475594755797
id,test_id,f3_046_xl_0707,f3,31,90,18,True,-16.045723888798115,0.8902606025077219
id,test_id,f3_046_xl_0707,f3,31,91,18,True,-16.83179770822597,0.9338741257709466
id,test_id,f3_046_xl_0707,f3,31,92,18,True,-15.229380246368372,0.8449676267591973
id,test_id,f3_046_xl_0707,f3,31,93,18,True,-15.494411365241788,0.8596722773693365
id,test_id,f3_046_xl_0707,f3,31,94,18,True,-12.568832716498205,0.6973531804831894
id,test_id,f3_046_xl_0707,f3,31,95,18,True,-16.572428433118283,0.9194836097225831
id,test_id,f3_046_xl_0707,f3,31,96,18,True,-16.659756293254297,0.9243287980057167
id,test_id,f3_046_xl_0707,f3,31,97,18,True,-17.57806554150715,0.9752791041622829
id,test_id,f3_046_xl_0707,f3,31,98,18,True,-16.034420498533677,0.8896334595320013
id,test_id,f3_046_xl_0707,f3,31,99,18,True,-13.692160914332096,0.7596784981284513
id,test_id,salt_canopy_002_il_0787,salt_canopy,32,0,12,True,-105.43258554610219,0.9597374968838047
id,test_id,salt_canopy_002_il_0787,salt_canopy,32,1,12,True,-96.91479037620668,0.8822012458947794
id,test_id,salt_canopy_002_il_0787,salt_canopy,32,2,12,True,-102.46176458511894,0.9326945456176874
id,test_id,salt_canopy_002_il_0787,salt_canopy,32,3,12,True,-100.2608670594642,0.9126600954405547
id,test_id,salt_canopy_002_il_0787,salt_canopy,32,4,12,True,-98.61088064288333,0.8976405089897496
id,test_id,salt_canopy_002_il_0787,salt_canopy,32,5,12,True,-97.66570623091275,0.8890367237409608
id,test_id,salt_canopy_002_il_0787,salt_canopy,32,6,12,True,-100.25425205791473,0.9125998800432367
id,test_id,salt_canopy_002_il_0787,salt_canopy,32,7,12,True,-101.13714092004491,0.9206366889878191
id,test_id,salt_canopy_002_il_0787,salt_canopy,32,8,12,True,-104.60786524509237,0.9522301878936985
id,test_id,salt_canopy_002_il_0787,salt_canopy,32,9,12,True,-102.39909405066012,0.932124064854474
id,test_id,salt_canopy_002_il_0787,salt_canopy,32,10,12,True,-101.29136329119373,0.9220405528092671
id,test_id,salt_canopy_002_il_0787,salt_canopy,32,11,12,True,-99.59812203501222,0.906627223842603
id,test_id,salt_canopy_002_il_0787,salt_canopy,32,12,12,True,-103.7328556222993,0.9442651025192013
id,test_id,salt_canopy_002_il_0787,salt_canopy,32,13,12,True,-100.86988000485654,0.9182038517351886
id,test_id,salt_canopy_002_il_0787,salt_canopy,32,14,12,True,-99.63630881166911,0.9069748325183543
id,test_id,salt_canopy_002_il_0787,salt_canopy,32,15,12,True,-103.54188535071052,0.9425267279029999
id,test_id,salt_canopy_002_il_0787,salt_canopy,32,16,12,True,-101.29054471004049,0.9220331013840465
id,test_id,salt_canopy_002_il_0787,salt_canopy,32,17,12,True,-96.33376501775165,0.8769122565347882
id,test_id,salt_canopy_002_il_0787,salt_canopy,32,18,12,True,-103.97531234078568,0.9464721507756535
id,test_id,salt_canopy_002_il_0787,salt_canopy,32,19,12,True,-98.4565115699614,0.8962353097633914
id,test_id,salt_canopy_002_il_0787,salt_canopy,32,20,12,True,-99.28307023180875,0.9037593530849137
id,test_id,salt_canopy_002_il_0787,salt_canopy,32,21,12,True,-96.45286705411536,0.8779964250549992
id,test_id,salt_canopy_002_il_0787,salt_canopy,32,22,12,True,-99.41722084005785,0.9049805065670137
id,test_id,salt_canopy_002_il_0787,salt_canopy,32,23,12,True,-103.10679690021999,0.9385661809977528
id,test_id,salt_canopy_002_il_0787,salt_canopy,32,24,12,True,-100.09234609855793,0.9111260736354846
id,test_id,salt_canopy_002_il_0787,salt_canopy,32,25,12,True,-101.35766780971534,0.9226441132010414
id,test_id,salt_canopy_002_il_0787,salt_canopy,32,26,12,True,-102.51978147576651,0.933222664937902
id,test_id,salt_canopy_002_il_0787,salt_canopy,32,27,12,True,-103.5951575975044,0.9430116574200607
id,test_id,salt_canopy_002_il_0787,salt_canopy,32,28,12,True,-103.5988579504711,0.9430453411951046
id,test_id,salt_canopy_002_il_0787,salt_canopy,32,29,12,True,-102.2087169146716,0.9303910894654032
id,test_id,salt_canopy_002_il_0787,salt_canopy,32,30,12,True,-101.7983744216127,0.9266558014127242
id,test_id,salt_canopy_002_il_0787,salt_canopy,32,31,12,True,-102.85580631385218,0.9362814501827552
id,test_id,salt_canopy_002_il_0787,salt_canopy,32,32,12,True,-104.04669703219966,0.9471219552426372
id,test_id,salt_canopy_002_il_0787,salt_canopy,32,33,12,True,-100.63260966194898,0.9160440143015585
id,test_id,salt_canopy_002_il_0787,salt_canopy,32,34,12,True,-101.04274379458252,0.9197774056795796
id,test_id,salt_canopy_002_il_0787,salt_canopy,32,35,12,True,-101.02262706132704,0.9195942859816224
id,test_id,salt_canopy_002_il_0787,salt_canopy,32,36,12,True,-101.66166932054148,0.925411394753874
id,test_id,salt_canopy_002_il_0787,salt_canopy,32,37,12,True,-97.75246471697942,0.8898264736253986
id,test_id,salt_canopy_002_il_0787,salt_canopy,32,38,12,True,-103.2299936718048,0.9396876232973281
id,test_id,salt_canopy_002_il_0787,salt_canopy,32,39,12,True,-97.28590044400028,0.8855794068844565
id,test_id,salt_canopy_002_il_0787,salt_canopy,32,40,12,True,-102.19000177221254,0.9302207282446814
id,test_id,salt_canopy_002_il_0787,salt_canopy,32,41,12,True,-99.36645514410614,0.9045183938178301
id,test_id,salt_canopy_002_il_0787,salt_canopy,32,42,12,True,-102.31656097484216,0.9313727782651776
id,test_id,salt_canopy_002_il_0787,salt_canopy,32,43,12,True,-100.98574606081972,0.9192585635963073
id,test_id,salt_canopy_002_il_0787,salt_canopy,32,44,12,True,-97.3610726796791,0.8862636888161937
id,test_id,salt_canopy_002_il_0787,salt_canopy,32,45,12,True,-102.54806951513262,0.9334801668473198
id,test_id,salt_canopy_002_il_0787,salt_canopy,32,46,12,True,-100.3738427100057,0.91368849636137
id,test_id,salt_canopy_002_il_0787,salt_canopy,32,47,12,True,-101.71866768892998,0.9259302426140521
id,test_id,salt_canopy_002_il_0787,salt_canopy,32,48,12,True,-96.0530238365981,0.874356710381036
id,test_id,salt_canopy_002_il_0787,salt_canopy,32,49,12,True,-100.65501286353539,0.916247947388292
id,test_id,salt_canopy_002_il_0787,salt_canopy,32,50,12,True,-101.06185045314307,0.9199513308144494
id,test_id,salt_canopy_002_il_0787,salt_canopy,32,51,12,True,-100.9716543010638,0.9191302883561163
id,test_id,salt_canopy_002_il_0787,salt_canopy,32,52,12,True,-102.86264067726839,0.9363436623992527
id,test_id,salt_canopy_002_il_0787,salt_canopy,32,53,12,True,-100.56396235915327,0.9154191278851653
id,test_id,salt_canopy_002_il_0787,salt_canopy,32,54,12,True,-99.73073099374152,0.9078343439132719
id,test_id,salt_canopy_002_il_0787,salt_canopy,32,55,12,True,-102.68193402495795,0.9346987160170657
id,test_id,salt_canopy_002_il_0787,salt_canopy,32,56,12,True,-99.56871525459752,0.9063595381960786
id,test_id,salt_canopy_002_il_0787,salt_canopy,32,57,12,True,-95.03386029552573,0.8650794128476631
id,test_id,salt_canopy_002_il_0787,salt_canopy,32,58,12,True,-101.35735539139748,0.922641269302518
id,test_id,salt_canopy_002_il_0787,salt_canopy,32,59,12,True,-102.09521137507875,0.929357865041597
id,test_id,salt_canopy_002_il_0787,salt_canopy,32,60,12,True,-98.40800701584394,0.8957937798595664
id,test_id,salt_canopy_002_il_0787,salt_canopy,32,61,12,True,-99.35584942415889,0.9044218514911659
id,test_id,salt_canopy_002_il_0787,salt_canopy,32,62,12,True,-98.65075129726206,0.8980034457595761
id,test_id,salt_canopy_002_il_0787,salt_canopy,32,63,12,True,-100.7611608490493,0.9172141970670674
id,test_id,salt_canopy_002_il_0787,salt_canopy,32,64,12,True,-102.86479873713579,0.9363633069044547
id,test_id,salt_canopy_002_il_0787,salt_canopy,32,65,12,True,-98.78769697241987,0.899250042329358
id,test_id,salt_canopy_002_il_0787,salt_canopy,32,66,12,True,-102.0261817346786,0.92872949826158
id,test_id,salt_canopy_002_il_0787,salt_canopy,32,67,12,True,-101.16974492645794,0.9209334785177465
id,test_id,salt_canopy_002_il_0787,salt_canopy,32,68,12,True,-101.71196837458899,0.9258692597296512
id,test_id,salt_canopy_002_il_0787,salt_canopy,32,69,12,True,-100.7230417682263,0.9168672046166488
id,test_id,salt_canopy_002_il_0787,salt_canopy,32,70,12,True,-102.5794487571035,0.9337658075246046
id,test_id,salt_canopy_002_il_0787,salt_canopy,32,71,12,True,-97.45282538882972,0.887098900387231
id,test_id,salt_canopy_002_il_0787,salt_canopy,32,72,12,True,-98.27598234900648,0.8945919785130361
id,test_id,salt_canopy_002_il_0787,salt_canopy,32,73,12,True,-100.42836701954266,0.9141848232235379
id,test_id,salt_canopy_002_il_0787,salt_canopy,32,74,12,True,-102.6759123374469,0.934643901471174
id,test_id,salt_canopy_002_il_0787,salt_canopy,32,75,12,True,-100.90825417000798,0.9185531661811608
id,test_id,salt_canopy_002_il_0787,salt_canopy,32,76,12,True,-98.15719104066324,0.8935106385048175
id,test_id,salt_canopy_002_il_0787,salt_canopy,32,77,12,True,-97.17330798780502,0.8845544941260607
id,test_id,salt_canopy_002_il_0787,salt_canopy,32,78,12,True,-102.0748310421646,0.9291723458342723
id,test_id,salt_canopy_002_il_0787,salt_canopy,32,79,12,True,-99.63146497280485,0.9069307397574415
id,test_id,salt_canopy_002_il_0787,salt_canopy,32,80,12,True,-101.81052194875423,0.9267663785861069
id,test_id,salt_canopy_002_il_0787,salt_canopy,32,81,12,True,-102.88663803436287,0.9365621068517944
id,test_id,salt_canopy_002_il_0787,salt_canopy,32,82,12,True,-97.99560287520106,0.892039724928683
id,test_id,salt_canopy_002_il_0787,salt_canopy,32,83,12,True,-103.30898067042624,0.9404066304614853
id,test_id,salt_canopy_002_il_0787,salt_canopy,32,84,12,True,-101.1297902616493,0.9205697770131911
id,test_id,salt_canopy_002_il_0787,salt_canopy,32,85,12,True,-99.9065823521421,0.9094350932609314
id,test_id,salt_canopy_002_il_0787,salt_canopy,32,86,12,True,-96.57993203821647,0.8791530791306926
id,test_id,salt_canopy_002_il_0787,salt_canopy,32,87,12,True,-101.68301617752337,0.9256057120892598
id,test_id,salt_canopy_002_il_0787,salt_canopy,32,88,12,True,-103.62752628992052,0.9433063049208874
id,test_id,salt_canopy_002_il_0787,salt_canopy,32,89,12,True,-103.07735026940293,0.9382981325988099
id,test_id,salt_canopy_002_il_0787,salt_canopy,32,90,12,True,-99.49790490314578,0.9057149618622654
id,test_id,salt_canopy_002_il_0787,salt_canopy,32,91,12,True,-99.65887363886127,0.9071802368594776
id,test_id,salt_canopy_002_il_0787,salt_canopy,32,92,12,True,-100.78047718076495,0.9173900308261821
id,test_id,salt_canopy_002_il_0787,salt_canopy,32,93,12,True,-96.49915036448148,0.8784177352999124
id,test_id,salt_canopy_002_il_0787,salt_canopy,32,94,12,True,-99.10860029340913,0.9021711786026717
id,test_id,salt_canopy_002_il_0787,salt_canopy,32,95,12,True,-102.42611209284287,0.9323700061641832
id,test_id,salt_canopy_002_il_0787,salt_canopy,32,96,12,True,-100.93213344800579,0.9187705357768532
id,test_id,salt_canopy_002_il_0787,salt_canopy,32,97,12,True,-102.77927859156145,0.93558482945347
id,test_id,salt_canopy_002_il_0787,salt_canopy,32,98,12,True,-94.79407663308558,0.8628966970317512
id,test_id,salt_canopy_002_il_0787,salt_canopy,32,99,12,True,-99.0047841958621,0.9012261557610147
id,test_id,gom_148_xl_0787,gom,33,0,17,True,-49.31755646395837,0.925995850587451
id,test_id,gom_148_xl_0787,gom,33,1,17,True,-41.92696519620391,0.78722869872481
id,test_id,gom_148_xl_0787,gom,33,2,17,True,-43.957728347768,0.8253586951541446
id,test_id,gom_148_xl_0787,gom,33,3,17,True,-48.28928830427992,0.9066888914146202
id,test_id,gom_148_xl_0787,gom,33,4,17,True,-44.42877904944558,0.834203233011338
id,test_id,gom_148_xl_0787,gom,33,5,17,True,-46.89041111025604,0.880423306295978
id,test_id,gom_148_xl_0787,gom,33,6,17,True,-47.280449164993975,0.8877467352359841
id,test_id,gom_148_xl_0787,gom,33,7,17,True,-49.886145046039196,0.9366717782985697
id,test_id,gom_148_xl_0787,gom,33,8,17,True,-47.59521634977467,0.8936568639590285
id,test_id,gom_148_xl_0787,gom,33,9,17,True,-44.04785190591316,0.8270508722786051
id,test_id,gom_148_xl_0787,gom,33,10,17,True,-50.9645189587202,0.956919532650595
id,test_id,gom_148_xl_0787,gom,33,11,17,True,-37.309903693036844,0.7005378709469935
id,test_id,gom_148_xl_0787,gom,33,12,17,True,-45.633274609536564,0.8568190714807556
id,test_id,gom_148_xl_0787,gom,33,13,17,True,-46.14113285006174,0.8663547147107
id,test_id,gom_148_xl_0787,gom,33,14,17,True,-48.498093331262936,0.9106094544439216
id,test_id,gom_148_xl_0787,gom,33,15,17,True,-48.362990460875515,0.9080727371701726
id,test_id,gom_148_xl_0787,gom,33,16,17,True,-45.48537152346599,0.854042014914895
id,test_id,gom_148_xl_0787,gom,33,17,17,True,-39.57196862317786,0.7430108337062246
id,test_id,gom_148_xl_0787,gom,33,18,17,True,-45.71787826455281,0.8584076058507993
id,test_id,gom_148_xl_0787,gom,33,19,17,True,-48.325239227020006,0.9073639127998834
id,test_id,gom_148_xl_0787,gom,33,20,17,True,-49.40390724686978,0.927617189364229
id,test_id,gom_148_xl_0787,gom,33,21,17,True,-41.79113238423968,0.7846782759287331
id,test_id,gom_148_xl_0787,gom,33,22,17,True,-42.81777033534042,0.8039546259942444
id,test_id,gom_148_xl_0787,gom,33,23,17,True,-47.12144745835725,0.8847612888526151
id,test_id,gom_148_xl_0787,gom,33,24,17,True,-44.88873485250608,0.8428394509350488
id,test_id,gom_148_xl_0787,gom,33,25,17,True,-39.24123103897709,0.7368008417163122
id,test_id,gom_148_xl_0787,gom,33,26,17,True,-39.62587926607793,0.744023070224156
id,test_id,gom_148_xl_0787,gom,33,27,17,True,-44.669393571976,0.8387210571986958
id,test_id,gom_148_xl_0787,gom,33,28,17,True,-37.886930351519446,0.7113722335907251
id,test_id,gom_148_xl_0787,gom,33,29,17,True,-46.35592459007415,0.8703876854061828
id,test_id,gom_148_xl_0787,gom,33,30,17,True,-45.63000769992426,0.8567577313625071
id,test_id,gom_148_xl_0787,gom,33,31,17,True,-48.47176760097056,0.9101151575086659
id,test_id,gom_148_xl_0787,gom,33,32,17,True,-47.43654440340569,0.8906776092173692
id,test_id,gom_148_xl_0787,gom,33,33,17,True,-45.82009729184788,0.8603268898119886
id,test_id,gom_148_xl_0787,gom,33,34,17,True,-46.32076142230646,0.8697274550585947
id,test_id,gom_148_xl_0787,gom,33,35,17,True,-47.440254765187504,0.8907472756781687
id,test_id,gom_148_xl_0787,gom,33,36,17,True,-46.86608090957109,0.8799664778054043
id,test_id,gom_148_xl_0787,gom,33,37,17,True,-47.46449372897111,0.891202391087274
id,test_id,gom_148_xl_0787,gom,33,38,17,True,-48.5211456047221,0.9110422883290586
id,test_id,gom_148_xl_0787,gom,33,39,17,True,-42.53092439718529,0.7985687519255723
id,test_id,gom_148_xl_0787,gom,33,40,17,True,-46.57282390347118,0.874460228301687
id,test_id,gom_148_xl_0787,gom,33,41,17,True,-47.595554190735115,0.893663207325366
id,test_id,gom_148_xl_0787,gom,33,42,17,True,-48.60248314642165,0.9125694975322521
id,test_id,gom_148_xl_0787,gom,33,43,17,True,-47.69255706670353,0.8954845518339378
id,test_id,gom_148_xl_0787,gom,33,44,17,True,-46.49473434007912,0.8729940037589506
id,test_id,gom_148_xl_0787,gom,33,45,17,True,-43.67282134973516,0.8200092269951834
id,test_id,gom_148_xl_0787,gom,33,46,17,True,-47.621825338374705,0.894156479406318
id,test_id,gom_148_xl_0787,gom,33,47,17,True,-44.31471001159832,0.8320614509908876
id,test_id,gom_148_xl_0787,gom,33,48,17,True,-40.21310738401806,0.7550489774172308
id,test_id,gom_148_xl_0787,gom,33,49,17,True,-46.40250083012789,0.8712622097767736
id,test_id,gom_148_xl_0787,gom,33,50,17,True,-45.33304999722725,0.8511819968733425
id,test_id,gom_148_xl_0787,gom,33,51,17,True,-36.76361456972218,0.6902806421286897
id,test_id,gom_148_xl_0787,gom,33,52,17,True,-49.93725393546729,0.9376314085587015
id,test_id,gom_148_xl_0787,gom,33,53,17,True,-38.8835790810151,0.7300855003090524
id,test_id,gom_148_xl_0787,gom,33,54,17,True,-46.89757810106168,0.8805578750828981
id,test_id,gom_148_xl_0787,gom,33,55,17,True,-43.06508825658858,0.8085983144750205
id,test_id,gom_148_xl_0787,gom,33,56,17,True,-47.084414595927214,0.8840659527612849
id,test_id,gom_148_xl_0787,gom,33,57,17,True,-42.715272305647154,0.8020301034307896
id,test_id,gom_148_xl_0787,gom,33,58,17,True,-45.647456672767376,0.8570853566060963
id,test_id,gom_148_xl_0787,gom,33,59,17,True,-46.91153089044922,0.8808198553188092
id,test_id,gom_148_xl_0787,gom,33,60,17,True,-47.041751023542766,0.8832648933854396
id,test_id,gom_148_xl_0787,gom,33,61,17,True,-48.57742109843893,0.9120989277371697
id,test_id,gom_148_xl_0787,gom,33,62,17,True,-41.63402993667891,0.7817284903961769
id,test_id,gom_148_xl_0787,gom,33,63,17,True,-45.60164053421977,0.8562251040464214
id,test_id,gom_148_xl_0787,gom,33,64,17,True,-47.454129284579786,0.8910077863017141
id,test_id,gom_148_xl_0787,gom,33,65,17,True,-39.39261039946346,0.7396431694739211
id,test_id,gom_148_xl_0787,gom,33,66,17,True,-47.863776975407006,0.8986994095107015
id,test_id,gom_148_xl_0787,gom,33,67,17,True,-47.863589505050825,0.8986958895315219
id,test_id,gom_148_xl_0787,gom,33,68,17,True,-45.317670918045124,0.8508932363480938
id,test_id,gom_148_xl_0787,gom,33,69,17,True,-47.9269641802004,0.8998858245248286
id,test_id,gom_148_xl_0787,gom,33,70,17,True,-49.211028857216604,0.9239956679164384
id,test_id,gom_148_xl_0787,gom,33,71,17,True,-43.6430533092777,0.8194502965874315
id,test_id,gom_148_xl_0787,gom,33,72,17,True,-45.53842218093762,0.8550381041823257
id,test_id,gom_148_xl_0787,gom,33,73,17,True,-44.4745053608281,0.835061798959021
id,test_id,gom_148_xl_0787,gom,33,74,17,True,-43.9309958578296,0.8248567608221605
id,test_id,gom_148_xl_0787,gom,33,75,17,True,-48.81876013968757,0.916630355626228
id,test_id,gom_148_xl_0787,gom,33,76,17,True,-45.56505242223583,0.8555381186743317
id,test_id,gom_148_xl_0787,gom,33,77,17,True,-45.445449620970585,0.853292433656032
id,test_id,gom_148_xl_0787,gom,33,78,17,True,-48.860083380326074,0.9174062486774588
id,test_id,gom_148_xl_0787,gom,33,79,17,True,-47.93673130237072,0.9000692138743904
id,test_id,gom_148_xl_0787,gom,33,80,17,True,-44.33219037493443,0.8323896656283629
id,test_id,gom_148_xl_0787,gom,33,81,17,True,-44.82372497238083,0.8416188130211008
id,test_id,gom_148_xl_0787,gom,33,82,17,True,-41.692843178750984,0.7828327790516404
id,test_id,gom_148_xl_0787,gom,33,83,17,True,-44.60872772341304,0.8375819836502585
id,test_id,gom_148_xl_0787,gom,33,84,17,True,-36.719988941051724,0.6894615190004456
id,test_id,gom_148_xl_0787,gom,33,85,17,True,-50.856683794002954,0.9548947990215365
id,test_id,gom_148_xl_0787,gom,33,86,17,True,-48.38020446497894,0.9083959505958704
id,test_id,gom_148_xl_0787,gom,33,87,17,True,-48.23947632694487,0.905753612223415
id,test_id,gom_148_xl_0787,gom,33,88,17,True,-45.63707071388072,0.8568903478602665
id,test_id,gom_148_xl_0787,gom,33,89,17,True,-40.22803531186078,0.7553292670388453
id,test_id,gom_148_xl_0787,gom,33,90,17,True,-42.1103422837071,0.7906718219104623
id,test_id,gom_148_xl_0787,gom,33,91,17,True,-48.44683161518155,0.9096469546813862
id,test_id,gom_148_xl_0787,gom,33,92,17,True,-48.130582163081414,0.9037089946243164
id,test_id,gom_148_xl_0787,gom,33,93,17,True,-45.52200351154722,0.85472982411296
id,test_id,gom_148_xl_0787,gom,33,94,17,True,-48.15400342908543,0.9041487567838848
id,test_id,gom_148_xl_0787,gom,33,95,17,True,-48.591986113070405,0.9123724032310808
id,test_id,gom_148_xl_0787,gom,33,96,17,True,-43.38358700641972,0.8145785077754826
id,test_id,gom_148_xl_0787,gom,33,97,17,True,-47.416705775743075,0.8903051153589121
id,test_id,gom_148_xl_0787,gom,33,98,17,True,-45.82674689629152,0.8604517440538518
id,test_id,gom_148_xl_0787,gom,33,99,17,True,-42.1069317715442,0.7906077854833222
id,test_id,f3_044_il_0593,f3,34,0,21,True,-18.739958587700592,0.9925095488530316
id,test_id,f3_044_il_0593,f3,34,1,21,True,-18.715182143765393,0.9911973337231408
id,test_id,f3_044_il_0593,f3,34,2,21,True,-18.576987231759944,0.9838782263128217
id,test_id,f3_044_il_0593,f3,34,3,21,True,-18.590747734936976,0.9846070129179955
id,test_id,f3_044_il_0593,f3,34,4,21,True,-18.735597273644245,0.9922785640391529
id,test_id,f3_044_il_0593,f3,34,5,21,True,-18.796969172834956,0.9955289552122694
id,test_id,f3_044_il_0593,f3,34,6,21,True,-18.370334910477553,0.9729334634839416
id,test_id,f3_044_il_0593,f3,34,7,21,True,-18.22739475045352,0.9653630372701105
id,test_id,f3_044_il_0593,f3,34,8,21,True,-18.565059164334315,0.9832464895475618
id,test_id,f3_044_il_0593,f3,34,9,21,True,-17.907303167645402,0.9484102808935277
id,test_id,f3_044_il_0593,f3,34,10,21,True,-18.773826368623446,0.9943032612461028
id,test_id,f3_044_il_0593,f3,34,11,21,True,-18.790416018727804,0.9951818857139021
id,test_id,f3_044_il_0593,f3,34,12,21,True,-18.612810615012386,0.9857755117195035
id,test_id,f3_044_il_0593,f3,34,13,21,True,-18.385263852994505,0.9737241332142405
id,test_id,f3_044_il_0593,f3,34,14,21,True,-18.46977940815628,0.9782002634645888
id,test_id,f3_044_il_0593,f3,34,15,21,True,-18.574883506051208,0.9837668083582775
id,test_id,f3_044_il_0593,f3,34,16,21,True,-18.721349398294215,0.99152396512851
id,test_id,f3_044_il_0593,f3,34,17,21,True,-18.768194310884137,0.9940049750433984
id,test_id,f3_044_il_0593,f3,34,18,21,True,-18.6324483810766,0.9868155711329576
id,test_id,f3_044_il_0593,f3,34,19,21,True,-18.528469150817866,0.9813086017108419
id,test_id,f3_044_il_0593,f3,34,20,21,True,-18.508986197344363,0.980276741513723
id,test_id,f3_044_il_0593,f3,34,21,21,True,-18.590678060796677,0.9846033228218176
id,test_id,f3_044_il_0593,f3,34,22,21,True,-18.647860240139043,0.9876318171888637
id,test_id,f3_044_il_0593,f3,34,23,21,True,-18.783573985313332,0.9948195165301252
id,test_id,f3_044_il_0593,f3,34,24,21,True,-18.533380581123694,0.9815687218948994
id,test_id,f3_044_il_0593,f3,34,25,21,True,-18.3448343575335,0.9715828979434917
id,test_id,f3_044_il_0593,f3,34,26,21,True,-18.635168187292937,0.9869596180703142
id,test_id,f3_044_il_0593,f3,34,27,21,True,-18.723551468844377,0.9916405916428143
id,test_id,f3_044_il_0593,f3,34,28,21,True,-18.506865239924142,0.9801644109297234
id,test_id,f3_044_il_0593,f3,34,29,21,True,-18.253675930006683,0.966754946517912
id,test_id,f3_044_il_0593,f3,34,30,21,True,-18.475385461237426,0.9784971724032274
id,test_id,f3_044_il_0593,f3,34,31,21,True,-17.13815784086861,0.9076746475830747
id,test_id,f3_044_il_0593,f3,34,32,21,True,-18.700909155645345,0.9904414047847966
id,test_id,f3_044_il_0593,f3,34,33,21,True,-18.444133508533433,0.9768420000433824
id,test_id,f3_044_il_0593,f3,34,34,21,True,-18.496310477532703,0.9796054074287095
id,test_id,f3_044_il_0593,f3,34,35,21,True,-18.693252559707794,0.9900358945727987
id,test_id,f3_044_il_0593,f3,34,36,21,True,-18.65993414582143,0.988271277869934
id,test_id,f3_044_il_0593,f3,34,37,21,True,-18.30013791728441,0.9692156758634991
id,test_id,f3_044_il_0593,f3,34,38,21,True,-18.517107403337036,0.9807068584992118
id,test_id,f3_044_il_0593,f3,34,39,21,True,-17.97734902694736,0.9521200641296792
id,test_id,f3_044_il_0593,f3,34,40,21,True,-18.63284142186157,0.986836387440013
id,test_id,f3_044_il_0593,f3,34,41,21,True,-18.63172318797212,0.9867771633063025
id,test_id,f3_044_il_0593,f3,34,42,21,True,-18.611912975963158,0.9857279707751835
id,test_id,f3_044_il_0593,f3,34,43,21,True,-18.790779454175624,0.9952011340569902
id,test_id,f3_044_il_0593,f3,34,44,21,True,-18.71768163371528,0.9913297122249884
id,test_id,f3_044_il_0593,f3,34,45,21,True,-18.585244060393162,0.9843155261725499
id,test_id,f3_044_il_0593,f3,34,46,21,True,-18.359128265183234,0.9723399348262785
id,test_id,f3_044_il_0593,f3,34,47,21,True,-18.086557933760044,0.9579040087592321
id,test_id,f3_044_il_0593,f3,34,48,21,True,-18.32847295632996,0.9707163620410172
id,test_id,f3_044_il_0593,f3,34,49,21,True,-18.20082987987443,0.9639561031197278
id,test_id,f3_044_il_0593,f3,34,50,21,True,-18.603195055512995,0.9852662504756193
id,test_id,f3_044_il_0593,f3,34,51,21,True,-18.728440817416942,0.9918995423295636
id,test_id,f3_044_il_0593,f3,34,52,21,True,-18.6693943405768,0.9887723106542261
id,test_id,f3_044_il_0593,f3,34,53,21,True,-18.338873819511452,0.9712672147003562
id,test_id,f3_044_il_0593,f3,34,54,21,True,-17.907303167645402,0.9484102808935277
id,test_id,f3_044_il_0593,f3,34,55,21,True,-18.694629656825896,0.9901088286741748
id,test_id,f3_044_il_0593,f3,34,56,21,True,-18.59730633533079,0.9849543708637187
id,test_id,f3_044_il_0593,f3,34,57,21,True,-18.689091894973167,0.9898155365896493
id,test_id,f3_044_il_0593,f3,34,58,21,True,-18.505716006413692,0.9801035449876967
id,test_id,f3_044_il_0593,f3,34,59,21,True,-18.27933151315955,0.9681137228002314
id,test_id,f3_044_il_0593,f3,34,60,21,True,-18.635581732847843,0.9869815203552209
id,test_id,f3_044_il_0593,f3,34,61,21,True,-18.748185328738103,0.992945255207315
id,test_id,f3_044_il_0593,f3,34,62,21,True,-18.578811746669686,0.983974856647487
id,test_id,f3_044_il_0593,f3,34,63,21,True,-18.5133452593261,0.9805076070527616
id,test_id,f3_044_il_0593,f3,34,64,21,True,-18.45843777015432,0.9775995852953228
id,test_id,f3_044_il_0593,f3,34,65,21,True,-18.569418948525083,0.9834773933363842
id,test_id,f3_044_il_0593,f3,34,66,21,True,-18.60742872164265,0.9854904747736974
id,test_id,f3_044_il_0593,f3,34,67,21,True,-18.692442373843154,0.989992985342064
id,test_id,f3_044_il_0593,f3,34,68,21,True,-18.66006485614345,0.9882782005769469
id,test_id,f3_044_il_0593,f3,34,69,21,True,-18.603195055512995,0.9852662504756193
id,test_id,f3_044_il_0593,f3,34,70,21,True,-18.718407398746578,0.9913681503421496
id,test_id,f3_044_il_0593,f3,34,71,21,True,-18.646300529142934,0.9875492114536458
id,test_id,f3_044_il_0593,f3,34,72,21,True,-18.657531060859736,0.9881440051889395
id,test_id,f3_044_il_0593,f3,34,73,21,True,-18.717571242614973,0.991323865668783
id,test_id,f3_044_il_0593,f3,34,74,21,True,-18.391888457942827,0.9740749869067834
id,test_id,f3_044_il_0593,f3,34,75,21,True,-18.739473662879888,0.9924838661647388
id,test_id,f3_044_il_0593,f3,34,76,21,True,-18.711688825781664,0.9910123198961464
id,test_id,f3_044_il_0593,f3,34,77,21,True,-18.67518926129396,0.9890792224395271
id,test_id,f3_044_il_0593,f3,34,78,21,True,-18.74182037619523,0.9926081532789813
id,test_id,f3_044_il_0593,f3,34,79,21,True,-18.4575306102804,0.9775515401071231
id,test_id,f3_044_il_0593,f3,34,80,21,True,-18.59004037389164,0.9845695495165316
id,test_id,f3_044_il_0593,f3,34,81,21,True,-18.1702034286968,0.9623340587006314
id,test_id,f3_044_il_0593,f3,34,82,21,True,-18.767390148665033,0.9939623848382197
id,test_id,f3_044_il_0593,f3,34,83,21,True,-17.67653137875801,0.9361880978505538
id,test_id,f3_044_il_0593,f3,34,84,21,True,-18.36370590264727,0.9725823766050575
id,test_id,f3_044_il_0593,f3,34,85,21,True,-18.705902747266244,0.9907058764133557
id,test_id,f3_044_il_0593,f3,34,86,21,True,-18.76357296306712,0.9937602182678967
id,test_id,f3_044_il_0593,f3,34,87,21,True,-18.783573985313332,0.9948195165301252
id,test_id,f3_044_il_0593,f3,34,88,21,True,-18.728298125094476,0.9918919850293737
id,test_id,f3_044_il_0593,f3,34,89,21,True,-18.32430050059217,0.970495379580328
id,test_id,f3_044_il_0593,f3,34,90,21,True,-18.326436950016777,0.9706085306550567
id,test_id,f3_044_il_0593,f3,34,91,21,True,-18.581595669448117,0.9841222993394191
id,test_id,f3_044_il_0593,f3,34,92,21,True,-18.773577748399852,0.9942900937705823
id,test_id,f3_044_il_0593,f3,34,93,21,True,-18.35136360737793,0.9719287014193698
id,test_id,f3_044_il_0593,f3,34,94,21,True,-18.462404208450547,0.9778096566178139
id,test_id,f3_044_il_0593,f3,34,95,21,True,-18.294962808321007,0.9689415906760371
id,test_id,f3_044_il_0593,f3,34,96,21,True,-18.637495668254495,0.9870828865966722
id,test_id,f3_044_il_0593,f3,34,97,21,True,-18.37024088906428,0.972928483902475
id,test_id,f3_044_il_0593,f3,34,98,21,True,-18.767390148665033,0.9939623848382197
id,test_id,f3_044_il_0593,f3,34,99,21,True,-18.410570865182848,0.9750644484092994
id,test_id,seam_005_xl_0110,seam,35,0,14,True,-19.60432883313093,0.7518281868410738
id,test_id,seam_005_xl_0110,seam,35,1,14,True,-20.815944154768662,0.7982937689158
id,test_id,seam_005_xl_0110,seam,35,2,14,True,-20.889367700007963,0.8011095700257779
id,test_id,seam_005_xl_0110,seam,35,3,14,True,-21.401498990474007,0.8207498618619852
id,test_id,seam_005_xl_0110,seam,35,4,14,True,-20.49991919932149,0.7861741767954692
id,test_id,seam_005_xl_0110,seam,35,5,14,True,-21.02212261576927,0.8062007357810872
id,test_id,seam_005_xl_0110,seam,35,6,14,True,-23.866302810795993,0.9152753619658152
id,test_id,seam_005_xl_0110,seam,35,7,14,True,-20.140792156985924,0.7724016148586156
id,test_id,seam_005_xl_0110,seam,35,8,14,True,-19.0500857555067,0.7305729032929202
id,test_id,seam_005_xl_0110,seam,35,9,14,True,-21.050269699886293,0.8072801795813163
id,test_id,seam_005_xl_0110,seam,35,10,14,True,-20.82541109059602,0.7986568269556137
id,test_id,seam_005_xl_0110,seam,35,11,14,True,-20.63333969595838,0.7912908676512371
id,test_id,seam_005_xl_0110,seam,35,12,14,True,-18.575585203770146,0.7123757544640202
id,test_id,seam_005_xl_0110,seam,35,13,14,True,-20.443844577708866,0.7840237088323138
id,test_id,seam_005_xl_0110,seam,35,14,14,True,-21.070638124302377,0.8080613109185781
id,test_id,seam_005_xl_0110,seam,35,15,14,True,-20.26065155355974,0.7769982360216756
id,test_id,seam_005_xl_0110,seam,35,16,14,True,-20.853428609419588,0.7997313019124566
id,test_id,seam_005_xl_0110,seam,35,17,14,True,-23.178261102500564,0.8888888860797046
id,test_id,seam_005_xl_0110,seam,35,18,14,True,-22.050546750281185,0.8456409154952231
id,test_id,seam_005_xl_0110,seam,35,19,14,True,-21.564104764155914,0.8269858113320102
id,test_id,seam_005_xl_0110,seam,35,20,14,True,-20.496012123854488,0.7860243400176228
id,test_id,seam_005_xl_0110,seam,35,21,14,True,-22.141569968827135,0.8491316660300839
id,test_id,seam_005_xl_0110,seam,35,22,14,True,-21.240158361984836,0.8145624308505335
id,test_id,seam_005_xl_0110,seam,35,23,14,True,-23.190335707332572,0.8893519485152995
id,test_id,seam_005_xl_0110,seam,35,24,14,True,-19.334729291048255,0.7414890144765165
id,test_id,seam_005_xl_0110,seam,35,25,14,True,-21.920531065571048,0.8406547995547817
id,test_id,seam_005_xl_0110,seam,35,26,14,True,-20.2986416920581,0.778455162050012
id,test_id,seam_005_xl_0110,seam,35,27,14,True,-22.536587460781792,0.8642806306936882
id,test_id,seam_005_xl_0110,seam,35,28,14,True,-21.035910554053476,0.8067295047447551
id,test_id,seam_005_xl_0110,seam,35,29,14,True,-20.235573828583263,0.7760365024851875
id,test_id,seam_005_xl_0110,seam,35,30,14,True,-23.592434309437714,0.9047724745391814
id,test_id,seam_005_xl_0110,seam,35,31,14,True,-21.13643738377253,0.8105847198230102
id,test_id,seam_005_xl_0110,seam,35,32,14,True,-21.857008253400238,0.8382186926569668
id,test_id,seam_005_xl_0110,seam,35,33,14,True,-21.25135037395561,0.8149916457519315
id,test_id,seam_005_xl_0110,seam,35,34,14,True,-20.2885365802643,0.7780676298910474
id,test_id,seam_005_xl_0110,seam,35,35,14,True,-21.770579792145497,0.8349041515742442
id,test_id,seam_005_xl_0110,seam,35,36,14,True,-23.521439732595795,0.9020498246368602
id,test_id,seam_005_xl_0110,seam,35,37,14,True,-17.16062035266293,0.6581116953622381
id,test_id,seam_005_xl_0110,seam,35,38,14,True,-19.79337714545123,0.7590782106030164
id,test_id,seam_005_xl_0110,seam,35,39,14,True,-21.948686195022322,0.8417345518944719
id,test_id,seam_005_xl_0110,seam,35,40,14,True,-22.034765777542802,0.8450357134390099
id,test_id,seam_005_xl_0110,seam,35,41,14,True,-19.43615102156208,0.7453785490995857
id,test_id,seam_005_xl_0110,seam,35,42,14,True,-22.578241500994803,0.8658780677594767
id,test_id,seam_005_xl_0110,seam,35,43,14,True,-23.049279598578863,0.8839424310872946
id,test_id,seam_005_xl_0110,seam,35,44,14,True,-21.228821870781548,0.8141276751545311
id,test_id,seam_005_xl_0110,seam,35,45,14,True,-22.797975313185752,0.874304883847565
id,test_id,seam_005_xl_0110,seam,35,46,14,True,-21.527842387500197,0.825595145162121
id,test_id,seam_005_xl_0110,seam,35,47,14,True,-22.656196030209458,0.8688676326078513
id,test_id,seam_005_xl_0110,seam,35,48,14,True,-21.819005313660586,0.8367612756996052
id,test_id,seam_005_xl_0110,seam,35,49,14,True,-22.165909041576967,0.8500650721716896
id,test_id,seam_005_xl_0110,seam,35,50,14,True,-21.582885626266368,0.8277060594786315
id,test_id,seam_005_xl_0110,seam,35,51,14,True,-20.400429196330204,0.7823587241373126
id,test_id,seam_005_xl_0110,seam,35,52,14,True,-21.865686498458714,0.8385515043182489
id,test_id,seam_005_xl_0110,seam,35,53,14,True,-22.387728619529994,0.8585718776082739
id,test_id,seam_005_xl_0110,seam,35,54,14,True,-23.129148163004615,0.8870053993984737
id,test_id,seam_005_xl_0110,seam,35,55,14,True,-21.804929468859562,0.8362214654890601
id,test_id,seam_005_xl_0110,seam,35,56,14,True,-19.759814752764424,0.7577910891180345
id,test_id,seam_005_xl_0110,seam,35,57,14,True,-21.92744665893823,0.8409200133280474
id,test_id,seam_005_xl_0110,seam,35,58,14,True,-20.239798680712166,0.7761985260332918
id,test_id,seam_005_xl_0110,seam,35,59,14,True,-19.635028643457602,0.7530055279747965
id,test_id,seam_005_xl_0110,seam,35,60,14,True,-23.35321022564004,0.8955982043715457
id,test_id,seam_005_xl_0110,seam,35,61,14,True,-22.760279221226327,0.8728592345366353
id,test_id,seam_005_xl_0110,seam,35,62,14,True,-23.520768210428198,0.9020240716871932
id,test_id,seam_005_xl_0110,seam,35,63,14,True,-22.20230017747653,0.8514606762728723
id,test_id,seam_005_xl_0110,seam,35,64,14,True,-21.575107750349325,0.8274077770738646
id,test_id,seam_005_xl_0110,seam,35,65,14,True,-22.44127647223271,0.8606254437032624
id,test_id,seam_005_xl_0110,seam,35,66,14,True,-19.35170057649794,0.7421398651573332
id,test_id,seam_005_xl_0110,seam,35,67,14,True,-21.429696813185828,0.8218312514929563
id,test_id,seam_005_xl_0110,seam,35,68,14,True,-22.958726281076792,0.8804697013096257
id,test_id,seam_005_xl_0110,seam,35,69,14,True,-18.36762055363762,0.7044002870472554
id,test_id,seam_005_xl_0110,seam,35,70,14,True,-22.247878232504647,0.8532085997423883
id,test_id,seam_005_xl_0110,seam,35,71,14,True,-20.83139666280836,0.7988863743143587
id,test_id,seam_005_xl_0110,seam,35,72,14,True,-21.157439308181907,0.8113901459553342
id,test_id,seam_005_xl_0110,seam,35,73,14,True,-22.299810051173207,0.8552001907527856
id,test_id,seam_005_xl_0110,seam,35,74,14,True,-19.29755433247927,0.7400633506889565
id,test_id,seam_005_xl_0110,seam,35,75,14,True,-23.23470742772606,0.891053608917673
id,test_id,seam_005_xl_0110,seam,35,76,14,True,-20.16388288159299,0.7732871467103788
id,test_id,seam_005_xl_0110,seam,35,77,14,True,-20.31145000240025,0.7789463621733629
id,test_id,seam_005_xl_0110,seam,35,78,14,True,-22.083916000050486,0.8469206299278795
id,test_id,seam_005_xl_0110,seam,35,79,14,True,-22.64787190363895,0.8685484014298899
id,test_id,seam_005_xl_0110,seam,35,80,14,True,-23.087144619706677,0.885394558850583
id,test_id,seam_005_xl_0110,seam,35,81,14,True,-21.63626729440196,0.8297532523770238
id,test_id,seam_005_xl_0110,seam,35,82,14,True,-21.137205581099607,0.8106141802757738
id,test_id,seam_005_xl_0110,seam,35,83,14,True,-21.106880422397907,0.8094512070734552
id,test_id,seam_005_xl_0110,seam,35,84,14,True,-20.237422508115685,0.7761073995504599
id,test_id,seam_005_xl_0110,seam,35,85,14,True,-17.83604397440088,0.684014266228255
id,test_id,seam_005_xl_0110,seam,35,86,14,True,-24.087600219607317,0.9237621421578547
id,test_id,seam_005_xl_0110,seam,35,87,14,True,-21.594354444443162,0.8281458899287563
id,test_id,seam_005_xl_0110,seam,35,88,14,True,-22.836145354691684,0.8757687091762114
id,test_id,seam_005_xl_0110,seam,35,89,14,True,-23.280165659429084,0.8927969371493713
id,test_id,seam_005_xl_0110,seam,35,90,14,True,-21.124664133052203,0.8101332143510488
id,test_id,seam_005_xl_0110,seam,35,91,14,True,-22.3415615396367,0.8568013649697971
id,test_id,seam_005_xl_0110,seam,35,92,14,True,-22.61022408631136,0.8671046034564498
id,test_id,seam_005_xl_0110,seam,35,93,14,True,-20.385589922353816,0.781789636333151
id,test_id,seam_005_xl_0110,seam,35,94,14,True,-23.220567646873363,0.8905113467524494
id,test_id,seam_005_xl_0110,seam,35,95,14,True,-20.830692258870975,0.7988593603451705
id,test_id,seam_005_xl_0110,seam,35,96,14,True,-22.22017582038947,0.8521462091627892
id,test_id,seam_005_xl_0110,seam,35,97,14,True,-21.36778134223095,0.819456786309188
id,test_id,seam_005_xl_0110,seam,35,98,14,True,-21.02125602862314,0.8061675020678417
id,test_id,seam_005_xl_0110,seam,35,99,14,True,-23.03907631149483,0.883551133895052
id,test_id,seam_000_xl_0372,seam,36,0,9,True,-60.26480920180135,0.9264470409165529
id,test_id,seam_000_xl_0372,seam,36,1,9,True,-37.79910086380728,0.5810831496589861
id,test_id,seam_000_xl_0372,seam,36,2,9,True,-14.669488815599175,0.22551310930831084
id,test_id,seam_000_xl_0372,seam,36,3,9,True,-14.321219757840199,0.2201591914534783
id,test_id,seam_000_xl_0372,seam,36,4,9,True,-14.456608170311927,0.22224050882210733
id,test_id,seam_000_xl_0372,seam,36,5,9,True,-47.11647542157402,0.7243185502598422
id,test_id,seam_000_xl_0372,seam,36,6,9,True,-53.599446021562756,0.8239808408778475
id,test_id,seam_000_xl_0372,seam,36,7,9,True,-13.693673972004815,0.21051197039649264
id,test_id,seam_000_xl_0372,seam,36,8,9,True,-30.775545552987186,0.47311048500432845
id,test_id,seam_000_xl_0372,seam,36,9,9,True,-52.302994736534544,0.8040505785470584
id,test_id,seam_000_xl_0372,seam,36,10,9,True,-43.78551439042472,0.67311190028302
id,test_id,seam_000_xl_0372,seam,36,11,9,True,-29.446945964105346,0.4526860088633548
id,test_id,seam_000_xl_0372,seam,36,12,9,True,-18.657651416122945,0.2868228767976082
id,test_id,seam_000_xl_0372,seam,36,13,9,True,-18.95260209987812,0.29135713471363806
id,test_id,seam_000_xl_0372,seam,36,14,9,True,-53.04299122581285,0.8154264970451136
id,test_id,seam_000_xl_0372,seam,36,15,9,True,-28.435572811216474,0.43713823434674126
id,test_id,seam_000_xl_0372,seam,36,16,9,True,-51.914951645004564,0.7980852170258392
id,test_id,seam_000_xl_0372,seam,36,17,9,True,-59.65738877766235,0.9171092057522288
id,test_id,seam_000_xl_0372,seam,36,18,9,True,-60.835571075749996,0.9352213265434607
id,test_id,seam_000_xl_0372,seam,36,19,9,True,-59.477669865109924,0.9143463984533061
id,test_id,seam_000_xl_0372,seam,36,20,9,True,-38.42126685490881,0.5906476674770844
id,test_id,seam_000_xl_0372,seam,36,21,9,True,-48.70341884660639,0.7487145295999589
id,test_id,seam_000_xl_0372,seam,36,22,9,True,-44.5526721108833,0.684905366643383
id,test_id,seam_000_xl_0372,seam,36,23,9,True,-60.62604927304339,0.9320003613285037
id,test_id,seam_000_xl_0372,seam,36,24,9,True,-58.16791036197157,0.8942115497403265
id,test_id,seam_000_xl_0372,seam,36,25,9,True,-55.232015494912744,0.8490782265280885
id,test_id,seam_000_xl_0372,seam,36,26,9,True,-50.812272607561034,0.7811338030107469
id,test_id,seam_000_xl_0372,seam,36,27,9,True,-18.981681255806617,0.29180416670990794
id,test_id,seam_000_xl_0372,seam,36,28,9,True,-52.732096290332066,0.8106471291714408
id,test_id,seam_000_xl_0372,seam,36,29,9,True,-38.68398389157328,0.5946863996068276
id,test_id,seam_000_xl_0372,seam,36,30,9,True,-47.12731070629633,0.7244851203959037
id,test_id,seam_000_xl_0372,seam,36,31,9,True,-59.906089533349125,0.9209324664947993
id,test_id,seam_000_xl_0372,seam,36,32,9,True,-48.353276060183816,0.7433318070347346
id,test_id,seam_000_xl_0372,seam,36,33,9,True,-28.719285747112316,0.44149973508675505
id,test_id,seam_000_xl_0372,seam,36,34,9,True,-31.44774682805201,0.4834441920289171
id,test_id,seam_000_xl_0372,seam,36,35,9,True,-64.06835853338134,0.9849187604804986
id,test_id,seam_000_xl_0372,seam,36,36,9,True,-50.3128019107926,0.7734554720714396
id,test_id,seam_000_xl_0372,seam,36,37,9,True,-14.274146588966996,0.2194355386520049
id,test_id,seam_000_xl_0372,seam,36,38,9,True,-38.93772321948273,0.5985871179965382
id,test_id,seam_000_xl_0372,seam,36,39,9,True,-14.001853810215986,0.21524959925423648
id,test_id,seam_000_xl_0372,seam,36,40,9,True,-42.37275665977688,0.6513936664343419
id,test_id,seam_000_xl_0372,seam,36,41,9,True,-55.24332883332076,0.849252145752754
id,test_id,seam_000_xl_0372,seam,36,42,9,True,-40.83003699607118,0.6276775361365097
id,test_id,seam_000_xl_0372,seam,36,43,9,True,-18.722027118467988,0.287812520334764
id,test_id,seam_000_xl_0372,seam,36,44,9,True,-46.31652405562376,0.7120209492937445
id,test_id,seam_000_xl_0372,seam,36,45,9,True,-14.047079887454332,0.21594485683465
id,test_id,seam_000_xl_0372,seam,36,46,9,True,-56.97002553675316,0.8757965432650505
id,test_id,seam_000_xl_0372,seam,36,47,9,True,-16.572487662508575,0.25476778834800035
id,test_id,seam_000_xl_0372,seam,36,48,9,True,-59.549588942648285,0.9154520058127811
id,test_id,seam_000_xl_0372,seam,36,49,9,True,-31.290010787127745,0.48101932600352504
id,test_id,seam_000_xl_0372,seam,36,50,9,True,-53.289283093423386,0.8192127261060157
id,test_id,seam_000_xl_0372,seam,36,51,9,True,-30.70967105652,0.4720978006014039
id,test_id,seam_000_xl_0372,seam,36,52,9,True,-64.1964012654491,0.9868871531761068
id,test_id,seam_000_xl_0372,seam,36,53,9,True,-21.635116718366874,0.33259525963978515
id,test_id,seam_000_xl_0372,seam,36,54,9,True,-42.90737606031523,0.6596123361390247
id,test_id,seam_000_xl_0372,seam,36,55,9,True,-48.508523615150764,0.7457184177253458
id,test_id,seam_000_xl_0372,seam,36,56,9,True,-26.483051604789523,0.4071222512551198
id,test_id,seam_000_xl_0372,seam,36,57,9,True,-48.7951187572055,0.7501242264355097
id,test_id,seam_000_xl_0372,seam,36,58,9,True,-33.84256994128455,0.5202596539238257
id,test_id,seam_000_xl_0372,seam,36,59,9,True,-31.08083504367567,0.4778036807352596
id,test_id,seam_000_xl_0372,seam,36,60,9,True,-16.97544396901715,0.2609624097651768
id,test_id,seam_000_xl_0372,seam,36,61,9,True,-62.257014475472666,0.9570730846249261
id,test_id,seam_000_xl_0372,seam,36,62,9,True,-33.81455754518489,0.5198290211578841
id,test_id,seam_000_xl_0372,seam,36,63,9,True,-61.58686893252431,0.9467709802381198
id,test_id,seam_000_xl_0372,seam,36,64,9,True,-42.7122201316818,0.6566122165834426
id,test_id,seam_000_xl_0372,seam,36,65,9,True,-57.98196623365805,0.8913530425993674
id,test_id,seam_000_xl_0372,seam,36,66,9,True,-54.34067606454012,0.8353757227176845
id,test_id,seam_000_xl_0372,seam,36,67,9,True,-48.17459491346612,0.740584953243331
id,test_id,seam_000_xl_0372,seam,36,68,9,True,-51.741893879194805,0.795424811107931
id,test_id,seam_000_xl_0372,seam,36,69,9,True,-41.817536728069925,0.642858306087222
id,test_id,seam_000_xl_0372,seam,36,70,9,True,-38.97829563939444,0.5992108352017844
id,test_id,seam_000_xl_0372,seam,36,71,9,True,-40.13996513180845,0.6170691056920495
id,test_id,seam_000_xl_0372,seam,36,72,9,True,-39.86022581789881,0.6127686911875949
id,test_id,seam_000_xl_0372,seam,36,73,9,True,-16.947624026924686,0.2605347355823262
id,test_id,seam_000_xl_0372,seam,36,74,9,True,-40.97753336182493,0.6299449882932224
id,test_id,seam_000_xl_0372,seam,36,75,9,True,-41.98055452760805,0.645364368248526
id,test_id,seam_000_xl_0372,seam,36,76,9,True,-59.88518889262251,0.9206111622874034
id,test_id,seam_000_xl_0372,seam,36,77,9,True,-37.33737170048305,0.5739850168890938
id,test_id,seam_000_xl_0372,seam,36,78,9,True,-50.36780440967098,0.7743010219537638
id,test_id,seam_000_xl_0372,seam,36,79,9,True,-61.81654409602718,0.9503017617741027
id,test_id,seam_000_xl_0372,seam,36,80,9,True,-57.52381477498207,0.8843099096532288
id,test_id,seam_000_xl_0372,seam,36,81,9,True,-18.860781356244704,0.2899455803196122
id,test_id,seam_000_xl_0372,seam,36,82,9,True,-39.82506425546177,0.6122281547467556
id,test_id,seam_000_xl_0372,seam,36,83,9,True,-54.69133568932666,0.84076639060588
id,test_id,seam_000_xl_0372,seam,36,84,9,True,-47.25102073641587,0.726386906742761
id,test_id,seam_000_xl_0372,seam,36,85,9,True,-55.29466205071188,0.8500412880064611
id,test_id,seam_000_xl_0372,seam,36,86,9,True,-52.078392115914575,0.8005977768869937
id,test_id,seam_000_xl_0372,seam,36,87,9,True,-56.13561632720067,0.8629692240825596
id,test_id,seam_000_xl_0372,seam,36,88,9,True,-26.207075776877605,0.4028796925791711
id,test_id,seam_000_xl_0372,seam,36,89,9,True,-47.789212509974305,0.7346604943084203
id,test_id,seam_000_xl_0372,seam,36,90,9,True,-19.276488948003312,0.29633622642589397
id,test_id,seam_000_xl_0372,seam,36,91,9,True,-58.08755567077995,0.8929762622339976
id,test_id,seam_000_xl_0372,seam,36,92,9,True,-36.19889828460444,0.5564833381934717
id,test_id,seam_000_xl_0372,seam,36,93,9,True,-33.493928339796604,0.5149000089781769
id,test_id,seam_000_xl_0372,seam,36,94,9,True,-53.30854869317804,0.8195088949335716
id,test_id,seam_000_xl_0372,seam,36,95,9,True,-33.723269256783254,0.5184256521639355
id,test_id,seam_000_xl_0372,seam,36,96,9,True,-59.360653301706385,0.9125475103403375
id,test_id,seam_000_xl_0372,seam,36,97,9,True,-34.88752558063534,0.5363236898477404
id,test_id,seam_000_xl_0372,seam,36,98,9,True,-55.30645356368258,0.8502225581779643
id,test_id,seam_000_xl_0372,seam,36,99,9,True,-38.663392341689736,0.5943698470331089
id,test_id,fault_002_xl_0483,fault,37,0,15,True,-99.34462405540933,0.9519789302534013
id,test_id,fault_002_xl_0483,fault,37,1,15,True,-91.12725290044365,0.8732352209084824
id,test_id,fault_002_xl_0483,fault,37,2,15,True,-99.80673294450756,0.9564071308740911
id,test_id,fault_002_xl_0483,fault,37,3,15,True,-89.32540433359715,0.8559688425064824
id,test_id,fault_002_xl_0483,fault,37,4,15,True,-100.88045777178814,0.9666961970634298
id,test_id,fault_002_xl_0483,fault,37,5,15,True,-96.8453365155863,0.9280292792161262
id,test_id,fault_002_xl_0483,fault,37,6,15,True,-96.41874505899042,0.9239414276351599
id,test_id,fault_002_xl_0483,fault,37,7,15,True,-98.29525393084168,0.9419232452264127
id,test_id,fault_002_xl_0483,fault,37,8,15,True,-91.37212948899733,0.8755817731757237
id,test_id,fault_002_xl_0483,fault,37,9,15,True,-94.96202371862076,0.9099822623912615
id,test_id,fault_002_xl_0483,fault,37,10,15,True,-81.51746795500637,0.7811485792878935
id,test_id,fault_002_xl_0483,fault,37,11,15,True,-101.56142821699635,0.9732216585277756
id,test_id,fault_002_xl_0483,fault,37,12,15,True,-78.52763851961004,0.7524982657494254
id,test_id,fault_002_xl_0483,fault,37,13,15,True,-92.55601111129965,0.8869264269107607
id,test_id,fault_002_xl_0483,fault,37,14,15,True,-95.23945180865037,0.9126407423933736
id,test_id,fault_002_xl_0483,fault,37,15,15,True,-99.95196555125135,0.9577988355880648
id,test_id,fault_002_xl_0483,fault,37,16,15,True,-93.63736836970827,0.8972886315682306
id,test_id,fault_002_xl_0483,fault,37,17,15,True,-69.5991502919428,0.6669402121297952
id,test_id,fault_002_xl_0483,fault,37,18,15,True,-95.6507288692836,0.9165818423768107
id,test_id,fault_002_xl_0483,fault,37,19,15,True,-85.21737997632354,0.8166033240370477
id,test_id,fault_002_xl_0483,fault,37,20,15,True,-92.10875564138627,0.8826405605355392
id,test_id,fault_002_xl_0483,fault,37,21,15,True,-88.815530892046,0.8510829337009714
id,test_id,fault_002_xl_0483,fault,37,22,15,True,-95.90040824237967,0.9189744177654278
id,test_id,fault_002_xl_0483,fault,37,23,15,True,-99.21144810082967,0.9507027595095723
id,test_id,fault_002_xl_0483,fault,37,24,15,True,-93.17843919239672,0.8928909008260472
id,test_id,fault_002_xl_0483,fault,37,25,15,True,-93.6363900417712,0.8972792566514515
id,test_id,fault_002_xl_0483,fault,37,26,15,True,-95.72688954653603,0.9173116590201125
id,test_id,fault_002_xl_0483,fault,37,27,15,True,-96.66692167300891,0.926319602697713
id,test_id,fault_002_xl_0483,fault,37,28,15,True,-99.1707189151141,0.9503124683688462
id,test_id,fault_002_xl_0483,fault,37,29,15,True,-97.21606967485872,0.9315818635630834
id,test_id,fault_002_xl_0483,fault,37,30,15,True,-98.76226548324846,0.9463984260658734
id,test_id,fault_002_xl_0483,fault,37,31,15,True,-94.54161482198178,0.9059536557555548
id,test_id,fault_002_xl_0483,fault,37,32,15,True,-94.57439812243642,0.9062678047253026
id,test_id,fault_002_xl_0483,fault,37,33,15,True,-87.72151918542414,0.8405994666381368
id,test_id,fault_002_xl_0483,fault,37,34,15,True,-100.16395873241673,0.9598302796017271
id,test_id,fault_002_xl_0483,fault,37,35,15,True,-81.58682796046205,0.7818132278727958
id,test_id,fault_002_xl_0483,fault,37,36,15,True,-90.24900098343285,0.8648192917286347
id,test_id,fault_002_xl_0483,fault,37,37,15,True,-93.40818985169807,0.8950925074952184
id,test_id,fault_002_xl_0483,fault,37,38,15,True,-91.12286922576607,0.8731932139456519
id,test_id,fault_002_xl_0483,fault,37,39,15,True,-85.40271239573747,0.8183792888670777
id,test_id,fault_002_xl_0483,fault,37,40,15,True,-97.84045185731236,0.9375650628330304
id,test_id,fault_002_xl_0483,fault,37,41,15,True,-91.65949556524693,0.8783354848381343
id,test_id,fault_002_xl_0483,fault,37,42,15,True,-98.42336177132421,0.9431508503041838
id,test_id,fault_002_xl_0483,fault,37,43,15,True,-98.87462117738087,0.9474750847630607
id,test_id,fault_002_xl_0483,fault,37,44,15,True,-97.10964963191238,0.9305620837853164
id,test_id,fault_002_xl_0483,fault,37,45,15,True,-99.71903316234508,0.9555667397044602
id,test_id,fault_002_xl_0483,fault,37,46,15,True,-97.21608818702079,0.9315820409575669
id,test_id,fault_002_xl_0483,fault,37,47,15,True,-96.53330459924433,0.9250392048890194
id,test_id,fault_002_xl_0483,fault,37,48,15,True,-78.69406092747197,0.7540930236672593
id,test_id,fault_002_xl_0483,fault,37,49,15,True,-97.79947647310291,0.9371724124727587
id,test_id,fault_002_xl_0483,fault,37,50,15,True,-90.29151390597983,0.8652266756904042
id,test_id,fault_002_xl_0483,fault,37,51,15,True,-96.23113250239318,0.9221436131823927
id,test_id,fault_002_xl_0483,fault,37,52,15,True,-89.90779020469381,0.8615496082885552
id,test_id,fault_002_xl_0483,fault,37,53,15,True,-93.57069699356278,0.8966497470191678
id,test_id,fault_002_xl_0483,fault,37,54,15,True,-85.21408096770571,0.8165717109857655
id,test_id,fault_002_xl_0483,fault,37,55,15,True,-89.57125698485075,0.8583247479836608
id,test_id,fault_002_xl_0483,fault,37,56,15,True,-80.67144511702791,0.7730414882004136
id,test_id,fault_002_xl_0483,fault,37,57,15,True,-92.85040574829637,0.889747490398244
id,test_id,fault_002_xl_0483,fault,37,58,15,True,-94.41863406879929,0.9047751814599441
id,test_id,fault_002_xl_0483,fault,37,59,15,True,-78.57314284449737,0.7529343150972388
id,test_id,fault_002_xl_0483,fault,37,60,15,True,-95.59082542938393,0.9160078121947414
id,test_id,fault_002_xl_0483,fault,37,61,15,True,-94.06523885817609,0.9013887395888868
id,test_id,fault_002_xl_0483,fault,37,62,15,True,-97.83971457511055,0.9375579977590173
id,test_id,fault_002_xl_0483,fault,37,63,15,True,-100.34361500200475,0.9615518522078125
id,test_id,fault_002_xl_0483,fault,37,64,15,True,-85.57040949141921,0.8199862615973247
id,test_id,fault_002_xl_0483,fault,37,65,15,True,-83.90582329439482,0.8040352123863075
id,test_id,fault_002_xl_0483,fault,37,66,15,True,-83.64478159117965,0.801533756431935
id,test_id,fault_002_xl_0483,fault,37,67,15,True,-86.53611487094811,0.8292402215663225
id,test_id,fault_002_xl_0483,fault,37,68,15,True,-84.09508000736797,0.8058487821176596
id,test_id,fault_002_xl_0483,fault,37,69,15,True,-81.7543296162714,0.7834183277826222
id,test_id,fault_002_xl_0483,fault,37,70,15,True,-92.45026473556351,0.8859131026105413
id,test_id,fault_002_xl_0483,fault,37,71,15,True,-99.35604529986179,0.9520883753711357
id,test_id,fault_002_xl_0483,fault,37,72,15,True,-100.95540561609852,0.9674143916243312
id,test_id,fault_002_xl_0483,fault,37,73,15,True,-96.06006699733541,0.920504362361761
id,test_id,fault_002_xl_0483,fault,37,74,15,True,-89.82674782496686,0.8607730122855882
id,test_id,fault_002_xl_0483,fault,37,75,15,True,-77.98365939567888,0.7472855361286326
id,test_id,fault_002_xl_0483,fault,37,76,15,True,-99.28041755543691,0.9513636656053116
id,test_id,fault_002_xl_0483,fault,37,77,15,True,-98.02595188764279,0.9393426338099711
id,test_id,fault_002_xl_0483,fault,37,78,15,True,-82.61511661871324,0.7916668978240525
id,test_id,fault_002_xl_0483,fault,37,79,15,True,-94.94860693603462,0.9098536948471668
id,test_id,fault_002_xl_0483,fault,37,80,15,True,-96.51070549528018,0.9248226469119668
id,test_id,fault_002_xl_0483,fault,37,81,15,True,-85.68446651884328,0.8210792234761124
id,test_id,fault_002_xl_0483,fault,37,82,15,True,-86.49862198563416,0.8288809425696719
id,test_id,fault_002_xl_0483,fault,37,83,15,True,-97.50434432090677,0.9343442816785412
id,test_id,fault_002_xl_0483,fault,37,84,15,True,-98.58327242370801,0.9446832087306197
id,test_id,fault_002_xl_0483,fault,37,85,15,True,-99.98546948288242,0.9581198900718548
id,test_id,fault_002_xl_0483,fault,37,86,15,True,-90.98426317825532,0.8718650088405385
id,test_id,fault_002_xl_0483,fault,37,87,15,True,-91.61815593354524,0.8779393440430123
id,test_id,fault_002_xl_0483,fault,37,88,15,True,-83.82475581883809,0.803258375900261
id,test_id,fault_002_xl_0483,fault,37,89,15,True,-96.33123458555161,0.9231028505336574
id,test_id,fault_002_xl_0483,fault,37,90,15,True,-92.4939215742067,0.8863314482527437
id,test_id,fault_002_xl_0483,fault,37,91,15,True,-99.51594372015305,0.9536206165824284
id,test_id,fault_002_xl_0483,fault,37,92,15,True,-98.40656327128733,0.942989877143864
id,test_id,fault_002_xl_0483,fault,37,93,15,True,-98.77753164480589,0.94654471545281
id,test_id,fault_002_xl_0483,fault,37,94,15,True,-87.75429810376264,0.8409135736158565
id,test_id,fault_002_xl_0483,fault,37,95,15,True,-98.26464858670006,0.9416299667218837
id,test_id,fault_002_xl_0483,fault,37,96,15,True,-84.43647819104507,0.8091202613826688
id,test_id,fault_002_xl_0483,fault,37,97,15,True,-100.50802413758902,0.9631273177602323
id,test_id,fault_002_xl_0483,fault,37,98,15,True,-94.25359181212241,0.9031936489668501
id,test_id,fault_002_xl_0483,fault,37,99,15,True,-96.3637233696962,0.9234141772739745
id,test_id,gom_151_xl_0318,gom,38,0,17,True,-61.47509773751932,0.940033897513341
id,test_id,gom_151_xl_0318,gom,38,1,17,True,-60.369628267098186,0.9231298369570005
id,test_id,gom_151_xl_0318,gom,38,2,17,True,-59.10806337954334,0.9038388752203045
id,test_id,gom_151_xl_0318,gom,38,3,17,True,-62.31844081806456,0.9529297059320728
id,test_id,gom_151_xl_0318,gom,38,4,17,True,-61.132498797003095,0.9347951158083898
id,test_id,gom_151_xl_0318,gom,38,5,17,True,-58.9702485904747,0.9017315085292197
id,test_id,gom_151_xl_0318,gom,38,6,17,True,-57.86765367284253,0.8848714036095724
id,test_id,gom_151_xl_0318,gom,38,7,17,True,-60.44897689100832,0.9243431802283695
id,test_id,gom_151_xl_0318,gom,38,8,17,True,-61.87024906830739,0.9460762733575292
id,test_id,gom_151_xl_0318,gom,38,9,17,True,-60.7667507034914,0.929202353559847
id,test_id,gom_151_xl_0318,gom,38,10,17,True,-61.27158406107307,0.9369219097083945
id,test_id,gom_151_xl_0318,gom,38,11,17,True,-62.83135148633558,0.9607727746268089
id,test_id,gom_151_xl_0318,gom,38,12,17,True,-62.138807408793916,0.9501828783538349
id,test_id,gom_151_xl_0318,gom,38,13,17,True,-62.60420457986695,0.9572994041133126
id,test_id,gom_151_xl_0318,gom,38,14,17,True,-56.14075966389207,0.8584649566811378
id,test_id,gom_151_xl_0318,gom,38,15,17,True,-62.8013802780645,0.960314476018736
id,test_id,gom_151_xl_0318,gom,38,16,17,True,-63.203632186927365,0.9664654289018864
id,test_id,gom_151_xl_0318,gom,38,17,17,True,-58.87999164923362,0.9003513629519858
id,test_id,gom_151_xl_0318,gom,38,18,17,True,-61.73120588698065,0.9439501229571949
id,test_id,gom_151_xl_0318,gom,38,19,17,True,-61.20709906647461,0.9359358505879631
id,test_id,gom_151_xl_0318,gom,38,20,17,True,-63.18204377320683,0.9661353140840537
id,test_id,gom_151_xl_0318,gom,38,21,17,True,-55.271515290354245,0.8451730839323189
id,test_id,gom_151_xl_0318,gom,38,22,17,True,-60.418421482091425,0.9238759484354748
id,test_id,gom_151_xl_0318,gom,38,23,17,True,-59.709727685704756,0.9130391020362165
id,test_id,gom_151_xl_0318,gom,38,24,17,True,-54.82217406081637,0.8383020743225511
id,test_id,gom_151_xl_0318,gom,38,25,17,True,-59.909186891830444,0.916089091736596
id,test_id,gom_151_xl_0318,gom,38,26,17,True,-60.256485172022145,0.9213997324341061
id,test_id,gom_151_xl_0318,gom,38,27,17,True,-61.85299061833058,0.9458123692956604
id,test_id,gom_151_xl_0318,gom,38,28,17,True,-62.31565648510934,0.9528871298735353
id,test_id,gom_151_xl_0318,gom,38,29,17,True,-60.96572662066896,0.9322449531460134
id,test_id,gom_151_xl_0318,gom,38,30,17,True,-60.503081879454506,0.9251705156053887
id,test_id,gom_151_xl_0318,gom,38,31,17,True,-59.60554287882381,0.9114459813470537
id,test_id,gom_151_xl_0318,gom,38,32,17,True,-61.760913564870776,0.9444043918442868
id,test_id,gom_151_xl_0318,gom,38,33,17,True,-61.46305022783911,0.9398496754804073
id,test_id,gom_151_xl_0318,gom,38,34,17,True,-63.41378617870421,0.9696789557320746
id,test_id,gom_151_xl_0318,gom,38,35,17,True,-59.072004241641395,0.9032874842800621
id,test_id,gom_151_xl_0318,gom,38,36,17,True,-60.59566713000688,0.9265862640487763
id,test_id,gom_151_xl_0318,gom,38,37,17,True,-63.8605122096364,0.9765099755666566
id,test_id,gom_151_xl_0318,gom,38,38,17,True,-60.6930409733842,0.9280752362810236
id,test_id,gom_151_xl_0318,gom,38,39,17,True,-61.82134959491781,0.9453285370504959
id,test_id,gom_151_xl_0318,gom,38,40,17,True,-59.29015257464356,0.9066232549458306
id,test_id,gom_151_xl_0318,gom,38,41,17,True,-63.61881944602528,0.9728141800504262
id,test_id,gom_151_xl_0318,gom,38,42,17,True,-58.027371939224246,0.8873137028490458
id,test_id,gom_151_xl_0318,gom,38,43,17,True,-57.96441547903515,0.8863510170002504
id,test_id,gom_151_xl_0318,gom,38,44,17,True,-61.321509270699735,0.9376853308515367
id,test_id,gom_151_xl_0318,gom,38,45,17,True,-64.13167265069679,0.9806563700522704
id,test_id,gom_151_xl_0318,gom,38,46,17,True,-58.69072586938681,0.8974572439470032
id,test_id,gom_151_xl_0318,gom,38,47,17,True,-62.54415776538088,0.9563812105173364
id,test_id,gom_151_xl_0318,gom,38,48,17,True,-62.82854292716537,0.9607298281180545
id,test_id,gom_151_xl_0318,gom,38,49,17,True,-63.06510011388346,0.9643470940094379
id,test_id,gom_151_xl_0318,gom,38,50,17,True,-63.23453638593078,0.96693799414713
id,test_id,gom_151_xl_0318,gom,38,51,17,True,-59.93225702167693,0.9164418639138492
id,test_id,gom_151_xl_0318,gom,38,52,17,True,-60.76489774422973,0.9291740194118623
id,test_id,gom_151_xl_0318,gom,38,53,17,True,-63.5392241907813,0.9715970654664032
id,test_id,gom_151_xl_0318,gom,38,54,17,True,-62.21026003819283,0.9512754816383098
id,test_id,gom_151_xl_0318,gom,38,55,17,True,-62.825822427443114,0.9606882281523571
id,test_id,gom_151_xl_0318,gom,38,56,17,True,-61.64267962007219,0.9425964416329359
id,test_id,gom_151_xl_0318,gom,38,57,17,True,-61.41684558404401,0.939143146609557
id,test_id,gom_151_xl_0318,gom,38,58,17,True,-58.02326307694433,0.8872508730209446
id,test_id,gom_151_xl_0318,gom,38,59,17,True,-63.02368678084133,0.9637138304880876
id,test_id,gom_151_xl_0318,gom,38,60,17,True,-59.49753000563909,0.909794324564091
id,test_id,gom_151_xl_0318,gom,38,61,17,True,-62.41328234798915,0.9543799558105163
id,test_id,gom_151_xl_0318,gom,38,62,17,True,-61.06536893070052,0.9337686131726495
id,test_id,gom_151_xl_0318,gom,38,63,17,True,-60.98277458335477,0.9325056385844753
id,test_id,gom_151_xl_0318,gom,38,64,17,True,-62.807350893187646,0.9604057744600777
id,test_id,gom_151_xl_0318,gom,38,65,17,True,-63.21606343399074,0.9666555187766164
id,test_id,gom_151_xl_0318,gom,38,66,17,True,-62.492619687944355,0.9555931265355936
id,test_id,gom_151_xl_0318,gom,38,67,17,True,-58.65517687865425,0.8969136538179782
id,test_id,gom_151_xl_0318,gom,38,68,17,True,-63.08332999442702,0.9646258525033526
id,test_id,gom_151_xl_0318,gom,38,69,17,True,-61.746679152868154,0.9441867292412807
id,test_id,gom_151_xl_0318,gom,38,70,17,True,-57.34822126116626,0.8769286090079659
id,test_id,gom_151_xl_0318,gom,38,71,17,True,-61.22168346440547,0.9361588649292882
id,test_id,gom_151_xl_0318,gom,38,72,17,True,-62.102308142054966,0.9496247572734016
id,test_id,gom_151_xl_0318,gom,38,73,17,True,-58.55718101362893,0.8954151700687812
id,test_id,gom_151_xl_0318,gom,38,74,17,True,-60.65481476470757,0.927490708020769
id,test_id,gom_151_xl_0318,gom,38,75,17,True,-60.023402881946936,0.9178356022148059
id,test_id,gom_151_xl_0318,gom,38,76,17,True,-60.80248702954644,0.929748808288683
id,test_id,gom_151_xl_0318,gom,38,77,17,True,-60.94249759468283,0.9318897512409038
id,test_id,gom_151_xl_0318,gom,38,78,17,True,-59.13346993077526,0.9042273743078353
id,test_id,gom_151_xl_0318,gom,38,79,17,True,-61.720745542393466,0.9437901707350185
id,test_id,gom_151_xl_0318,gom,38,80,17,True,-61.01326456585078,0.9329718699226218
id,test_id,gom_151_xl_0318,gom,38,81,17,True,-62.86878781939576,0.9613452246654471
id,test_id,gom_151_xl_0318,gom,38,82,17,True,-60.5508856026882,0.9259014964727782
id,test_id,gom_151_xl_0318,gom,38,83,17,True,-60.69256038133241,0.9280678874058502
id,test_id,gom_151_xl_0318,gom,38,84,17,True,-58.89654241764141,0.9006044456457238
id,test_id,gom_151_xl_0318,gom,38,85,17,True,-62.70871877348808,0.9588975615525188
id,test_id,gom_151_xl_0318,gom,38,86,17,True,-63.62507505470885,0.9729098364125724
id,test_id,gom_151_xl_0318,gom,38,87,17,True,-62.422096836946224,0.9545147407675776
id,test_id,gom_151_xl_0318,gom,38,88,17,True,-62.09994907535158,0.9495886840868708
id,test_id,gom_151_xl_0318,gom,38,89,17,True,-60.94602593066428,0.9319437040697147
id,test_id,gom_151_xl_0318,gom,38,90,17,True,-55.580607019823105,0.8498994969651597
id,test_id,gom_151_xl_0318,gom,38,91,17,True,-63.04550217521722,0.9640474161342387
id,test_id,gom_151_xl_0318,gom,38,92,17,True,-60.06368504296128,0.9184515686501951
id,test_id,gom_151_xl_0318,gom,38,93,17,True,-61.54892454111174,0.9411628049974456
id,test_id,gom_151_xl_0318,gom,38,94,17,True,-60.02176883609853,0.917810615536555
id,test_id,gom_151_xl_0318,gom,38,95,17,True,-60.54033855804728,0.9257402184944434
id,test_id,gom_151_xl_0318,gom,38,96,17,True,-63.35851142231658,0.9688337330875656
id,test_id,gom_151_xl_0318,gom,38,97,17,True,-62.725271039007026,0.9591506671390261
id,test_id,gom_151_xl_0318,gom,38,98,17,True,-62.38797936083158,0.9539930403518696
id,test_id,gom_151_xl_0318,gom,38,99,17,True,-61.92099650052464,0.9468522673494323
id,test_id,fault_001_il_0228,fault,39,0,17,True,-96.34525463347867,0.9053959260058673
id,test_id,fault_001_il_0228,fault,39,1,17,True,-103.4763987370673,0.9724102158503648
id,test_id,fault_001_il_0228,fault,39,2,17,True,-93.9596375001706,0.8829773020505532
id,test_id,fault_001_il_0228,fault,39,3,17,True,-95.1785615174581,0.8944320316432169
id,test_id,fault_001_il_0228,fault,39,4,17,True,-96.02720360281776,0.9024070698497667
id,test_id,fault_001_il_0228,fault,39,5,17,True,-103.19006924632691,0.9697194600326771
id,test_id,fault_001_il_0228,fault,39,6,17,True,-97.12271215653793,0.9127020136455571
id,test_id,fault_001_il_0228,fault,39,7,17,True,-94.82355255970323,0.891095866667893
id,test_id,fault_001_il_0228,fault,39,8,17,True,-104.28075737387879,0.9799691043040543
id,test_id,fault_001_il_0228,fault,39,9,17,True,-76.8232478300329,0.7219396105439454
id,test_id,fault_001_il_0228,fault,39,10,17,True,-97.45822528184691,0.9158549682766065
id,test_id,fault_001_il_0228,fault,39,11,17,True,-92.02848542877986,0.8648294729271935
id,test_id,fault_001_il_0228,fault,39,12,17,True,-103.06303940776202,0.9685257084695574
id,test_id,fault_001_il_0228,fault,39,13,17,True,-99.29794800899492,0.9331435983028271
id,test_id,fault_001_il_0228,fault,39,14,17,True,-95.23475499478832,0.894960104827894
id,test_id,fault_001_il_0228,fault,39,15,17,True,-68.48889549377554,0.643618278789192
id,test_id,fault_001_il_0228,fault,39,16,17,True,-89.60358354343663,0.8420416740230756
id,test_id,fault_001_il_0228,fault,39,17,17,True,-92.78766234685978,0.8719637702141962
id,test_id,fault_001_il_0228,fault,39,18,17,True,-103.21249646840965,0.9699302178492667
id,test_id,fault_001_il_0228,fault,39,19,17,True,-103.76315317005444,0.9751049650248662
id,test_id,fault_001_il_0228,fault,39,20,17,True,-105.72707973026202,0.9935607894798549
id,test_id,fault_001_il_0228,fault,39,21,17,True,-103.41926011597181,0.9718732607615626
id,test_id,fault_001_il_0228,fault,39,22,17,True,-82.3527857181033,0.773902949014529
id,test_id,fault_001_il_0228,fault,39,23,17,True,-94.9516036165349,0.8922992150384715
id,test_id,fault_001_il_0228,fault,39,24,17,True,-98.03640494121751,0.9212883599894112
id,test_id,fault_001_il_0228,fault,39,25,17,True,-100.10952922772373,0.9407703603250492
id,test_id,fault_001_il_0228,fault,39,26,17,True,-95.13878219179009,0.8940582089828677
id,test_id,fault_001_il_0228,fault,39,27,17,True,-93.94052567166054,0.8827977003489712
id,test_id,fault_001_il_0228,fault,39,28,17,True,-102.93997247057433,0.9673691979182117
id,test_id,fault_001_il_0228,fault,39,29,17,True,-98.0235888051875,0.9211679214956541
id,test_id,fault_001_il_0228,fault,39,30,17,True,-101.2125585249403,0.9511359796361839
id,test_id,fault_001_il_0228,fault,39,31,17,True,-97.55154723246093,0.9167319529730948
id,test_id,fault_001_il_0228,fault,39,32,17,True,-104.001844033928,0.977348041101089
id,test_id,fault_001_il_0228,fault,39,33,17,True,-99.57551027800282,0.9357519649372682
id,test_id,fault_001_il_0228,fault,39,34,17,True,-96.54244399455278,0.9072489954159527
id,test_id,fault_001_il_0228,fault,39,35,17,True,-103.11699363157169,0.9690327384692594
id,test_id,fault_001_il_0228,fault,39,36,17,True,-92.93006516579766,0.8733019879874392
id,test_id,fault_001_il_0228,fault,39,37,17,True,-101.97721709029744,0.9583217902139196
id,test_id,fault_001_il_0228,fault,39,38,17,True,-99.06867972211053,0.9309890700523473
id,test_id,fault_001_il_0228,fault,39,39,17,True,-83.01070153948109,0.7800856541887108
id,test_id,fault_001_il_0228,fault,39,40,17,True,-97.22987041991803,0.9137090238555703
id,test_id,fault_001_il_0228,fault,39,41,17,True,-103.2367699709884,0.9701583259219301
id,test_id,fault_001_il_0228,fault,39,42,17,True,-84.93514905412509,0.7981704778388148
id,test_id,fault_001_il_0228,fault,39,43,17,True,-94.54094717651381,0.8884401078183226
id,test_id,fault_001_il_0228,fault,39,44,17,True,-105.05504807667076,0.9872454320331056
id,test_id,fault_001_il_0228,fault,39,45,17,True,-102.93475447730691,0.9673201622924898
id,test_id,fault_001_il_0228,fault,39,46,17,True,-101.6843141478603,0.9555692609709736
id,test_id,fault_001_il_0228,fault,39,47,17,True,-100.44364510571455,0.9439101844492115
id,test_id,fault_001_il_0228,fault,39,48,17,True,-99.88352692058638,0.9386465238275639
id,test_id,fault_001_il_0228,fault,39,49,17,True,-105.4172486890361,0.9906491799403581
id,test_id,fault_001_il_0228,fault,39,50,17,True,-93.78371851815487,0.8813241191280512
id,test_id,fault_001_il_0228,fault,39,51,17,True,-99.31471734226574,0.9333011866146017
id,test_id,fault_001_il_0228,fault,39,52,17,True,-95.86635591620134,0.9008955180797911
id,test_id,fault_001_il_0228,fault,39,53,17,True,-99.46446874580796,0.9347084620553756
id,test_id,fault_001_il_0228,fault,39,54,17,True,-102.41486840999838,0.9624345794049983
id,test_id,fault_001_il_0228,fault,39,55,17,True,-103.15461924773595,0.9693863218368902
id,test_id,fault_001_il_0228,fault,39,56,17,True,-75.16392648426995,0.7063462863879858
id,test_id,fault_001_il_0228,fault,39,57,17,True,-105.22523207762521,0.9888447209832641
id,test_id,fault_001_il_0228,fault,39,58,17,True,-105.97390123524114,0.9958802725297348
id,test_id,fault_001_il_0228,fault,39,59,17,True,-95.6310170849016,0.898683942430317
id,test_id,fault_001_il_0228,fault,39,60,17,True,-96.9099067935735,0.9107021942523431
id,test_id,fault_001_il_0228,fault,39,61,17,True,-96.39639899599558,0.9058765505850134
id,test_id,fault_001_il_0228,fault,39,62,17,True,-102.09302862255323,0.9594101187453844
id,test_id,fault_001_il_0228,fault,39,63,17,True,-100.46709466465636,0.9441305495851311
id,test_id,fault_001_il_0228,fault,39,64,17,True,-105.15876874229313,0.9882201377251958
id,test_id,fault_001_il_0228,fault,39,65,17,True,-102.33530976402565,0.9616869341347015
id,test_id,fault_001_il_0228,fault,39,66,17,True,-97.25090145824441,0.9139066611600001
id,test_id,fault_001_il_0228,fault,39,67,17,True,-92.19511218360913,0.8663953329745815
id,test_id,fault_001_il_0228,fault,39,68,17,True,-99.52076015066211,0.9352374555052144
id,test_id,fault_001_il_0228,fault,39,69,17,True,-86.95175610904468,0.817121362538064
id,test_id,fault_001_il_0228,fault,39,70,17,True,-82.53840022484378,0.7756472447647427
id,test_id,fault_001_il_0228,fault,39,71,17,True,-104.9732549951976,0.9864767888547468
id,test_id,fault_001_il_0228,fault,39,72,17,True,-92.74127882792405,0.871527885237422
id,test_id,fault_001_il_0228,fault,39,73,17,True,-88.30200054609665,0.8298101640474864
id,test_id,fault_001_il_0228,fault,39,74,17,True,-93.6924400350226,0.8804663377347243
id,test_id,fault_001_il_0228,fault,39,75,17,True,-100.45809931065202,0.9440460165492339
id,test_id,fault_001_il_0228,fault,39,76,17,True,-104.02869681883263,0.9776003877490587
id,test_id,fault_001_il_0228,fault,39,77,17,True,-98.35389161637247,0.9242719126650464
id,test_id,fault_001_il_0228,fault,39,78,17,True,-96.79879361053548,0.9096580180380514
id,test_id,fault_001_il_0228,fault,39,79,17,True,-93.85332154348234,0.8819782073424519
id,test_id,fault_001_il_0228,fault,39,80,17,True,-100.57381660549929,0.9451334594930679
id,test_id,fault_001_il_0228,fault,39,81,17,True,-105.87088709470177,0.994912206344014
id,test_id,fault_001_il_0228,fault,39,82,17,True,-102.8011487370668,0.9660646142806593
id,test_id,fault_001_il_0228,fault,39,83,17,True,-77.43212932315478,0.7276615199975051
id,test_id,fault_001_il_0228,fault,39,84,17,True,-96.58551806764319,0.9076537801709559
id,test_id,fault_001_il_0228,fault,39,85,17,True,-104.18204834742932,0.9790414950435115
id,test_id,fault_001_il_0228,fault,39,86,17,True,-103.6413918716241,0.973960724097138
id,test_id,fault_001_il_0228,fault,39,87,17,True,-98.4146869571727,0.9248432314506996
id,test_id,fault_001_il_0228,fault,39,88,17,True,-104.53796095361882,0.9823861519742968
id,test_id,fault_001_il_0228,fault,39,89,17,True,-104.01945151052459,0.9775135057899152
id,test_id,fault_001_il_0228,fault,39,90,17,True,-94.58446707262496,0.8888490821553473
id,test_id,fault_001_il_0228,fault,39,91,17,True,-99.85435770951247,0.9383724087715439
id,test_id,fault_001_il_0228,fault,39,92,17,True,-97.93055719536002,0.9202936652507775
id,test_id,fault_001_il_0228,fault,39,93,17,True,-100.91942113116407,0.9483812471577175
id,test_id,fault_001_il_0228,fault,39,94,17,True,-102.37503608933434,0.9620602587289074
id,test_id,fault_001_il_0228,fault,39,95,17,True,-101.60326246581398,0.9548075850275155
id,test_id,fault_001_il_0228,fault,39,96,17,True,-105.01835048052435,0.9869005696507123
id,test_id,fault_001_il_0228,fault,39,97,17,True,-102.1349174976428,0.9598037657080227
id,test_id,fault_001_il_0228,fault,39,98,17,True,-100.22017175609906,0.9418101136041817
id,test_id,fault_001_il_0228,fault,39,99,17,True,-94.70649759710534,0.8899958531108364
id,test_id,salt_canopy_001_il_0722,salt_canopy,40,0,13,True,-76.58502151199086,0.9002823786219921
id,test_id,salt_canopy_001_il_0722,salt_canopy,40,1,13,True,-78.06851756270325,0.917721367693799
id,test_id,salt_canopy_001_il_0722,salt_canopy,40,2,13,True,-75.58996935664746,0.888585209860014
id,test_id,salt_canopy_001_il_0722,salt_canopy,40,3,13,True,-78.82514634631436,0.9266157904881647
id,test_id,salt_canopy_001_il_0722,salt_canopy,40,4,13,True,-77.33081577235222,0.9090494379950267
id,test_id,salt_canopy_001_il_0722,salt_canopy,40,5,13,True,-78.76483026310953,0.9259067548858404
id,test_id,salt_canopy_001_il_0722,salt_canopy,40,6,13,True,-77.2062215102224,0.9075847910385029
id,test_id,salt_canopy_001_il_0722,salt_canopy,40,7,13,True,-78.21637522534664,0.9194594836542573
id,test_id,salt_canopy_001_il_0722,salt_canopy,40,8,13,True,-77.69333725079143,0.913310998447285
id,test_id,salt_canopy_001_il_0722,salt_canopy,40,9,13,True,-79.66403812587185,0.9364772421375349
id,test_id,salt_canopy_001_il_0722,salt_canopy,40,10,13,True,-79.46625499514668,0.9341522357085338
id,test_id,salt_canopy_001_il_0722,salt_canopy,40,11,13,True,-77.01551590403083,0.9053429832623984
id,test_id,salt_canopy_001_il_0722,salt_canopy,40,12,13,True,-79.20705655748783,0.9311052719369811
id,test_id,salt_canopy_001_il_0722,salt_canopy,40,13,13,True,-79.12899833525924,0.9301876715943613
id,test_id,salt_canopy_001_il_0722,salt_canopy,40,14,13,True,-79.17797453300241,0.9307634030746114
id,test_id,salt_canopy_001_il_0722,salt_canopy,40,15,13,True,-79.21360493147853,0.9311822502493987
id,test_id,salt_canopy_001_il_0722,salt_canopy,40,16,13,True,-78.37931020987868,0.9213748385440164
id,test_id,salt_canopy_001_il_0722,salt_canopy,40,17,13,True,-75.03607743899799,0.88207402629858
id,test_id,salt_canopy_001_il_0722,salt_canopy,40,18,13,True,-80.2194206448197,0.9430059482125881
id,test_id,salt_canopy_001_il_0722,salt_canopy,40,19,13,True,-79.03365743248003,0.9290669075984851
id,test_id,salt_canopy_001_il_0722,salt_canopy,40,20,13,True,-78.14612746816357,0.918633697923823
id,test_id,salt_canopy_001_il_0722,salt_canopy,40,21,13,True,-77.19785065855659,0.9074863888953679
id,test_id,salt_canopy_001_il_0722,salt_canopy,40,22,13,True,-77.22091411895258,0.9077575075367756
id,test_id,salt_canopy_001_il_0722,salt_canopy,40,23,13,True,-78.3880880987036,0.9214780255442225
id,test_id,salt_canopy_001_il_0722,salt_canopy,40,24,13,True,-73.87710214766854,0.8684498865981183
id,test_id,salt_canopy_001_il_0722,salt_canopy,40,25,13,True,-78.58387923271803,0.9237796153899083
id,test_id,salt_canopy_001_il_0722,salt_canopy,40,26,13,True,-76.09808987690973,0.8945583354344023
id,test_id,salt_canopy_001_il_0722,salt_canopy,40,27,13,True,-76.91016123387826,0.9041045041032707
id,test_id,salt_canopy_001_il_0722,salt_canopy,40,28,13,True,-76.61322541661708,0.9006139248936
id,test_id,salt_canopy_001_il_0722,salt_canopy,40,29,13,True,-76.95528520556167,0.904634951386016
id,test_id,salt_canopy_001_il_0722,salt_canopy,40,30,13,True,-75.85960350929281,0.8917548489292315
id,test_id,salt_canopy_001_il_0722,salt_canopy,40,31,13,True,-74.87473450821666,0.8801773865297322
id,test_id,salt_canopy_001_il_0722,salt_canopy,40,32,13,True,-76.7934504012033,0.9027325294798114
id,test_id,salt_canopy_001_il_0722,salt_canopy,40,33,13,True,-78.58652317254231,0.9238106957811774
id,test_id,salt_canopy_001_il_0722,salt_canopy,40,34,13,True,-79.60606002739681,0.935795690322668
id,test_id,salt_canopy_001_il_0722,salt_canopy,40,35,13,True,-78.01425465995739,0.9170834892393634
id,test_id,salt_canopy_001_il_0722,salt_canopy,40,36,13,True,-72.72481619672041,0.8549043823168422
id,test_id,salt_canopy_001_il_0722,salt_canopy,40,37,13,True,-75.92416746273184,0.8925138196578123
id,test_id,salt_canopy_001_il_0722,salt_canopy,40,38,13,True,-77.16690163103429,0.9071225727918567
id,test_id,salt_canopy_001_il_0722,salt_canopy,40,39,13,True,-77.33469577357457,0.9090950486987981
id,test_id,salt_canopy_001_il_0722,salt_canopy,40,40,13,True,-78.70611533638393,0.9252165414100252
id,test_id,salt_canopy_001_il_0722,salt_canopy,40,41,13,True,-77.71296719203941,0.9135417549300802
id,test_id,salt_canopy_001_il_0722,salt_canopy,40,42,13,True,-79.3827643652578,0.9331707756085683
id,test_id,salt_canopy_001_il_0722,salt_canopy,40,43,13,True,-77.32938941058308,0.9090326706384215
id,test_id,salt_canopy_001_il_0722,salt_canopy,40,44,13,True,-75.00023705266533,0.8816527106467555
id,test_id,salt_canopy_001_il_0722,salt_canopy,40,45,13,True,-76.79325291119726,0.9027302079191606
id,test_id,salt_canopy_001_il_0722,salt_canopy,40,46,13,True,-78.6122543772369,0.9241131746433604
id,test_id,salt_canopy_001_il_0722,salt_canopy,40,47,13,True,-79.18838709658155,0.9308858062197891
id,test_id,salt_canopy_001_il_0722,salt_canopy,40,48,13,True,-78.06220731804815,0.9176471886708562
id,test_id,salt_canopy_001_il_0722,salt_canopy,40,49,13,True,-78.56324069793054,0.9235370025548798
id,test_id,salt_canopy_001_il_0722,salt_canopy,40,50,13,True,-77.93327010754223,0.9161314889129217
id,test_id,salt_canopy_001_il_0722,salt_canopy,40,51,13,True,-78.15958116844727,0.9187918506415937
id,test_id,salt_canopy_001_il_0722,salt_canopy,40,52,13,True,-76.15482561383843,0.8952252828764293
id,test_id,salt_canopy_001_il_0722,salt_canopy,40,53,13,True,-77.48246602362951,0.9108321370952308
id,test_id,salt_canopy_001_il_0722,salt_canopy,40,54,13,True,-77.40242254170599,0.9098911993651548
id,test_id,salt_canopy_001_il_0722,salt_canopy,40,55,13,True,-77.1912598614231,0.907408911884809
id,test_id,salt_canopy_001_il_0722,salt_canopy,40,56,13,True,-79.81279070134738,0.9382258780957331
id,test_id,salt_canopy_001_il_0722,salt_canopy,40,57,13,True,-78.08601159807776,0.9179270158932469
id,test_id,salt_canopy_001_il_0722,salt_canopy,40,58,13,True,-74.40422284801613,0.8746463656035532
id,test_id,salt_canopy_001_il_0722,salt_canopy,40,59,13,True,-77.2031401241546,0.9075485683212691
id,test_id,salt_canopy_001_il_0722,salt_canopy,40,60,13,True,-76.85871418718051,0.9034997269724472
id,test_id,salt_canopy_001_il_0722,salt_canopy,40,61,13,True,-73.65966181324451,0.8658938032071518
id,test_id,salt_canopy_001_il_0722,salt_canopy,40,62,13,True,-79.0459716692738,0.9292116655442655
id,test_id,salt_canopy_001_il_0722,salt_canopy,40,63,13,True,-76.78038038008373,0.902578887038119
id,test_id,salt_canopy_001_il_0722,salt_canopy,40,64,13,True,-72.14042092057042,0.8480346216393527
id,test_id,salt_canopy_001_il_0722,salt_canopy,40,65,13,True,-78.52245353687906,0.9230575359223222
id,test_id,salt_canopy_001_il_0722,salt_canopy,40,66,13,True,-78.62102206662314,0.9242162417457763
id,test_id,salt_canopy_001_il_0722,salt_canopy,40,67,13,True,-77.74058277190116,0.9138663852485698
id,test_id,salt_canopy_001_il_0722,salt_canopy,40,68,13,True,-75.2766671533611,0.8849022383437365
id,test_id,salt_canopy_001_il_0722,salt_canopy,40,69,13,True,-79.24762747750634,0.9315821965843343
id,test_id,salt_canopy_001_il_0722,salt_canopy,40,70,13,True,-77.23853588043218,0.907964657199036
id,test_id,salt_canopy_001_il_0722,salt_canopy,40,71,13,True,-74.4880681033203,0.8756319944431247
id,test_id,salt_canopy_001_il_0722,salt_canopy,40,72,13,True,-78.1772621426061,0.9189996963685758
id,test_id,salt_canopy_001_il_0722,salt_canopy,40,73,13,True,-78.32354007288097,0.9207192420500656
id,test_id,salt_canopy_001_il_0722,salt_canopy,40,74,13,True,-78.75065091474221,0.9257400719336989
id,test_id,salt_canopy_001_il_0722,salt_canopy,40,75,13,True,-78.56881440254527,0.9236025233048797
id,test_id,salt_canopy_001_il_0722,salt_canopy,40,76,13,True,-76.95596164527089,0.9046429031595926
id,test_id,salt_canopy_001_il_0722,salt_canopy,40,77,13,True,-77.01517443338425,0.9053389691614698
id,test_id,salt_canopy_001_il_0722,salt_canopy,40,78,13,True,-78.24378612554118,0.9197817078952397
id,test_id,salt_canopy_001_il_0722,salt_canopy,40,79,13,True,-77.87830214268286,0.9154853222190354
id,test_id,salt_canopy_001_il_0722,salt_canopy,40,80,13,True,-77.10013411694426,0.9063376984755358
id,test_id,salt_canopy_001_il_0722,salt_canopy,40,81,13,True,-78.38167833741468,0.921402676670178
id,test_id,salt_canopy_001_il_0722,salt_canopy,40,82,13,True,-77.3924022225162,0.9097734071831247
id,test_id,salt_canopy_001_il_0722,salt_canopy,40,83,13,True,-79.11818258310726,0.9300605288335217
id,test_id,salt_canopy_001_il_0722,salt_canopy,40,84,13,True,-76.18935583660216,0.8956311971201076
id,test_id,salt_canopy_001_il_0722,salt_canopy,40,85,13,True,-75.78960097748363,0.8909319459045602
id,test_id,salt_canopy_001_il_0722,salt_canopy,40,86,13,True,-73.15846169284352,0.8600020292329211
id,test_id,salt_canopy_001_il_0722,salt_canopy,40,87,13,True,-77.64230840861501,0.9127111374495864
id,test_id,salt_canopy_001_il_0722,salt_canopy,40,88,13,True,-77.96412928023139,0.9164942487430083
id,test_id,salt_canopy_001_il_0722,salt_canopy,40,89,13,True,-78.27651468750544,0.9201664430174914
id,test_id,salt_canopy_001_il_0722,salt_canopy,40,90,13,True,-77.15212451469705,0.9069488628785782
id,test_id,salt_canopy_001_il_0722,salt_canopy,40,91,13,True,-78.78336805702904,0.926124672813847
id,test_id,salt_canopy_001_il_0722,salt_canopy,40,92,13,True,-78.33461785458191,0.9208494650553306
id,test_id,salt_canopy_001_il_0722,salt_canopy,40,93,13,True,-77.17336775119858,0.90719858418321
id,test_id,salt_canopy_001_il_0722,salt_canopy,40,94,13,True,-77.77060291995096,0.9142192820651962
id,test_id,salt_canopy_001_il_0722,salt_canopy,40,95,13,True,-75.71619785852715,0.8900690678478886
id,test_id,salt_canopy_001_il_0722,salt_canopy,40,96,13,True,-77.34492148069944,0.9092152552842603
id,test_id,salt_canopy_001_il_0722,salt_canopy,40,97,13,True,-78.48287884964293,0.9225923223223942
id,test_id,salt_canopy_001_il_0722,salt_canopy,40,98,13,True,-78.91640279331317,0.9276885403489953
id,test_id,salt_canopy_001_il_0722,salt_canopy,40,99,13,True,-78.45044199043049,0.9222110162629289
id,test_id,fault_004_il_0138,fault,41,0,18,True,-20.977446825453868,0.6235017007736513
id,test_id,fault_004_il_0138,fault,41,1,18,True,-30.016647245515188,0.8921691359690304
id,test_id,fault_004_il_0138,fault,41,2,18,True,-21.138716326096954,0.6282950299509596
id,test_id,fault_004_il_0138,fault,41,3,18,True,-20.517109246823175,0.6098193272419978
id,test_id,fault_004_il_0138,fault,41,4,18,True,-24.59588597018169,0.7310506784760388
id,test_id,fault_004_il_0138,fault,41,5,18,True,-27.985643126554677,0.8318026608213681
id,test_id,fault_004_il_0138,fault,41,6,18,True,-27.98172256140979,0.831686131910287
id,test_id,fault_004_il_0138,fault,41,7,18,True,-24.393130262683655,0.7250242764301427
id,test_id,fault_004_il_0138,fault,41,8,18,True,-25.632168039686988,0.7618515494396962
id,test_id,fault_004_il_0138,fault,41,9,18,True,-8.640477035647079,0.2568163881928978
id,test_id,fault_004_il_0138,fault,41,10,18,True,-15.163952909430382,0.4507102560264427
id,test_id,fault_004_il_0138,fault,41,11,18,True,-18.222955739091198,0.5416314001883071
id,test_id,fault_004_il_0138,fault,41,12,18,True,-19.1719735276751,0.5698385604862194
id,test_id,fault_004_il_0138,fault,41,13,18,True,-28.8441024548243,0.8573181992791583
id,test_id,fault_004_il_0138,fault,41,14,18,True,-27.314756512545422,0.8118622482277112
id,test_id,fault_004_il_0138,fault,41,15,18,True,-16.220408700525383,0.4821107399852742
id,test_id,fault_004_il_0138,fault,41,16,18,True,-27.35949810530562,0.813192079232095
id,test_id,fault_004_il_0138,fault,41,17,18,True,-27.943783995050588,0.8305585037081183
id,test_id,fault_004_il_0138,fault,41,18,18,True,-17.293389455721194,0.5140023868252614
id,test_id,fault_004_il_0138,fault,41,19,18,True,-25.091159831044486,0.7457714448860855
id,test_id,fault_004_il_0138,fault,41,20,18,True,-24.75732994304748,0.7358491934001397
id,test_id,fault_004_il_0138,fault,41,21,18,True,-19.80882340654967,0.5887673169702536
id,test_id,fault_004_il_0138,fault,41,22,18,True,-25.525017823308342,0.7586667794957536
id,test_id,fault_004_il_0138,fault,41,23,18,True,-21.948808033635146,0.652372962867935
id,test_id,fault_004_il_0138,fault,41,24,18,True,-27.7813233197704,0.8257297698689208
id,test_id,fault_004_il_0138,fault,41,25,18,True,-21.411117290662858,0.6363914616145663
id,test_id,fault_004_il_0138,fault,41,26,18,True,-23.437583079320042,0.6966230463398456
id,test_id,fault_004_il_0138,fault,41,27,18,True,-25.414549671275218,0.7553833922824732
id,test_id,fault_004_il_0138,fault,41,28,18,True,-20.18128061894317,0.5998376682539464
id,test_id,fault_004_il_0138,fault,41,29,18,True,-31.814691759080016,0.9456114743814481
id,test_id,fault_004_il_0138,fault,41,30,18,True,-28.372112286178993,0.8432894818977029
id,test_id,fault_004_il_0138,fault,41,31,18,True,-19.487298036638638,0.5792107862518363
id,test_id,fault_004_il_0138,fault,41,32,18,True,-22.98120226355565,0.68305827760525
id,test_id,fault_004_il_0138,fault,41,33,18,True,-24.67055888212222,0.7332701424548554
id,test_id,fault_004_il_0138,fault,41,34,18,True,-26.21928738945945,0.7793021913689161
id,test_id,fault_004_il_0138,fault,41,35,18,True,-25.089609403694144,0.7457253623433475
id,test_id,fault_004_il_0138,fault,41,36,18,True,-31.78339430404746,0.944681236464267
id,test_id,fault_004_il_0138,fault,41,37,18,True,-23.628162062512175,0.7022875259660236
id,test_id,fault_004_il_0138,fault,41,38,18,True,-19.326300122790485,0.5744255293070532
id,test_id,fault_004_il_0138,fault,41,39,18,True,-20.041617830035413,0.5956865440898217
id,test_id,fault_004_il_0138,fault,41,40,18,True,-17.10573862935575,0.508424939275807
id,test_id,fault_004_il_0138,fault,41,41,18,True,-29.049845193050444,0.863433383280015
id,test_id,fault_004_il_0138,fault,41,42,18,True,-24.531246559560206,0.7291294350189654
id,test_id,fault_004_il_0138,fault,41,43,18,True,-16.258882934086078,0.48325428954402944
id,test_id,fault_004_il_0138,fault,41,44,18,True,-28.146065569664884,0.8365708133498307
id,test_id,fault_004_il_0138,fault,41,45,18,True,-23.887049872254842,0.7099823131833247
id,test_id,fault_004_il_0138,fault,41,46,18,True,-23.7749013604791,0.7066489815146407
id,test_id,fault_004_il_0138,fault,41,47,18,True,-23.718564696429663,0.7049745162595025
id,test_id,fault_004_il_0138,fault,41,48,18,True,-26.190682965447486,0.7784519970068706
id,test_id,fault_004_il_0138,fault,41,49,18,True,-26.339851105712523,0.7828856437671445
id,test_id,fault_004_il_0138,fault,41,50,18,True,-23.523023687710527,0.6991625529389979
id,test_id,fault_004_il_0138,fault,41,51,18,True,-24.619267855587914,0.7317456460495178
id,test_id,fault_004_il_0138,fault,41,52,18,True,-20.357542410495025,0.6050766054672507
id,test_id,fault_004_il_0138,fault,41,53,18,True,-24.08808146031283,0.7159574701271759
id,test_id,fault_004_il_0138,fault,41,54,18,True,-12.300388987660456,0.36559804049546685
id,test_id,fault_004_il_0138,fault,41,55,18,True,-25.45706721476024,0.75664711903131
id,test_id,fault_004_il_0138,fault,41,56,18,True,-19.834915896075827,0.5895428504149257
id,test_id,fault_004_il_0138,fault,41,57,18,True,-31.270600565513192,0.9294397358763955
id,test_id,fault_004_il_0138,fault,41,58,18,True,-28.46874710429945,0.8461617081487525
id,test_id,fault_004_il_0138,fault,41,59,18,True,-24.04794838342198,0.7147646156341133
id,test_id,fault_004_il_0138,fault,41,60,18,True,-28.11754973561019,0.8357232521008368
id,test_id,fault_004_il_0138,fault,41,61,18,True,-31.163785682198327,0.9262649328620486
id,test_id,fault_004_il_0138,fault,41,62,18,True,-24.27057970839111,0.7213817702820902
id,test_id,fault_004_il_0138,fault,41,63,18,True,-25.210035845532836,0.7493047346058209
id,test_id,fault_004_il_0138,fault,41,64,18,True,-22.843443619557423,0.6789637493462175
id,test_id,fault_004_il_0138,fault,41,65,18,True,-20.457499625747158,0.6080475815937963
id,test_id,fault_004_il_0138,fault,41,66,18,True,-24.281003275795502,0.7216915845344561
id,test_id,fault_004_il_0138,fault,41,67,18,True,-23.660390392972335,0.7032454318075781
id,test_id,fault_004_il_0138,fault,41,68,18,True,-23.58096767337809,0.7008847917754939
id,test_id,fault_004_il_0138,fault,41,69,18,True,-28.620604656936028,0.8506752909089454
id,test_id,fault_004_il_0138,fault,41,70,18,True,-23.57909973877372,0.7008292721303984
id,test_id,fault_004_il_0138,fault,41,71,18,True,-14.514447206956627,0.4314053371045087
id,test_id,fault_004_il_0138,fault,41,72,18,True,-27.815860522937644,0.8267563011286073
id,test_id,fault_004_il_0138,fault,41,73,18,True,-23.2330556970527,0.6905439857296796
id,test_id,fault_004_il_0138,fault,41,74,18,True,-21.301653856038044,0.633137937092302
id,test_id,fault_004_il_0138,fault,41,75,18,True,-23.45758705307491,0.697217614008741
id,test_id,fault_004_il_0138,fault,41,76,18,True,-18.85399880582729,0.5603875638265794
id,test_id,fault_004_il_0138,fault,41,77,18,True,-24.583091452309752,0.7306703937006744
id,test_id,fault_004_il_0138,fault,41,78,18,True,-29.643904193569636,0.8810902888255538
id,test_id,fault_004_il_0138,fault,41,79,18,True,-21.213633811996132,0.6305217632738703
id,test_id,fault_004_il_0138,fault,41,80,18,True,-24.0046916391515,0.7134789180062281
id,test_id,fault_004_il_0138,fault,41,81,18,True,-28.640562107220855,0.8512684757850284
id,test_id,fault_004_il_0138,fault,41,82,18,True,-17.47299563827634,0.5193407276264269
id,test_id,fault_004_il_0138,fault,41,83,18,True,-12.582749000611496,0.37399047975513044
id,test_id,fault_004_il_0138,fault,41,84,18,True,-23.019677390040858,0.6842018537039339
id,test_id,fault_004_il_0138,fault,41,85,18,True,-10.221975029741051,0.3038224274546074
id,test_id,fault_004_il_0138,fault,41,86,18,True,-16.783904418944452,0.4988592290524303
id,test_id,fault_004_il_0138,fault,41,87,18,True,-27.306810067102305,0.8116260601782261
id,test_id,fault_004_il_0138,fault,41,88,18,True,-16.132905689110558,0.47950993365770184
id,test_id,fault_004_il_0138,fault,41,89,18,True,-19.802134076435447,0.5885684935034146
id,test_id,fault_004_il_0138,fault,41,90,18,True,-28.97858329785113,0.8613153031710846
id,test_id,fault_004_il_0138,fault,41,91,18,True,-25.438873189037196,0.7561063475028859
id,test_id,fault_004_il_0138,fault,41,92,18,True,-24.175027003635364,0.718541707121666
id,test_id,fault_004_il_0138,fault,41,93,18,True,-21.072314576197147,0.6263214054035415
id,test_id,fault_004_il_0138,fault,41,94,18,True,-23.28724915322282,0.6921547495358771
id,test_id,fault_004_il_0138,fault,41,95,18,True,-29.74266750230028,0.8840257790918367
id,test_id,fault_004_il_0138,fault,41,96,18,True,-23.833820128031434,0.7084001932842161
id,test_id,fault_004_il_0138,fault,41,97,18,True,-28.696622233046718,0.8529347216389137
id,test_id,fault_004_il_0138,fault,41,98,18,True,-30.92536496563984,0.9191784783706702
id,test_id,fault_004_il_0138,fault,41,99,18,True,-27.965246502343053,0.8311964226079283
id,test_id,salt_canopy_003_il_0484,salt_canopy,42,0,16,True,-37.07522867087991,0.8661456611626411
id,test_id,salt_canopy_003_il_0484,salt_canopy,42,1,16,True,-40.75702566365473,0.9521592234492653
id,test_id,salt_canopy_003_il_0484,salt_canopy,42,2,16,True,-39.263221942089075,0.9172612158456349
id,test_id,salt_canopy_003_il_0484,salt_canopy,42,3,16,True,-40.1625978498781,0.9382722943530895
id,test_id,salt_canopy_003_il_0484,salt_canopy,42,4,16,True,-38.090907254811356,0.8898737844985065
id,test_id,salt_canopy_003_il_0484,salt_canopy,42,5,16,True,-38.29170052371881,0.8945646852667448
id,test_id,salt_canopy_003_il_0484,salt_canopy,42,6,16,True,-40.79009241309663,0.9529317236491184
id,test_id,salt_canopy_003_il_0484,salt_canopy,42,7,16,True,-40.00961809898715,0.9346984054728302
id,test_id,salt_canopy_003_il_0484,salt_canopy,42,8,16,True,-40.06318317400033,0.9359497843307834
id,test_id,salt_canopy_003_il_0484,salt_canopy,42,9,16,True,-40.45288582027612,0.9450539562621758
id,test_id,salt_canopy_003_il_0484,salt_canopy,42,10,16,True,-41.5547464710165,0.9707954514884538
id,test_id,salt_canopy_003_il_0484,salt_canopy,42,11,16,True,-39.95699010830358,0.9334689186316043
id,test_id,salt_canopy_003_il_0484,salt_canopy,42,12,16,True,-40.98012855461995,0.9573713180992477
id,test_id,salt_canopy_003_il_0484,salt_canopy,42,13,16,True,-40.92397047222781,0.9560593618107256
id,test_id,salt_canopy_003_il_0484,salt_canopy,42,14,16,True,-40.45802479524319,0.9451740121871185
id,test_id,salt_canopy_003_il_0484,salt_canopy,42,15,16,True,-39.6329474515566,0.925898685048839
id,test_id,salt_canopy_003_il_0484,salt_canopy,42,16,16,True,-36.8482347842295,0.860842665683422
id,test_id,salt_canopy_003_il_0484,salt_canopy,42,17,16,True,-40.345031366581296,0.9425342774778824
id,test_id,salt_canopy_003_il_0484,salt_canopy,42,18,16,True,-41.53495322731135,0.9703330448420172
id,test_id,salt_canopy_003_il_0484,salt_canopy,42,19,16,True,-38.993984160023004,0.9109713251256697
id,test_id,salt_canopy_003_il_0484,salt_canopy,42,20,16,True,-41.35315016054973,0.9660857901896054
id,test_id,salt_canopy_003_il_0484,salt_canopy,42,21,16,True,-39.01802736448052,0.9115330186867849
id,test_id,salt_canopy_003_il_0484,salt_canopy,42,22,16,True,-40.83472024616012,0.9539743120662577
id,test_id,salt_canopy_003_il_0484,salt_canopy,42,23,16,True,-41.29041773670005,0.9646202451699389
id,test_id,salt_canopy_003_il_0484,salt_canopy,42,24,16,True,-40.68466499788826,0.9504687449562307
id,test_id,salt_canopy_003_il_0484,salt_canopy,42,25,16,True,-41.21687948763739,0.9629022561611439
id,test_id,salt_canopy_003_il_0484,salt_canopy,42,26,16,True,-37.88222745190242,0.8849986397632884
id,test_id,salt_canopy_003_il_0484,salt_canopy,42,27,16,True,-40.34891068515329,0.9426249055082372
id,test_id,salt_canopy_003_il_0484,salt_canopy,42,28,16,True,-39.58701335214229,0.9248255798426567
id,test_id,salt_canopy_003_il_0484,salt_canopy,42,29,16,True,-41.3020017250604,0.9648908684841286
id,test_id,salt_canopy_003_il_0484,salt_canopy,42,30,16,True,-40.361600070992154,0.9429213529444677
id,test_id,salt_canopy_003_il_0484,salt_canopy,42,31,16,True,-39.946718800857475,0.9332289619624792
id,test_id,salt_canopy_003_il_0484,salt_canopy,42,32,16,True,-38.54333213594629,0.9004432634159711
id,test_id,salt_canopy_003_il_0484,salt_canopy,42,33,16,True,-40.485057749284174,0.9458055518077866
id,test_id,salt_canopy_003_il_0484,salt_canopy,42,34,16,True,-40.82729730990495,0.9538008985969145
id,test_id,salt_canopy_003_il_0484,salt_canopy,42,35,16,True,-41.09316380580006,0.9600120298595773
id,test_id,salt_canopy_003_il_0484,salt_canopy,42,36,16,True,-38.677514876147214,0.90357801948881
id,test_id,salt_canopy_003_il_0484,salt_canopy,42,37,16,True,-36.69267582565121,0.8572085217588183
id,test_id,salt_canopy_003_il_0484,salt_canopy,42,38,16,True,-40.17242189857968,0.938501802233768
id,test_id,salt_canopy_003_il_0484,salt_canopy,42,39,16,True,-40.529764340310145,0.946849980156058
id,test_id,salt_canopy_003_il_0484,salt_canopy,42,40,16,True,-39.98903975995009,0.9342176575527267
id,test_id,salt_canopy_003_il_0484,salt_canopy,42,41,16,True,-38.76951994987526,0.9057274275510481
id,test_id,salt_canopy_003_il_0484,salt_canopy,42,42,16,True,-39.10992366089429,0.9136798855105147
id,test_id,salt_canopy_003_il_0484,salt_canopy,42,43,16,True,-39.01129545329303,0.9113757488363918
id,test_id,salt_canopy_003_il_0484,salt_canopy,42,44,16,True,-41.66362792715273,0.9733391229422603
id,test_id,salt_canopy_003_il_0484,salt_canopy,42,45,16,True,-38.04322952295091,0.8887599448253493
id,test_id,salt_canopy_003_il_0484,salt_canopy,42,46,16,True,-40.873872332492304,0.9548889769494634
id,test_id,salt_canopy_003_il_0484,salt_canopy,42,47,16,True,-40.49132667922204,0.9459520055630427
id,test_id,salt_canopy_003_il_0484,salt_canopy,42,48,16,True,-40.67568404687964,0.9502589333912561
id,test_id,salt_canopy_003_il_0484,salt_canopy,42,49,16,True,-41.214782746951244,0.9628532724350012
id,test_id,salt_canopy_003_il_0484,salt_canopy,42,50,16,True,-40.77401132762174,0.9525560398594247
id,test_id,salt_canopy_003_il_0484,salt_canopy,42,51,16,True,-39.103965229743196,0.9135406855790817
id,test_id,salt_canopy_003_il_0484,salt_canopy,42,52,16,True,-39.33985156552223,0.9190514250562744
id,test_id,salt_canopy_003_il_0484,salt_canopy,42,53,16,True,-40.3771030959133,0.9432835321744207
id,test_id,salt_canopy_003_il_0484,salt_canopy,42,54,16,True,-38.92083575965754,0.909262443700825
id,test_id,salt_canopy_003_il_0484,salt_canopy,42,55,16,True,-40.856257609141494,0.9544774645529165
id,test_id,salt_canopy_003_il_0484,salt_canopy,42,56,16,True,-39.6247117926955,0.925706284881798
id,test_id,salt_canopy_003_il_0484,salt_canopy,42,57,16,True,-40.91533664987456,0.9558576598108025
id,test_id,salt_canopy_003_il_0484,salt_canopy,42,58,16,True,-39.18040439751339,0.915326445394477
id,test_id,salt_canopy_003_il_0484,salt_canopy,42,59,16,True,-40.45422873360285,0.9450853291921062
id,test_id,salt_canopy_003_il_0484,salt_canopy,42,60,16,True,-39.96598815892034,0.9336791296749349
id,test_id,salt_canopy_003_il_0484,salt_canopy,42,61,16,True,-40.5749287484565,0.9479051039558929
id,test_id,salt_canopy_003_il_0484,salt_canopy,42,62,16,True,-40.44508271518744,0.9448716613483351
id,test_id,salt_canopy_003_il_0484,salt_canopy,42,63,16,True,-41.13502084065392,0.9609898873247233
id,test_id,salt_canopy_003_il_0484,salt_canopy,42,64,16,True,-39.870310893038976,0.9314439324371596
id,test_id,salt_canopy_003_il_0484,salt_canopy,42,65,16,True,-41.045663511368105,0.958902335451718
id,test_id,salt_canopy_003_il_0484,salt_canopy,42,66,16,True,-40.44454817421057,0.9448591734861046
id,test_id,salt_canopy_003_il_0484,salt_canopy,42,67,16,True,-40.47856937757905,0.9456539714884773
id,test_id,salt_canopy_003_il_0484,salt_canopy,42,68,16,True,-41.270163754925335,0.9641470748331845
id,test_id,salt_canopy_003_il_0484,salt_canopy,42,69,16,True,-39.004676281326766,0.9112211127819535
id,test_id,salt_canopy_003_il_0484,salt_canopy,42,70,16,True,-40.81568845828552,0.9535296944311759
id,test_id,salt_canopy_003_il_0484,salt_canopy,42,71,16,True,-40.44681153955971,0.9449120498714179
id,test_id,salt_canopy_003_il_0484,salt_canopy,42,72,16,True,-33.67787308491834,0.7867771742861601
id,test_id,salt_canopy_003_il_0484,salt_canopy,42,73,16,True,-40.593868069681605,0.9483475613996516
id,test_id,salt_canopy_003_il_0484,salt_canopy,42,74,16,True,-39.36392704752141,0.9196138726802419
id,test_id,salt_canopy_003_il_0484,salt_canopy,42,75,16,True,-39.15439774158608,0.9147188819889276
id,test_id,salt_canopy_003_il_0484,salt_canopy,42,76,16,True,-38.7449870797987,0.9051542944987533
id,test_id,salt_canopy_003_il_0484,salt_canopy,42,77,16,True,-40.258755671836866,0.9405187182663652
id,test_id,salt_canopy_003_il_0484,salt_canopy,42,78,16,True,-41.235006242179054,0.9633257305498418
id,test_id,salt_canopy_003_il_0484,salt_canopy,42,79,16,True,-39.28803158451895,0.917840814810119
id,test_id,salt_canopy_003_il_0484,salt_canopy,42,80,16,True,-40.50165318713421,0.9461932518167742
id,test_id,salt_canopy_003_il_0484,salt_canopy,42,81,16,True,-38.701924547204925,0.9041482743850037
id,test_id,salt_canopy_003_il_0484,salt_canopy,42,82,16,True,-41.69142305018589,0.9739884682350533
id,test_id,salt_canopy_003_il_0484,salt_canopy,42,83,16,True,-37.81566388566581,0.8834435921977248
id,test_id,salt_canopy_003_il_0484,salt_canopy,42,84,16,True,-41.00900395962724,0.9580459007696183
id,test_id,salt_canopy_003_il_0484,salt_canopy,42,85,16,True,-38.41587539824609,0.8974656391557142
id,test_id,salt_canopy_003_il_0484,salt_canopy,42,86,16,True,-38.677233878871505,0.9035714548746494
id,test_id,salt_canopy_003_il_0484,salt_canopy,42,87,16,True,-39.93879264609807,0.9330437923815849
id,test_id,salt_canopy_003_il_0484,salt_canopy,42,88,16,True,-40.578846602597494,0.94799663224815
id,test_id,salt_canopy_003_il_0484,salt_canopy,42,89,16,True,-40.38004591009786,0.9433522817365662
id,test_id,salt_canopy_003_il_0484,salt_canopy,42,90,16,True,-40.62867928671684,0.9491608155770569
id,test_id,salt_canopy_003_il_0484,salt_canopy,42,91,16,True,-39.00116749947666,0.9111391411722181
id,test_id,salt_canopy_003_il_0484,salt_canopy,42,92,16,True,-40.278279560990526,0.9409748322941325
id,test_id,salt_canopy_003_il_0484,salt_canopy,42,93,16,True,-38.745931902769044,0.9051763673043881
id,test_id,salt_canopy_003_il_0484,salt_canopy,42,94,16,True,-40.36258483468552,0.9429443588389929
id,test_id,salt_canopy_003_il_0484,salt_canopy,42,95,16,True,-40.195843454695144,0.9390489729440872
id,test_id,salt_canopy_003_il_0484,salt_canopy,42,96,16,True,-40.09603931667394,0.9367173643684394
id,test_id,salt_canopy_003_il_0484,salt_canopy,42,97,16,True,-39.68002619306677,0.9269985312036397
id,test_id,salt_canopy_003_il_0484,salt_canopy,42,98,16,True,-39.79707771496892,0.9297330704489135
id,test_id,salt_canopy_003_il_0484,salt_canopy,42,99,16,True,-41.205341959247086,0.9626327182374671
id,test_id,seam_006_xl_0683,seam,43,0,15,True,-17.12147254908225,0.8537473795887055
id,test_id,seam_006_xl_0683,seam,43,1,15,True,-15.8410303252945,0.7898992385985122
id,test_id,seam_006_xl_0683,seam,43,2,15,True,-17.733631199220003,0.8842721397662803
id,test_id,seam_006_xl_0683,seam,43,3,15,True,-15.829482506069457,0.7893234166080219
id,test_id,seam_006_xl_0683,seam,43,4,15,True,-13.861427189290612,0.691188045087327
id,test_id,seam_006_xl_0683,seam,43,5,15,True,-14.8458557508689,0.7402757215374927
id,test_id,seam_006_xl_0683,seam,43,6,15,True,-17.08815960042627,0.8520862582955526
id,test_id,seam_006_xl_0683,seam,43,7,15,True,-16.012015600291843,0.7984252710445392
id,test_id,seam_006_xl_0683,seam,43,8,15,True,-16.551178484346387,0.8253101606539749
id,test_id,seam_006_xl_0683,seam,43,9,15,True,-15.53221672425644,0.7745005162098979
id,test_id,seam_006_xl_0683,seam,43,10,15,True,-16.60794303568304,0.828140675775748
id,test_id,seam_006_xl_0683,seam,43,11,15,True,-18.687177385710605,0.9318198933662937
id,test_id,seam_006_xl_0683,seam,43,12,15,True,-17.368317345090873,0.8660560812586895
id,test_id,seam_006_xl_0683,seam,43,13,15,True,-16.502541256019434,0.8228849074454346
id,test_id,seam_006_xl_0683,seam,43,14,15,True,-16.307460351049386,0.8131573673084211
id,test_id,seam_006_xl_0683,seam,43,15,15,True,-14.308260285891329,0.713468989920943
id,test_id,seam_006_xl_0683,seam,43,16,15,True,-15.166404162495198,0.75625959007875
id,test_id,seam_006_xl_0683,seam,43,17,15,True,-17.403543807792396,0.8678126182701753
id,test_id,seam_006_xl_0683,seam,43,18,15,True,-13.826582071949488,0.6894505235315049
id,test_id,seam_006_xl_0683,seam,43,19,15,True,-17.89355317779244,0.8922465105310295
id,test_id,seam_006_xl_0683,seam,43,20,15,True,-14.383172724717731,0.7172044337131346
id,test_id,seam_006_xl_0683,seam,43,21,15,True,-14.074962317343097,0.7018357890534102
id,test_id,seam_006_xl_0683,seam,43,22,15,True,-17.206421689336345,0.8579832947929813
id,test_id,seam_006_xl_0683,seam,43,23,15,True,-14.48722251409081,0.7223927862201609
id,test_id,seam_006_xl_0683,seam,43,24,15,True,-16.04423844205256,0.8000320351027856
id,test_id,seam_006_xl_0683,seam,43,25,15,True,-14.436183109246354,0.7198477505629297
id,test_id,seam_006_xl_0683,seam,43,26,15,True,-16.440252597306838,0.8197789375002957
id,test_id,seam_006_xl_0683,seam,43,27,15,True,-15.07582103410105,0.7517427409421025
id,test_id,seam_006_xl_0683,seam,43,28,15,True,-15.972965116717054,0.7964780525486961
id,test_id,seam_006_xl_0683,seam,43,29,15,True,-16.88699598391571,0.8420554090229714
id,test_id,seam_006_xl_0683,seam,43,30,15,True,-12.943514061722187,0.6454171030667109
id,test_id,seam_006_xl_0683,seam,43,31,15,True,-18.389156856338893,0.9169593581357314
id,test_id,seam_006_xl_0683,seam,43,32,15,True,-16.656274770065252,0.8305506957936811
id,test_id,seam_006_xl_0683,seam,43,33,15,True,-13.051704187909296,0.6508119098781474
id,test_id,seam_006_xl_0683,seam,43,34,15,True,-15.456401774389501,0.7707200694873981
id,test_id,seam_006_xl_0683,seam,43,35,15,True,-16.421752649807537,0.8188564536628351
id,test_id,seam_006_xl_0683,seam,43,36,15,True,-17.66891018973291,0.8810448827592946
id,test_id,seam_006_xl_0683,seam,43,37,15,True,-15.106966996788673,0.7532958073593222
id,test_id,seam_006_xl_0683,seam,43,38,15,True,-15.24321042170048,0.7600894675816661
id,test_id,seam_006_xl_0683,seam,43,39,15,True,-15.323918292934131,0.7641138955845951
id,test_id,seam_006_xl_0683,seam,43,40,15,True,-14.330881268234922,0.7145969655868328
id,test_id,seam_006_xl_0683,seam,43,41,15,True,-17.519335455123517,0.8735864683408289
id,test_id,seam_006_xl_0683,seam,43,42,15,True,-14.899803409962683,0.7429657747706028
id,test_id,seam_006_xl_0683,seam,43,43,15,True,-16.35370262748488,0.8154631983179822
id,test_id,seam_006_xl_0683,seam,43,44,15,True,-15.819012324662122,0.7888013300927
id,test_id,seam_006_xl_0683,seam,43,45,15,True,-18.031134017543827,0.8991068597844385
id,test_id,seam_006_xl_0683,seam,43,46,15,True,-14.108165737660663,0.7034914488109597
id,test_id,seam_006_xl_0683,seam,43,47,15,True,-15.942098702623142,0.7949389255796556
id,test_id,seam_006_xl_0683,seam,43,48,15,True,-16.563979976686458,0.8259484959670638
id,test_id,seam_006_xl_0683,seam,43,49,15,True,-18.189802385554227,0.9070187203457406
id,test_id,seam_006_xl_0683,seam,43,50,15,True,-17.95253087576812,0.895187382290545
id,test_id,seam_006_xl_0683,seam,43,51,15,True,-17.33956795255791,0.8646225177337401
id,test_id,seam_006_xl_0683,seam,43,52,15,True,-12.235694181090807,0.6101222785954232
id,test_id,seam_006_xl_0683,seam,43,53,15,True,-14.57284695249053,0.7266623745807973
id,test_id,seam_006_xl_0683,seam,43,54,15,True,-18.14347330187162,0.9047085607680883
id,test_id,seam_006_xl_0683,seam,43,55,15,True,-15.074890019206437,0.7516963166918316
id,test_id,seam_006_xl_0683,seam,43,56,15,True,-17.00143668246816,0.8477618952044238
id,test_id,seam_006_xl_0683,seam,43,57,15,True,-17.77319721400569,0.8862450647788463
id,test_id,seam_006_xl_0683,seam,43,58,15,True,-16.02822983675678,0.7992337798836181
id,test_id,seam_006_xl_0683,seam,43,59,15,True,-15.023626448588887,0.7491401032027388
id,test_id,seam_006_xl_0683,seam,43,60,15,True,-16.115364993052804,0.8035786988819412
id,test_id,seam_006_xl_0683,seam,43,61,15,True,-14.601000856267426,0.7280662445753792
id,test_id,seam_006_xl_0683,seam,43,62,15,True,-17.069867022382088,0.8511741147561244
id,test_id,seam_006_xl_0683,seam,43,63,15,True,-15.458249928519818,0.7708122260902439
id,test_id,seam_006_xl_0683,seam,43,64,15,True,-15.723485395549215,0.7840379626208599
id,test_id,seam_006_xl_0683,seam,43,65,15,True,-15.357685563550497,0.7657976712482794
id,test_id,seam_006_xl_0683,seam,43,66,15,True,-17.000072530242498,0.8476938729367901
id,test_id,seam_006_xl_0683,seam,43,67,15,True,-15.44765121847564,0.7702837306059158
id,test_id,seam_006_xl_0683,seam,43,68,15,True,-16.50219678964629,0.8228677309284861
id,test_id,seam_006_xl_0683,seam,43,69,15,True,-17.269252314057756,0.8611162894031148
id,test_id,seam_006_xl_0683,seam,43,70,15,True,-15.173768592906123,0.7566268110141845
id,test_id,seam_006_xl_0683,seam,43,71,15,True,-15.008969864423896,0.7484092653446798
id,test_id,seam_006_xl_0683,seam,43,72,15,True,-15.504710472586872,0.7731289408259536
id,test_id,seam_006_xl_0683,seam,43,73,15,True,-16.075061608716883,0.8015690055762571
id,test_id,seam_006_xl_0683,seam,43,74,15,True,-14.868305922858053,0.7413951798931983
id,test_id,seam_006_xl_0683,seam,43,75,15,True,-16.356486190270708,0.8156019982621756
id,test_id,seam_006_xl_0683,seam,43,76,15,True,-17.51813960486509,0.8735268383048264
id,test_id,seam_006_xl_0683,seam,43,77,15,True,-15.316979882382736,0.7637679177599784
id,test_id,seam_006_xl_0683,seam,43,78,15,True,-16.456448267789156,0.8205865205627525
id,test_id,seam_006_xl_0683,seam,43,79,15,True,-16.71124032772077,0.8332915056557715
id,test_id,seam_006_xl_0683,seam,43,80,15,True,-13.659421138021207,0.6811151885361212
id,test_id,seam_006_xl_0683,seam,43,81,15,True,-17.059426785799992,0.8506535214135427
id,test_id,seam_006_xl_0683,seam,43,82,15,True,-15.82206740666175,0.7889536691070067
id,test_id,seam_006_xl_0683,seam,43,83,15,True,-14.62480322654526,0.7292531291260188
id,test_id,seam_006_xl_0683,seam,43,84,15,True,-15.943881214746867,0.7950278090007721
id,test_id,seam_006_xl_0683,seam,43,85,15,True,-17.754269919356037,0.8853012716463623
id,test_id,seam_006_xl_0683,seam,43,86,15,True,-15.487002673796624,0.7722459567968571
id,test_id,seam_006_xl_0683,seam,43,87,15,True,-16.48396896527894,0.8219588162749936
id,test_id,seam_006_xl_0683,seam,43,88,15,True,-15.313798472684468,0.76360927952454
id,test_id,seam_006_xl_0683,seam,43,89,15,True,-15.262865389996424,0.7610695455294275
id,test_id,seam_006_xl_0683,seam,43,90,15,True,-15.107124125199304,0.7533036424312445
id,test_id,seam_006_xl_0683,seam,43,91,15,True,-15.74206775692367,0.7849645559547296
id,test_id,seam_006_xl_0683,seam,43,92,15,True,-17.125880785887926,0.8539671924938551
id,test_id,seam_006_xl_0683,seam,43,93,15,True,-14.534653249034566,0.7247578786825132
id,test_id,seam_006_xl_0683,seam,43,94,15,True,-17.09182877378267,0.8522692184427773
id,test_id,seam_006_xl_0683,seam,43,95,15,True,-15.03171818035117,0.7495435903892868
id,test_id,seam_006_xl_0683,seam,43,96,15,True,-14.227756105676878,0.7094547187940295
id,test_id,seam_006_xl_0683,seam,43,97,15,True,-18.499994067595864,0.9224861595484194
id,test_id,seam_006_xl_0683,seam,43,98,15,True,-16.821943295715293,0.8388116131446036
id,test_id,seam_006_xl_0683,seam,43,99,15,True,-17.50140724884576,0.8726924938835215
id,test_id,fault_000_xl_0652,fault,44,0,17,True,-42.37127255699872,0.9240338305561835
id,test_id,fault_000_xl_0652,fault,44,1,17,True,-27.85565366473071,0.6074768305304523
id,test_id,fault_000_xl_0652,fault,44,2,17,True,-27.943762052379853,0.6093983005744319
id,test_id,fault_000_xl_0652,fault,44,3,17,True,-25.94009921521623,0.5657023685233765
id,test_id,fault_000_xl_0652,fault,44,4,17,True,-31.938176885366623,0.6965086047077342
id,test_id,fault_000_xl_0652,fault,44,5,17,True,-39.36650725232809,0.8585058294638845
id,test_id,fault_000_xl_0652,fault,44,6,17,True,-22.746704982109886,0.4960607427798068
id,test_id,fault_000_xl_0652,fault,44,7,17,True,-32.891674485592,0.7173025055464962
id,test_id,fault_000_xl_0652,fault,44,8,17,True,-30.130412927690465,0.6570848405924176
id,test_id,fault_000_xl_0652,fault,44,9,17,True,-33.07263152556353,0.7212488214515959
id,test_id,fault_000_xl_0652,fault,44,10,17,True,-36.46590751516757,0.7952494738178943
id,test_id,fault_000_xl_0652,fault,44,11,17,True,-21.63091562779046,0.47172757908313884
id,test_id,fault_000_xl_0652,fault,44,12,17,True,-38.58987868725194,0.8415690932131314
id,test_id,fault_000_xl_0652,fault,44,13,17,True,-41.923564028382756,0.9142701911442885
id,test_id,fault_000_xl_0652,fault,44,14,17,True,-14.117482928152778,0.3078744404092206
id,test_id,fault_000_xl_0652,fault,44,15,17,True,-34.169860563180045,0.7451772212716006
id,test_id,fault_000_xl_0652,fault,44,16,17,True,-37.00386476035633,0.8069812596234429
id,test_id,fault_000_xl_0652,fault,44,17,17,True,-31.937658777161733,0.6964973057903237
id,test_id,fault_000_xl_0652,fault,44,18,17,True,-37.58890785897668,0.819739894963729
id,test_id,fault_000_xl_0652,fault,44,19,17,True,-38.65729461709396,0.8430393015909567
id,test_id,fault_000_xl_0652,fault,44,20,17,True,-29.86844559456009,0.6513718500753777
id,test_id,fault_000_xl_0652,fault,44,21,17,True,-14.894352345735244,0.3248164291777901
id,test_id,fault_000_xl_0652,fault,44,22,17,True,-21.875330044910395,0.47705777514441283
id,test_id,fault_000_xl_0652,fault,44,23,17,True,-20.308460729959954,0.4428874477574567
id,test_id,fault_000_xl_0652,fault,44,24,17,True,-42.78766984076364,0.9331146335137277
id,test_id,fault_000_xl_0652,fault,44,25,17,True,-18.790882353849135,0.40979205846603234
id,test_id,fault_000_xl_0652,fault,44,26,17,True,-20.806404707873995,0.4537466231738978
id,test_id,fault_000_xl_0652,fault,44,27,17,True,-14.875318536135355,0.3244013393555292
id,test_id,fault_000_xl_0652,fault,44,28,17,True,-25.408264969544827,0.5541041132529541
id,test_id,fault_000_xl_0652,fault,44,29,17,True,-38.29759871824422,0.8351950439326021
id,test_id,fault_000_xl_0652,fault,44,30,17,True,-33.96474537697257,0.7407040638755946
id,test_id,fault_000_xl_0652,fault,44,31,17,True,-16.339350687545675,0.3563289911650245
id,test_id,fault_000_xl_0652,fault,44,32,17,True,-36.840291994060635,0.8034140604176232
id,test_id,fault_000_xl_0652,fault,44,33,17,True,-37.85297144068441,0.8254986005250864
id,test_id,fault_000_xl_0652,fault,44,34,17,True,-43.68580231095595,0.9527011301350474
id,test_id,fault_000_xl_0652,fault,44,35,17,True,-38.27849805666178,0.8347784962005406
id,test_id,fault_000_xl_0652,fault,44,36,17,True,-35.86061729402971,0.7820492886952073
id,test_id,fault_000_xl_0652,fault,44,37,17,True,-34.11377795464392,0.7439541702640224
id,test_id,fault_000_xl_0652,fault,44,38,17,True,-36.916725724365364,0.8050809292260163
id,test_id,fault_000_xl_0652,fault,44,39,17,True,-30.9929910025856,0.6758959660224346
id,test_id,fault_000_xl_0652,fault,44,40,17,True,-37.69216270487968,0.8219916793691865
id,test_id,fault_000_xl_0652,fault,44,41,17,True,-38.10943539577335,0.8310915732285052
id,test_id,fault_000_xl_0652,fault,44,42,17,True,-44.23050167320334,0.9645799482074073
id,test_id,fault_000_xl_0652,fault,44,43,17,True,-27.899443937595777,0.6084318099571895
id,test_id,fault_000_xl_0652,fault,44,44,17,True,-27.501528497786097,0.599754059540556
id,test_id,fault_000_xl_0652,fault,44,45,17,True,-39.078572986983076,0.8522265514035614
id,test_id,fault_000_xl_0652,fault,44,46,17,True,-38.658598626368786,0.843067739459649
id,test_id,fault_000_xl_0652,fault,44,47,17,True,-44.395240968435814,0.9681725871070777
id,test_id,fault_000_xl_0652,fault,44,48,17,True,-26.106792290089558,0.569337615501035
id,test_id,fault_000_xl_0652,fault,44,49,17,True,-32.859477667823526,0.7166003564945811
id,test_id,fault_000_xl_0652,fault,44,50,17,True,-37.809355394218606,0.8245474206322642
id,test_id,fault_000_xl_0652,fault,44,51,17,True,-27.799524198379554,0.6062527576464067
id,test_id,fault_000_xl_0652,fault,44,52,17,True,-34.28329915482503,0.747651093073058
id,test_id,fault_000_xl_0652,fault,44,53,17,True,-20.40124174123897,0.44491081850091707
id,test_id,fault_000_xl_0652,fault,44,54,17,True,-34.34232102130554,0.7489382434954862
id,test_id,fault_000_xl_0652,fault,44,55,17,True,-33.02573455233029,0.7202260910212104
id,test_id,fault_000_xl_0652,fault,44,56,17,True,-38.78601622491602,0.8458464658126866
id,test_id,fault_000_xl_0652,fault,44,57,17,True,-30.344940630390887,0.6617632663965997
id,test_id,fault_000_xl_0652,fault,44,58,17,True,-36.560335821135055,0.797308768807411
id,test_id,fault_000_xl_0652,fault,44,59,17,True,-29.695607199598772,0.6476025857949985
id,test_id,fault_000_xl_0652,fault,44,60,17,True,-21.89884695034968,0.47757063243909653
id,test_id,fault_000_xl_0652,fault,44,61,17,True,-35.327575577612286,0.7704247008708777
id,test_id,fault_000_xl_0652,fault,44,62,17,True,-38.256809669488604,0.8343055152804782
id,test_id,fault_000_xl_0652,fault,44,63,17,True,-27.2938281637542,0.5952245251725449
id,test_id,fault_000_xl_0652,fault,44,64,17,True,-29.245551593397472,0.6377877612531575
id,test_id,fault_000_xl_0652,fault,44,65,17,True,-28.927277001488747,0.630846820550126
id,test_id,fault_000_xl_0652,fault,44,66,17,True,-24.595260533783343,0.536374091053945
id,test_id,fault_000_xl_0652,fault,44,67,17,True,-26.680608884348892,0.5818514229378283
id,test_id,fault_000_xl_0652,fault,44,68,17,True,-36.01343768139526,0.7853819997374474
id,test_id,fault_000_xl_0652,fault,44,69,17,True,-19.26326051339746,0.4200936938405977
id,test_id,fault_000_xl_0652,fault,44,70,17,True,-21.478935598963744,0.46841319460209985
id,test_id,fault_000_xl_0652,fault,44,71,17,True,-33.04176518043762,0.7205756873821955
id,test_id,fault_000_xl_0652,fault,44,72,17,True,-27.377495003305196,0.5970491338183399
id,test_id,fault_000_xl_0652,fault,44,73,17,True,-23.1593019831262,0.5050586690708389
id,test_id,fault_000_xl_0652,fault,44,74,17,True,-29.28417380882095,0.6386300355467681
id,test_id,fault_000_xl_0652,fault,44,75,17,True,-26.026826826339786,0.5675937265564323
id,test_id,fault_000_xl_0652,fault,44,76,17,True,-44.38263537139504,0.9678976839140153
id,test_id,fault_000_xl_0652,fault,44,77,17,True,-35.863695941354365,0.7821164279173418
id,test_id,fault_000_xl_0652,fault,44,78,17,True,-23.72700101067633,0.5174390644513293
id,test_id,fault_000_xl_0652,fault,44,79,17,True,-42.941837346114156,0.9364767225405488
id,test_id,fault_000_xl_0652,fault,44,80,17,True,-8.597027443805793,0.18748420146244474
id,test_id,fault_000_xl_0652,fault,44,81,17,True,-42.913755827785025,0.935864320047454
id,test_id,fault_000_xl_0652,fault,44,82,17,True,-38.34837563094304,0.836302388185286
id,test_id,fault_000_xl_0652,fault,44,83,17,True,-12.15211150698963,0.26501356856922514
id,test_id,fault_000_xl_0652,fault,44,84,17,True,-32.32623788799489,0.7049714492981509
id,test_id,fault_000_xl_0652,fault,44,85,17,True,-30.786245451400337,0.6713872535839496
id,test_id,fault_000_xl_0652,fault,44,86,17,True,-32.70427800049076,0.7132157580520017
id,test_id,fault_000_xl_0652,fault,44,87,17,True,-25.040950911394944,0.546093718575457
id,test_id,fault_000_xl_0652,fault,44,88,17,True,-34.97251344610773,0.7626814965331212
id,test_id,fault_000_xl_0652,fault,44,89,17,True,-17.44099883260517,0.3803537629968137
id,test_id,fault_000_xl_0652,fault,44,90,17,True,-28.954574113657763,0.631442116692972
id,test_id,fault_000_xl_0652,fault,44,91,17,True,-22.563179557260735,0.4920584154694887
id,test_id,fault_000_xl_0652,fault,44,92,17,True,-41.678246351277245,0.9089202967654021
id,test_id,fault_000_xl_0652,fault,44,93,17,True,-38.89043611435201,0.8481236575182695
id,test_id,fault_000_xl_0652,fault,44,94,17,True,-29.39202776624436,0.6409821174976827
id,test_id,fault_000_xl_0652,fault,44,95,17,True,-41.054772984297315,0.895323573118142
id,test_id,fault_000_xl_0652,fault,44,96,17,True,-32.381800329418894,0.7061831564876154
id,test_id,fault_000_xl_0652,fault,44,97,17,True,-29.655289296717495,0.6467233319045413
id,test_id,fault_000_xl_0652,fault,44,98,17,True,-34.18645833823754,0.7455391859882482
id,test_id,fault_000_xl_0652,fault,44,99,17,True,-21.952705625225537,0.4787451838426986
ood,test_ood,penobscot_000_il_0101,penobscot,0,0,21,True,-10.993727630917032,0.687876275879604
ood,test_ood,penobscot_000_il_0101,penobscot,0,1,21,True,-10.921637695417449,0.6833656168907095
ood,test_ood,penobscot_000_il_0101,penobscot,0,2,21,True,-9.23928134632842,0.5781007732484774
ood,test_ood,penobscot_000_il_0101,penobscot,0,3,21,True,-5.029831492916306,0.3147159791296933
ood,test_ood,penobscot_000_il_0101,penobscot,0,4,21,True,-10.112123999134383,0.6327144378395985
ood,test_ood,penobscot_000_il_0101,penobscot,0,5,21,True,-10.909344213363816,0.6825964151298015
ood,test_ood,penobscot_000_il_0101,penobscot,0,6,21,True,-10.022194183495639,0.6270875395982636
ood,test_ood,penobscot_000_il_0101,penobscot,0,7,21,True,-9.528446720099224,0.5961938174915792
ood,test_ood,penobscot_000_il_0101,penobscot,0,8,21,True,-9.062858591536473,0.5670620217329844
ood,test_ood,penobscot_000_il_0101,penobscot,0,9,21,True,-11.69124822318099,0.7315200592681005
ood,test_ood,penobscot_000_il_0101,penobscot,0,10,21,True,-11.735249347538904,0.7342732045682183
ood,test_ood,penobscot_000_il_0101,penobscot,0,11,21,True,-12.637589476258517,0.7907325228411954
ood,test_ood,penobscot_000_il_0101,penobscot,0,12,21,True,-12.843226082329167,0.8035991816776945
ood,test_ood,penobscot_000_il_0101,penobscot,0,13,21,True,-12.453272034076818,0.7791998016419689
ood,test_ood,penobscot_000_il_0101,penobscot,0,14,21,True,-11.333035533612378,0.7091067324015767
ood,test_ood,penobscot_000_il_0101,penobscot,0,15,21,True,-13.020034605143907,0.8146620706540911
ood,test_ood,penobscot_000_il_0101,penobscot,0,16,21,True,-15.572937392949239,0.9743969050354395
ood,test_ood,penobscot_000_il_0101,penobscot,0,17,21,True,-7.6893149134308985,0.48111955146510627
ood,test_ood,penobscot_000_il_0101,penobscot,0,18,21,True,-9.655650738463446,0.6041529583186842
ood,test_ood,penobscot_000_il_0101,penobscot,0,19,21,True,-8.740796829226111,0.5469106542351891
ood,test_ood,penobscot_000_il_0101,penobscot,0,20,21,True,-7.585814511257693,0.47464354318209867
ood,test_ood,penobscot_000_il_0101,penobscot,0,21,21,True,-14.605879906241237,0.9138882291021342
ood,test_ood,penobscot_000_il_0101,penobscot,0,22,21,True,-11.673992383907105,0.7304403633855575
ood,test_ood,penobscot_000_il_0101,penobscot,0,23,21,True,-10.75311493915458,0.6728211673763279
ood,test_ood,penobscot_000_il_0101,penobscot,0,24,21,True,-12.544419094331483,0.7849028627391923
ood,test_ood,penobscot_000_il_0101,penobscot,0,25,21,True,-11.772355527749722,0.7365949340045338
ood,test_ood,penobscot_000_il_0101,penobscot,0,26,21,True,-11.191094845735886,0.7002255198547344
ood,test_ood,penobscot_000_il_0101,penobscot,0,27,21,True,-12.652479696637958,0.7916642022210661
ood,test_ood,penobscot_000_il_0101,penobscot,0,28,21,True,-13.00305587066072,0.8135997131864927
ood,test_ood,penobscot_000_il_0101,penobscot,0,29,21,True,-7.428761069263509,0.46481672734492846
ood,test_ood,penobscot_000_il_0101,penobscot,0,30,21,True,-9.854548614132465,0.6165979755675022
ood,test_ood,penobscot_000_il_0101,penobscot,0,31,21,True,-12.052861758488786,0.7541461766621359
ood,test_ood,penobscot_000_il_0101,penobscot,0,32,21,True,-14.145964410075166,0.8851113693014286
ood,test_ood,penobscot_000_il_0101,penobscot,0,33,21,True,-14.635299382298847,0.9157290023419519
ood,test_ood,penobscot_000_il_0101,penobscot,0,34,21,True,-15.574540575971572,0.9744972160131151
ood,test_ood,penobscot_000_il_0101,penobscot,0,35,21,True,-10.236104054689068,0.640471855683794
ood,test_ood,penobscot_000_il_0101,penobscot,0,36,21,True,-13.00305587066072,0.8135997131864927
ood,test_ood,penobscot_000_il_0101,penobscot,0,37,21,True,-15.445417802179723,0.9664180188791609
ood,test_ood,penobscot_000_il_0101,penobscot,0,38,21,True,-13.65043280016932,0.8541060133524541
ood,test_ood,penobscot_000_il_0101,penobscot,0,39,21,True,-11.265902347698994,0.7049062166652981
ood,test_ood,penobscot_000_il_0101,penobscot,0,40,21,True,-9.566345865990144,0.5985651626994731
ood,test_ood,penobscot_000_il_0101,penobscot,0,41,21,True,-6.501156143510099,0.40677659362173135
ood,test_ood,penobscot_000_il_0101,penobscot,0,42,21,True,-9.899020682657667,0.6193805877901071
ood,test_ood,penobscot_000_il_0101,penobscot,0,43,21,True,-7.643021634520702,0.4782229863177717
ood,test_ood,penobscot_000_il_0101,penobscot,0,44,21,True,-15.657787582610165,0.9797059716624404
ood,test_ood,penobscot_000_il_0101,penobscot,0,45,21,True,-12.389070671052195,0.7751827297272911
ood,test_ood,penobscot_000_il_0101,penobscot,0,46,21,True,-13.020034605143907,0.8146620706540911
ood,test_ood,penobscot_000_il_0101,penobscot,0,47,21,True,-10.764198443165444,0.6735146609499951
ood,test_ood,penobscot_000_il_0101,penobscot,0,48,21,True,-6.4738761176320425,0.4050696855340573
ood,test_ood,penobscot_000_il_0101,penobscot,0,49,21,True,-7.158998618277586,0.4479377217531852
ood,test_ood,penobscot_000_il_0101,penobscot,0,50,21,True,-12.048446930813451,0.7538699414012751
ood,test_ood,penobscot_000_il_0101,penobscot,0,51,21,True,-14.582723959769098,0.9124393641894785
ood,test_ood,penobscot_000_il_0101,penobscot,0,52,21,True,-10.78578990925881,0.6748656365049394
ood,test_ood,penobscot_000_il_0101,penobscot,0,53,21,True,-15.325433281319441,0.9589106011821406
ood,test_ood,penobscot_000_il_0101,penobscot,0,54,21,True,-11.565499725546426,0.7236519902059684
ood,test_ood,penobscot_000_il_0101,penobscot,0,55,21,True,-11.648964452607375,0.7288743685971281
ood,test_ood,penobscot_000_il_0101,penobscot,0,56,21,True,-8.019193109768562,0.5017599923427292
ood,test_ood,penobscot_000_il_0101,penobscot,0,57,21,True,-9.787828482512747,0.612423304590963
ood,test_ood,penobscot_000_il_0101,penobscot,0,58,21,True,-13.31218167604811,0.8329416793445562
ood,test_ood,penobscot_000_il_0101,penobscot,0,59,21,True,-12.617451764555833,0.7894725085315976
ood,test_ood,penobscot_000_il_0101,penobscot,0,60,21,True,-15.641119705631144,0.9786630645131942
ood,test_ood,penobscot_000_il_0101,penobscot,0,61,21,True,-15.634713222329196,0.9782622115884015
ood,test_ood,penobscot_000_il_0101,penobscot,0,62,21,True,-14.050704188276994,0.8791509481585837
ood,test_ood,penobscot_000_il_0101,penobscot,0,63,21,True,-12.02669977855544,0.7525092245808805
ood,test_ood,penobscot_000_il_0101,penobscot,0,64,21,True,-11.67518229839483,0.7305148161984626
ood,test_ood,penobscot_000_il_0101,penobscot,0,65,21,True,-7.620052637398949,0.4767858188045101
ood,test_ood,penobscot_000_il_0101,penobscot,0,66,21,True,-11.161296089713321,0.6983610151110474
ood,test_ood,penobscot_000_il_0101,penobscot,0,67,21,True,-8.518311946641514,0.532989800671252
ood,test_ood,penobscot_000_il_0101,penobscot,0,68,21,True,-12.821543410981125,0.8022424994204345
ood,test_ood,penobscot_000_il_0101,penobscot,0,69,21,True,-11.153949167106797,0.6979013190069216
ood,test_ood,penobscot_000_il_0101,penobscot,0,70,21,True,-10.764198443165444,0.6735146609499951
ood,test_ood,penobscot_000_il_0101,penobscot,0,71,21,True,-11.735249347538904,0.7342732045682183
ood,test_ood,penobscot_000_il_0101,penobscot,0,72,21,True,-10.860226969341378,0.6795231548095614
ood,test_ood,penobscot_000_il_0101,penobscot,0,73,21,True,-12.370735425927798,0.7740354955445887
ood,test_ood,penobscot_000_il_0101,penobscot,0,74,21,True,-15.554539915372116,0.973245776975314
ood,test_ood,penobscot_000_il_0101,penobscot,0,75,21,True,-11.979852256970098,0.7495779805329846
ood,test_ood,penobscot_000_il_0101,penobscot,0,76,21,True,-14.705986351886978,0.920151877914815
ood,test_ood,penobscot_000_il_0101,penobscot,0,77,21,True,-12.484794437993099,0.7811721548365054
ood,test_ood,penobscot_000_il_0101,penobscot,0,78,21,True,-14.3222774277527,0.8961432545782703
ood,test_ood,penobscot_000_il_0101,penobscot,0,79,21,True,-15.296835742336494,0.9571212564507326
ood,test_ood,penobscot_000_il_0101,penobscot,0,80,21,True,-11.856168150929083,0.7418390802158864
ood,test_ood,penobscot_000_il_0101,penobscot,0,81,21,True,-12.480797768446784,0.7809220836817764
ood,test_ood,penobscot_000_il_0101,penobscot,0,82,21,True,-12.559131100823544,0.785823391296587
ood,test_ood,penobscot_000_il_0101,penobscot,0,83,21,True,-8.308137935103009,0.5198392368954852
ood,test_ood,penobscot_000_il_0101,penobscot,0,84,21,True,-9.681564849619898,0.6057744012790229
ood,test_ood,penobscot_000_il_0101,penobscot,0,85,21,True,-12.632521820432823,0.7904154401979057
ood,test_ood,penobscot_000_il_0101,penobscot,0,86,21,True,-9.869214527467857,0.6175156200813751
ood,test_ood,penobscot_000_il_0101,penobscot,0,87,21,True,-9.926476878639754,0.6210985188209672
ood,test_ood,penobscot_000_il_0101,penobscot,0,88,21,True,-14.746366437259654,0.9226784552212914
ood,test_ood,penobscot_000_il_0101,penobscot,0,89,21,True,-8.259002240455066,0.5167648221217254
ood,test_ood,penobscot_000_il_0101,penobscot,0,90,21,True,-10.674958689251817,0.6679309397915877
ood,test_ood,penobscot_000_il_0101,penobscot,0,91,21,True,-9.787828482512747,0.612423304590963
ood,test_ood,penobscot_000_il_0101,penobscot,0,92,21,True,-12.64246570455661,0.7910376278860576
ood,test_ood,penobscot_000_il_0101,penobscot,0,93,21,True,-12.062151620836048,0.7547274422828066
ood,test_ood,penobscot_000_il_0101,penobscot,0,94,21,True,-14.639806617918252,0.9160110195572652
ood,test_ood,penobscot_000_il_0101,penobscot,0,95,21,True,-10.205572346009323,0.638561490176484
ood,test_ood,penobscot_000_il_0101,penobscot,0,96,21,True,-12.908874255795151,0.8077067803556064
ood,test_ood,penobscot_000_il_0101,penobscot,0,97,21,True,-15.55906386302675,0.9735288398607536
ood,test_ood,penobscot_000_il_0101,penobscot,0,98,21,True,-5.029831492916306,0.3147159791296933
ood,test_ood,penobscot_000_il_0101,penobscot,0,99,21,True,-15.600820708792792,0.9761415609070021
ood,test_ood,penobscot_000_il_0102,penobscot,1,0,21,True,-15.459405620574062,0.9731698729802061
ood,test_ood,penobscot_000_il_0102,penobscot,1,1,21,True,-15.52966895409864,0.9775929511398392
ood,test_ood,penobscot_000_il_0102,penobscot,1,2,21,True,-9.754148976700813,0.6140238605327083
ood,test_ood,penobscot_000_il_0102,penobscot,1,3,21,True,-9.987271198076089,0.628698908728786
ood,test_ood,penobscot_000_il_0102,penobscot,1,4,21,True,-11.549639672446286,0.7270500334141777
ood,test_ood,penobscot_000_il_0102,penobscot,1,5,21,True,-15.69807826826495,0.9881943206166712
ood,test_ood,penobscot_000_il_0102,penobscot,1,6,21,True,-11.424600185781836,0.7191787953898122
ood,test_ood,penobscot_000_il_0102,penobscot,1,7,21,True,-10.957293621047297,0.6897618383988978
ood,test_ood,penobscot_000_il_0102,penobscot,1,8,21,True,-10.748440397365151,0.6766145240615491
ood,test_ood,penobscot_000_il_0102,penobscot,1,9,21,True,-15.539359011701993,0.9782029404472211
ood,test_ood,penobscot_000_il_0102,penobscot,1,10,21,True,-12.543121819109338,0.7895897531295003
ood,test_ood,penobscot_000_il_0102,penobscot,1,11,21,True,-11.972911041411411,0.7536949740077382
ood,test_ood,penobscot_000_il_0102,penobscot,1,12,21,True,-10.197187356126733,0.6419131348045135
ood,test_ood,penobscot_000_il_0102,penobscot,1,13,21,True,-11.029871701194438,0.6943306299017186
ood,test_ood,penobscot_000_il_0102,penobscot,1,14,21,True,-9.83670785135478,0.6192209432364226
ood,test_ood,penobscot_000_il_0102,penobscot,1,15,21,True,-10.329676527514039,0.6502533306215278
ood,test_ood,penobscot_000_il_0102,penobscot,1,16,21,True,-12.18469611569736,0.7670268483954358
ood,test_ood,penobscot_000_il_0102,penobscot,1,17,21,True,-6.191613048692425,0.3897621572280633
ood,test_ood,penobscot_000_il_0102,penobscot,1,18,21,True,-11.317260847800235,0.7124217820561097
ood,test_ood,penobscot_000_il_0102,penobscot,1,19,21,True,-8.628411621044348,0.5431586729374435
ood,test_ood,penobscot_000_il_0102,penobscot,1,20,21,True,-11.967062112991227,0.7533267838542846
ood,test_ood,penobscot_000_il_0102,penobscot,1,21,21,True,-7.769217628724434,0.4890723950498541
ood,test_ood,penobscot_000_il_0102,penobscot,1,22,21,True,-9.833670998576236,0.6190297732972098
ood,test_ood,penobscot_000_il_0102,penobscot,1,23,21,True,-9.910835801228023,0.6238872990674916
ood,test_ood,penobscot_000_il_0102,penobscot,1,24,21,True,-15.496356308961872,0.9754959195053737
ood,test_ood,penobscot_000_il_0102,penobscot,1,25,21,True,-15.200973387788661,0.9569015590924418
ood,test_ood,penobscot_000_il_0102,penobscot,1,26,21,True,-10.67683753114789,0.6721071222938554
ood,test_ood,penobscot_000_il_0102,penobscot,1,27,21,True,-7.615665793065826,0.4794063041229887
ood,test_ood,penobscot_000_il_0102,penobscot,1,28,21,True,-7.1252481221234305,0.44853450256400124
ood,test_ood,penobscot_000_il_0102,penobscot,1,29,21,True,-15.612636311961923,0.9828157478692209
ood,test_ood,penobscot_000_il_0102,penobscot,1,30,21,True,-11.230627461900989,0.7069682087932919
ood,test_ood,penobscot_000_il_0102,penobscot,1,31,21,True,-12.291321194714733,0.77373889911398
ood,test_ood,penobscot_000_il_0102,penobscot,1,32,21,True,-9.398473403191243,0.5916340765274409
ood,test_ood,penobscot_000_il_0102,penobscot,1,33,21,True,-12.350026495975271,0.7774343989264016
ood,test_ood,penobscot_000_il_0102,penobscot,1,34,21,True,-11.509816626325076,0.7245431719159655
ood,test_ood,penobscot_000_il_0102,penobscot,1,35,21,True,-9.814751070463396,0.617838763468613
ood,test_ood,penobscot_000_il_0102,penobscot,1,36,21,True,-6.6404146733087215,0.4180142278924031
ood,test_ood,penobscot_000_il_0102,penobscot,1,37,21,True,-7.255815110638885,0.4567536969332781
ood,test_ood,penobscot_000_il_0102,penobscot,1,38,21,True,-11.05595836127729,0.69597278564188
ood,test_ood,penobscot_000_il_0102,penobscot,1,39,21,True,-10.929339259037004,0.6880021107874693
ood,test_ood,penobscot_000_il_0102,penobscot,1,40,21,True,-10.304322998962224,0.6486573255249586
ood,test_ood,penobscot_000_il_0102,penobscot,1,41,21,True,-6.851668042864816,0.43131263145741117
ood,test_ood,penobscot_000_il_0102,penobscot,1,42,21,True,-10.90513370048512,0.6864783704238678
ood,test_ood,penobscot_000_il_0102,penobscot,1,43,21,True,-10.487301024637667,0.6601757956637946
ood,test_ood,penobscot_000_il_0102,penobscot,1,44,21,True,-12.229997625228942,0.7698785792678043
ood,test_ood,penobscot_000_il_0102,penobscot,1,45,21,True,-15.097846603075668,0.9504097260657933
ood,test_ood,penobscot_000_il_0102,penobscot,1,46,21,True,-7.5688660734531625,0.4764602608979922
ood,test_ood,penobscot_000_il_0102,penobscot,1,47,21,True,-10.197187356126733,0.6419131348045135
ood,test_ood,penobscot_000_il_0102,penobscot,1,48,21,True,-9.449980561459297,0.594876453103846
ood,test_ood,penobscot_000_il_0102,penobscot,1,49,21,True,-11.865848192043131,0.7469553656374159
ood,test_ood,penobscot_000_il_0102,penobscot,1,50,21,True,-15.525894705620939,0.9773553621275716
ood,test_ood,penobscot_000_il_0102,penobscot,1,51,21,True,-11.556483795390172,0.7274808710815132
ood,test_ood,penobscot_000_il_0102,penobscot,1,52,21,True,-10.65201406615812,0.6705444847084313
ood,test_ood,penobscot_000_il_0102,penobscot,1,53,21,True,-10.723612272159922,0.6750515931154751
ood,test_ood,penobscot_000_il_0102,penobscot,1,54,21,True,-12.76050483278749,0.8032740179066455
ood,test_ood,penobscot_000_il_0102,penobscot,1,55,21,True,-12.453895985091663,0.7839729852091364
ood,test_ood,penobscot_000_il_0102,penobscot,1,56,21,True,-8.297240533112383,0.5223114467576379
ood,test_ood,penobscot_000_il_0102,penobscot,1,57,21,True,-14.392129053049555,0.9059847930913448
ood,test_ood,penobscot_000_il_0102,penobscot,1,58,21,True,-12.495533943035728,0.7865940954405447
ood,test_ood,penobscot_000_il_0102,penobscot,1,59,21,True,-14.448891925738884,0.9095580169888765
ood,test_ood,penobscot_000_il_0102,penobscot,1,60,21,True,-15.570061532749971,0.9801356647214757
ood,test_ood,penobscot_000_il_0102,penobscot,1,61,21,True,-15.632140234507977,0.9840435201583121
ood,test_ood,penobscot_000_il_0102,penobscot,1,62,21,True,-15.502343783758048,0.9758728311557875
ood,test_ood,penobscot_000_il_0102,penobscot,1,63,21,True,-12.455354828211888,0.784064819410842
ood,test_ood,penobscot_000_il_0102,penobscot,1,64,21,True,-12.592911016927529,0.7927239840634522
ood,test_ood,penobscot_000_il_0102,penobscot,1,65,21,True,-12.402296172771006,0.780724776058387
ood,test_ood,penobscot_000_il_0102,penobscot,1,66,21,True,-12.381159491711692,0.7793942215903458
ood,test_ood,penobscot_000_il_0102,penobscot,1,67,21,True,-11.978194363300652,0.7540275592194893
ood,test_ood,penobscot_000_il_0102,penobscot,1,68,21,True,-12.535994856148182,0.789141110677787
ood,test_ood,penobscot_000_il_0102,penobscot,1,69,21,True,-12.65074655028244,0.796364731969946
ood,test_ood,penobscot_000_il_0102,penobscot,1,70,21,True,-14.93172749060653,0.9399525248286367
ood,test_ood,penobscot_000_il_0102,penobscot,1,71,21,True,-15.317729771073598,0.9642513756041332
ood,test_ood,penobscot_000_il_0102,penobscot,1,72,21,True,-11.473480294861828,0.7222557991706903
ood,test_ood,penobscot_000_il_0102,penobscot,1,73,21,True,-10.884429149656803,0.6851750185619508
ood,test_ood,penobscot_000_il_0102,penobscot,1,74,21,True,-14.738754614008084,0.9278048786372454
ood,test_ood,penobscot_000_il_0102,penobscot,1,75,21,True,-14.323652861074436,0.9016742155256777
ood,test_ood,penobscot_000_il_0102,penobscot,1,76,21,True,-9.713059839804098,0.6114372985964961
ood,test_ood,penobscot_000_il_0102,penobscot,1,77,21,True,-12.350026495975271,0.7774343989264016
ood,test_ood,penobscot_000_il_0102,penobscot,1,78,21,True,-15.34458072897747,0.965941643906424
ood,test_ood,penobscot_000_il_0102,penobscot,1,79,21,True,-15.527562283705965,0.9774603361992158
ood,test_ood,penobscot_000_il_0102,penobscot,1,80,21,True,-8.15695224684172,0.5134802965128352
ood,test_ood,penobscot_000_il_0102,penobscot,1,81,21,True,-14.278750978867023,0.8988476412008406
ood,test_ood,penobscot_000_il_0102,penobscot,1,82,21,True,-7.250434087008585,0.4564149613950998
ood,test_ood,penobscot_000_il_0102,penobscot,1,83,21,True,-12.528909202341751,0.7886950686381368
ood,test_ood,penobscot_000_il_0102,penobscot,1,84,21,True,-11.508341048241526,0.7244502842480055
ood,test_ood,penobscot_000_il_0102,penobscot,1,85,21,True,-15.474248654975245,0.9741042422733961
ood,test_ood,penobscot_000_il_0102,penobscot,1,86,21,True,-11.065890646810354,0.6965980232019676
ood,test_ood,penobscot_000_il_0102,penobscot,1,87,21,True,-10.060374995902144,0.6333007941693279
ood,test_ood,penobscot_000_il_0102,penobscot,1,88,21,True,-6.134429375111128,0.3861624439065115
ood,test_ood,penobscot_000_il_0102,penobscot,1,89,21,True,-15.398641426777111,0.9693447658441059
ood,test_ood,penobscot_000_il_0102,penobscot,1,90,21,True,-15.61643927432151,0.9830551444208905
ood,test_ood,penobscot_000_il_0102,penobscot,1,91,21,True,-8.809032494572644,0.5545287603045266
ood,test_ood,penobscot_000_il_0102,penobscot,1,92,21,True,-10.870264073479287,0.6842833267516215
ood,test_ood,penobscot_000_il_0102,penobscot,1,93,21,True,-9.497596786495437,0.5978738953605228
ood,test_ood,penobscot_000_il_0102,penobscot,1,94,21,True,-15.366149505705591,0.9672993988048988
ood,test_ood,penobscot_000_il_0102,penobscot,1,95,21,True,-9.723012293714486,0.6120638057563135
ood,test_ood,penobscot_000_il_0102,penobscot,1,96,21,True,-11.403736087890444,0.71786540003729
ood,test_ood,penobscot_000_il_0102,penobscot,1,97,21,True,-6.191613048692425,0.3897621572280633
ood,test_ood,penobscot_000_il_0102,penobscot,1,98,21,True,-10.857062574115396,0.6834522921197332
ood,test_ood,penobscot_000_il_0102,penobscot,1,99,21,True,-11.103997588871046,0.698996855917471
ood,test_ood,penobscot_000_il_0175,penobscot,2,0,21,True,-19.192641412582574,0.9886793269534306
ood,test_ood,penobscot_000_il_0175,penobscot,2,1,21,True,-11.224264290712124,0.5782006669083825
ood,test_ood,penobscot_000_il_0175,penobscot,2,2,21,True,-19.00304939895023,0.9789127867256286
ood,test_ood,penobscot_000_il_0175,penobscot,2,3,21,True,-18.90716391650274,0.9739733939545716
ood,test_ood,penobscot_000_il_0175,penobscot,2,4,21,True,-11.848813448178223,0.6103733536886452
ood,test_ood,penobscot_000_il_0175,penobscot,2,5,21,True,-18.826358967505875,0.9698108516097564
ood,test_ood,penobscot_000_il_0175,penobscot,2,6,21,True,-17.648504158539517,0.9091354774002292
ood,test_ood,penobscot_000_il_0175,penobscot,2,7,21,True,-11.614774363881963,0.5983171911538141
ood,test_ood,penobscot_000_il_0175,penobscot,2,8,21,True,-16.152579060411732,0.8320752027149481
ood,test_ood,penobscot_000_il_0175,penobscot,2,9,21,True,-15.4684872897503,0.7968352700317622
ood,test_ood,penobscot_000_il_0175,penobscot,2,10,21,True,-16.011285277219937,0.8247966713515062
ood,test_ood,penobscot_000_il_0175,penobscot,2,11,21,True,-11.422005387871298,0.5883869946080288
ood,test_ood,penobscot_000_il_0175,penobscot,2,12,21,True,-15.198201687500141,0.7829119240173521
ood,test_ood,penobscot_000_il_0175,penobscot,2,13,21,True,-19.079531441846406,0.9828526412286691
ood,test_ood,penobscot_000_il_0175,penobscot,2,14,21,True,-15.277322321325508,0.7869877014633531
ood,test_ood,penobscot_000_il_0175,penobscot,2,15,21,True,-19.0994094794213,0.9838766276820303
ood,test_ood,penobscot_000_il_0175,penobscot,2,16,21,True,-18.249254498722422,0.9400822048063739
ood,test_ood,penobscot_000_il_0175,penobscot,2,17,21,True,-11.49109049800354,0.5919458075259459
ood,test_ood,penobscot_000_il_0175,penobscot,2,18,21,True,-13.557964481800337,0.6984176336424948
ood,test_ood,penobscot_000_il_0175,penobscot,2,19,21,True,-18.35806932416152,0.9456876327443521
ood,test_ood,penobscot_000_il_0175,penobscot,2,20,21,True,-16.668411110733633,0.8586474953645109
ood,test_ood,penobscot_000_il_0175,penobscot,2,21,21,True,-18.763807611694546,0.9665886149705086
ood,test_ood,penobscot_000_il_0175,penobscot,2,22,21,True,-12.526627560884016,0.6452899025025131
ood,test_ood,penobscot_000_il_0175,penobscot,2,23,21,True,-11.783861211527913,0.6070274393751809
ood,test_ood,penobscot_000_il_0175,penobscot,2,24,21,True,-15.975520045223385,0.8229542805758676
ood,test_ood,penobscot_000_il_0175,penobscot,2,25,21,True,-14.97414258000688,0.7713698645982148
ood,test_ood,penobscot_000_il_0175,penobscot,2,26,21,True,-19.07044225519941,0.9823844257942466
ood,test_ood,penobscot_000_il_0175,penobscot,2,27,21,True,-11.061248672222662,0.5698031686950625
ood,test_ood,penobscot_000_il_0175,penobscot,2,28,21,True,-14.077705322032557,0.7251912815768601
ood,test_ood,penobscot_000_il_0175,penobscot,2,29,21,True,-14.93928453802107,0.7695742063170752
ood,test_ood,penobscot_000_il_0175,penobscot,2,30,21,True,-17.737580559151823,0.913724110820279
ood,test_ood,penobscot_000_il_0175,penobscot,2,31,21,True,-18.761442910591974,0.9664668010396235
ood,test_ood,penobscot_000_il_0175,penobscot,2,32,21,True,-11.291624700974161,0.5816706345720059
ood,test_ood,penobscot_000_il_0175,penobscot,2,33,21,True,-16.55050182818737,0.8525735804924823
ood,test_ood,penobscot_000_il_0175,penobscot,2,34,21,True,-11.425889696004973,0.5885870887518584
ood,test_ood,penobscot_000_il_0175,penobscot,2,35,21,True,-16.712591291657223,0.8609233692581155
ood,test_ood,penobscot_000_il_0175,penobscot,2,36,21,True,-14.265062494560471,0.7348426974113348
ood,test_ood,penobscot_000_il_0175,penobscot,2,37,21,True,-15.433976361680543,0.795057492788752
ood,test_ood,penobscot_000_il_0175,penobscot,2,38,21,True,-12.40891976199655,0.6392263667504755
ood,test_ood,penobscot_000_il_0175,penobscot,2,39,21,True,-14.228238800124943,0.7329457815753212
ood,test_ood,penobscot_000_il_0175,penobscot,2,40,21,True,-18.29742304070198,0.9425635329696491
ood,test_ood,penobscot_000_il_0175,penobscot,2,41,21,True,-11.49109049800354,0.5919458075259459
ood,test_ood,penobscot_000_il_0175,penobscot,2,42,21,True,-14.55280307209134,0.7496652095614291
ood,test_ood,penobscot_000_il_0175,penobscot,2,43,21,True,-6.839254770208614,0.35231366322719276
ood,test_ood,penobscot_000_il_0175,penobscot,2,44,21,True,-13.114639258543953,0.6755804183823145
ood,test_ood,penobscot_000_il_0175,penobscot,2,45,21,True,-19.078551554714675,0.9828021638540826
ood,test_ood,penobscot_000_il_0175,penobscot,2,46,21,True,-14.909049066402867,0.7680166726203322
ood,test_ood,penobscot_000_il_0175,penobscot,2,47,21,True,-18.672478193754134,0.9618839208369967
ood,test_ood,penobscot_000_il_0175,penobscot,2,48,21,True,-14.10622904487149,0.7266606371747879
ood,test_ood,penobscot_000_il_0175,penobscot,2,49,21,True,-10.920989216524777,0.5625779191175172
ood,test_ood,penobscot_000_il_0175,penobscot,2,50,21,True,-18.956840435862762,0.9765324032472715
ood,test_ood,penobscot_000_il_0175,penobscot,2,51,21,True,-19.10144276030225,0.9839813690112544
ood,test_ood,penobscot_000_il_0175,penobscot,2,52,21,True,-15.976100204531459,0.822984166588006
ood,test_ood,penobscot_000_il_0175,penobscot,2,53,21,True,-19.044912129695685,0.9810692807468582
ood,test_ood,penobscot_000_il_0175,penobscot,2,54,21,True,-11.778607329420675,0.6067567937400119
ood,test_ood,penobscot_000_il_0175,penobscot,2,55,21,True,-18.952582425122664,0.9763130583899287
ood,test_ood,penobscot_000_il_0175,penobscot,2,56,21,True,-15.752565431266635,0.8114691174381133
ood,test_ood,penobscot_000_il_0175,penobscot,2,57,21,True,-13.355901495112878,0.6880086704682346
ood,test_ood,penobscot_000_il_0175,penobscot,2,58,21,True,-19.06312801184952,0.982007643826779
ood,test_ood,penobscot_000_il_0175,penobscot,2,59,21,True,-15.640645058235467,0.8057037120047433
ood,test_ood,penobscot_000_il_0175,penobscot,2,60,21,True,-16.416527649967584,0.8456721072922043
ood,test_ood,penobscot_000_il_0175,penobscot,2,61,21,True,-13.598904013307695,0.7005265704785654
ood,test_ood,penobscot_000_il_0175,penobscot,2,62,21,True,-14.584868497955156,0.7513170105293111
ood,test_ood,penobscot_000_il_0175,penobscot,2,63,21,True,-14.587086643241603,0.7514312748633207
ood,test_ood,penobscot_000_il_0175,penobscot,2,64,21,True,-16.405468626727426,0.8451024187632105
ood,test_ood,penobscot_000_il_0175,penobscot,2,65,21,True,-18.382059534274212,0.9469234514249502
ood,test_ood,penobscot_000_il_0175,penobscot,2,66,21,True,-15.247653963107398,0.785459381738916
ood,test_ood,penobscot_000_il_0175,penobscot,2,67,21,True,-13.241685861435244,0.6821250282219967
ood,test_ood,penobscot_000_il_0175,penobscot,2,68,21,True,-14.661606681828196,0.7552700597398011
ood,test_ood,penobscot_000_il_0175,penobscot,2,69,21,True,-18.411769344058957,0.9484539064629229
ood,test_ood,penobscot_000_il_0175,penobscot,2,70,21,True,-14.570506893268446,0.7505771946097411
ood,test_ood,penobscot_000_il_0175,penobscot,2,71,21,True,-13.343967905903318,0.6873939300219242
ood,test_ood,penobscot_000_il_0175,penobscot,2,72,21,True,-18.349846253202095,0.9452640339240082
ood,test_ood,penobscot_000_il_0175,penobscot,2,73,21,True,-16.717609169278482,0.8611818574861124
ood,test_ood,penobscot_000_il_0175,penobscot,2,74,21,True,-12.603623647626229,0.6492562371816174
ood,test_ood,penobscot_000_il_0175,penobscot,2,75,21,True,-18.23441269497667,0.9393176521727535
ood,test_ood,penobscot_000_il_0175,penobscot,2,76,21,True,-14.265062494560471,0.7348426974113348
ood,test_ood,penobscot_000_il_0175,penobscot,2,77,21,True,-16.11747489582719,0.8302668658076602
ood,test_ood,penobscot_000_il_0175,penobscot,2,78,21,True,-11.03681406213266,0.5685444574349062
ood,test_ood,penobscot_000_il_0175,penobscot,2,79,21,True,-18.227756933324972,0.9389747908745762
ood,test_ood,penobscot_000_il_0175,penobscot,2,80,21,True,-15.84002799351285,0.8159746164633036
ood,test_ood,penobscot_000_il_0175,penobscot,2,81,21,True,-13.694885944448593,0.7054709316553369
ood,test_ood,penobscot_000_il_0175,penobscot,2,82,21,True,-18.910369502371424,0.9741385247675232
ood,test_ood,penobscot_000_il_0175,penobscot,2,83,21,True,-14.424119056407697,0.7430362509266702
ood,test_ood,penobscot_000_il_0175,penobscot,2,84,21,True,-16.182441918730813,0.8336135418121634
ood,test_ood,penobscot_000_il_0175,penobscot,2,85,21,True,-16.109748326648038,0.8298688435109116
ood,test_ood,penobscot_000_il_0175,penobscot,2,86,21,True,-14.46934947342665,0.7453662261132442
ood,test_ood,penobscot_000_il_0175,penobscot,2,87,21,True,-14.272340471914193,0.7352176111919332
ood,test_ood,penobscot_000_il_0175,penobscot,2,88,21,True,-11.739625465120355,0.6047487031113523
ood,test_ood,penobscot_000_il_0175,penobscot,2,89,21,True,-14.916290597074827,0.7683897089063209
ood,test_ood,penobscot_000_il_0175,penobscot,2,90,21,True,-16.047559408668953,0.8266652772977062
ood,test_ood,penobscot_000_il_0175,penobscot,2,91,21,True,-16.463857516044605,0.8481102323596138
ood,test_ood,penobscot_000_il_0175,penobscot,2,92,21,True,-18.867076429677333,0.9719083488864233
ood,test_ood,penobscot_000_il_0175,penobscot,2,93,21,True,-15.710111134856339,0.8092821498238647
ood,test_ood,penobscot_000_il_0175,penobscot,2,94,21,True,-16.487480142171677,0.8493271155180143
ood,test_ood,penobscot_000_il_0175,penobscot,2,95,21,True,-16.126541084661028,0.8307338965452006
ood,test_ood,penobscot_000_il_0175,penobscot,2,96,21,True,-15.8627888406543,0.8171471064061387
ood,test_ood,penobscot_000_il_0175,penobscot,2,97,21,True,-19.02492906054954,0.980039883754065
ood,test_ood,penobscot_000_il_0175,penobscot,2,98,21,True,-15.977331001792406,0.8230475692109913
ood,test_ood,penobscot_000_il_0175,penobscot,2,99,21,True,-19.074816111565163,0.9826097382603595
ood,test_ood,penobscot_000_il_0177,penobscot,3,0,21,True,-18.147751389980304,0.9333407798739596
ood,test_ood,penobscot_000_il_0177,penobscot,3,1,21,True,-19.190890513685797,0.9869895357068098
ood,test_ood,penobscot_000_il_0177,penobscot,3,2,21,True,-11.117081346376082,0.5717526734181343
ood,test_ood,penobscot_000_il_0177,penobscot,3,3,21,True,-13.62682640644904,0.7008291281984561
ood,test_ood,penobscot_000_il_0177,penobscot,3,4,21,True,-16.63362494595028,0.8554690961744015
ood,test_ood,penobscot_000_il_0177,penobscot,3,5,21,True,-14.96749679706431,0.7697799486632796
ood,test_ood,penobscot_000_il_0177,penobscot,3,6,21,True,-16.808127708193815,0.86444379175528
ood,test_ood,penobscot_000_il_0177,penobscot,3,7,21,True,-13.120028647317813,0.6747644656636211
ood,test_ood,penobscot_000_il_0177,penobscot,3,8,21,True,-15.587852569542536,0.8016849118756263
ood,test_ood,penobscot_000_il_0177,penobscot,3,9,21,True,-15.637498623658034,0.8042382137073572
ood,test_ood,penobscot_000_il_0177,penobscot,3,10,21,True,-10.703994221417274,0.5505075587436069
ood,test_ood,penobscot_000_il_0177,penobscot,3,11,21,True,-10.792876786680056,0.5550787985075241
ood,test_ood,penobscot_000_il_0177,penobscot,3,12,21,True,-16.518958361299866,0.8495717815571097
ood,test_ood,penobscot_000_il_0177,penobscot,3,13,21,True,-18.837910563522765,0.9688357394107614
ood,test_ood,penobscot_000_il_0177,penobscot,3,14,21,True,-14.991399250751781,0.7710092543930177
ood,test_ood,penobscot_000_il_0177,penobscot,3,15,21,True,-10.883330106714268,0.5597308223560289
ood,test_ood,penobscot_000_il_0177,penobscot,3,16,21,True,-19.033100214200772,0.9788743638591718
ood,test_ood,penobscot_000_il_0177,penobscot,3,17,21,True,-17.869433723574897,0.919026872754924
ood,test_ood,penobscot_000_il_0177,penobscot,3,18,21,True,-14.272800742855019,0.7340516568723169
ood,test_ood,penobscot_000_il_0177,penobscot,3,19,21,True,-18.951956104772314,0.9747011137000398
ood,test_ood,penobscot_000_il_0177,penobscot,3,20,21,True,-14.510468186990796,0.7462749187461163
ood,test_ood,penobscot_000_il_0177,penobscot,3,21,21,True,-17.995406399758558,0.9255056608596028
ood,test_ood,penobscot_000_il_0177,penobscot,3,22,21,True,-17.863418134033772,0.9187174903464339
ood,test_ood,penobscot_000_il_0177,penobscot,3,23,21,True,-14.426333391825674,0.7419478573021676
ood,test_ood,penobscot_000_il_0177,penobscot,3,24,21,True,-18.308107205936015,0.9415878965059441
ood,test_ood,penobscot_000_il_0177,penobscot,3,25,21,True,-18.629444261627114,0.9581142953812734
ood,test_ood,penobscot_000_il_0177,penobscot,3,26,21,True,-13.955819063471465,0.7177492554626883
ood,test_ood,penobscot_000_il_0177,penobscot,3,27,21,True,-13.164525122504724,0.6770529241045675
ood,test_ood,penobscot_000_il_0177,penobscot,3,28,21,True,-19.10529885481089,0.9825875476076606
ood,test_ood,penobscot_000_il_0177,penobscot,3,29,21,True,-11.899102265613024,0.6119720922846141
ood,test_ood,penobscot_000_il_0177,penobscot,3,30,21,True,-14.831740432241958,0.7627979844136421
ood,test_ood,penobscot_000_il_0177,penobscot,3,31,21,True,-14.147478568384035,0.727606324139754
ood,test_ood,penobscot_000_il_0177,penobscot,3,32,21,True,-13.691087367640652,0.7041340762520834
ood,test_ood,penobscot_000_il_0177,penobscot,3,33,21,True,-16.179378010968456,0.8321071281024023
ood,test_ood,penobscot_000_il_0177,penobscot,3,34,21,True,-15.718053004538488,0.808381134064682
ood,test_ood,penobscot_000_il_0177,penobscot,3,35,21,True,-16.307552367726416,0.8386991488726655
ood,test_ood,penobscot_000_il_0177,penobscot,3,36,21,True,-15.310521607419844,0.7874217510625626
ood,test_ood,penobscot_000_il_0177,penobscot,3,37,21,True,-11.360549697741098,0.5842742765663411
ood,test_ood,penobscot_000_il_0177,penobscot,3,38,21,True,-15.089696971862203,0.77606471662134
ood,test_ood,penobscot_000_il_0177,penobscot,3,39,21,True,-18.95372037403387,0.9747918502553901
ood,test_ood,penobscot_000_il_0177,penobscot,3,40,21,True,-16.203567961337576,0.8333512198169873
ood,test_ood,penobscot_000_il_0177,penobscot,3,41,21,True,-18.151529927400897,0.9335351104544891
ood,test_ood,penobscot_000_il_0177,penobscot,3,42,21,True,-16.380359962782073,0.842443651212912
ood,test_ood,penobscot_000_il_0177,penobscot,3,43,21,True,-14.616405512207443,0.7517232866243568
ood,test_ood,penobscot_000_il_0177,penobscot,3,44,21,True,-17.703888769070108,0.9105128781766754
ood,test_ood,penobscot_000_il_0177,penobscot,3,45,21,True,-14.57549889538824,0.7496194549802273
ood,test_ood,penobscot_000_il_0177,penobscot,3,46,21,True,-18.272243010453884,0.9397433971262952
ood,test_ood,penobscot_000_il_0177,penobscot,3,47,21,True,-18.22338607532542,0.9372306797678115
ood,test_ood,penobscot_000_il_0177,penobscot,3,48,21,True,-17.723804447861976,0.9115371436504456
ood,test_ood,penobscot_000_il_0177,penobscot,3,49,21,True,-18.31319057432956,0.9418493346818844
ood,test_ood,penobscot_000_il_0177,penobscot,3,50,21,True,-14.968017939728684,0.7698067510858133
ood,test_ood,penobscot_000_il_0177,penobscot,3,51,21,True,-12.938081154037747,0.6654068867754792
ood,test_ood,penobscot_000_il_0177,penobscot,3,52,21,True,-18.447454387955844,0.9487545368651148
ood,test_ood,penobscot_000_il_0177,penobscot,3,53,21,True,-15.57456182812422,0.8010013676340337
ood,test_ood,penobscot_000_il_0177,penobscot,3,54,21,True,-10.305038738186923,0.5299892359028613
ood,test_ood,penobscot_000_il_0177,penobscot,3,55,21,True,-16.013452729416876,0.8235735732637759
ood,test_ood,penobscot_000_il_0177,penobscot,3,56,21,True,-14.186027675384743,0.7295889088037336
ood,test_ood,penobscot_000_il_0177,penobscot,3,57,21,True,-18.22338607532542,0.9372306797678115
ood,test_ood,penobscot_000_il_0177,penobscot,3,58,21,True,-18.610705848104665,0.9571505767852444
ood,test_ood,penobscot_000_il_0177,penobscot,3,59,21,True,-18.871986922353507,0.9705882901616996
ood,test_ood,penobscot_000_il_0177,penobscot,3,60,21,True,-13.82590214154527,0.7110676143808974
ood,test_ood,penobscot_000_il_0177,penobscot,3,61,21,True,-15.459706195250408,0.795094330246551
ood,test_ood,penobscot_000_il_0177,penobscot,3,62,21,True,-15.653406154504742,0.8050563397069522
ood,test_ood,penobscot_000_il_0177,penobscot,3,63,21,True,-17.023265935483337,0.8755083736158166
ood,test_ood,penobscot_000_il_0177,penobscot,3,64,21,True,-11.766417222560419,0.6051480864395317
ood,test_ood,penobscot_000_il_0177,penobscot,3,65,21,True,-12.339147799032977,0.6346036807671956
ood,test_ood,penobscot_000_il_0177,penobscot,3,66,21,True,-15.90444941741221,0.8179675213596568
ood,test_ood,penobscot_000_il_0177,penobscot,3,67,21,True,-15.372042734265241,0.790585789145006
ood,test_ood,penobscot_000_il_0177,penobscot,3,68,21,True,-13.320094040787795,0.6850538500812499
ood,test_ood,penobscot_000_il_0177,penobscot,3,69,21,True,-19.20000705847919,0.9874584005730065
ood,test_ood,penobscot_000_il_0177,penobscot,3,70,21,True,-7.282008918188481,0.3745144914484385
ood,test_ood,penobscot_000_il_0177,penobscot,3,71,21,True,-14.29917504090466,0.7354080898199199
ood,test_ood,penobscot_000_il_0177,penobscot,3,72,21,True,-18.77907611541235,0.9658098775007762
ood,test_ood,penobscot_000_il_0177,penobscot,3,73,21,True,-17.894700659444492,0.920326353948091
ood,test_ood,penobscot_000_il_0177,penobscot,3,74,21,True,-12.886605816731642,0.6627595047151278
ood,test_ood,penobscot_000_il_0177,penobscot,3,75,21,True,-19.070246491049417,0.9807848008195588
ood,test_ood,penobscot_000_il_0177,penobscot,3,76,21,True,-16.262155110550616,0.8363643631184372
ood,test_ood,penobscot_000_il_0177,penobscot,3,77,21,True,-13.761490955941529,0.7077549402698122
ood,test_ood,penobscot_000_il_0177,penobscot,3,78,21,True,-18.98702193856204,0.9765045532531241
ood,test_ood,penobscot_000_il_0177,penobscot,3,79,21,True,-14.147478568384035,0.727606324139754
ood,test_ood,penobscot_000_il_0177,penobscot,3,80,21,True,-12.29283638168046,0.632221879658066
ood,test_ood,penobscot_000_il_0177,penobscot,3,81,21,True,-16.069949462273264,0.8264792062301625
ood,test_ood,penobscot_000_il_0177,penobscot,3,82,21,True,-11.220359008687167,0.5770642545508916
ood,test_ood,penobscot_000_il_0177,penobscot,3,83,21,True,-19.158244751210788,0.985310560678266
ood,test_ood,penobscot_000_il_0177,penobscot,3,84,21,True,-14.209200430350034,0.7307806860507525
ood,test_ood,penobscot_000_il_0177,penobscot,3,85,21,True,-11.52486969082415,0.5927252712486739
ood,test_ood,penobscot_000_il_0177,penobscot,3,86,21,True,-18.056771417843052,0.928661670251906
ood,test_ood,penobscot_000_il_0177,penobscot,3,87,21,True,-15.988999814677394,0.8223159572637164
ood,test_ood,penobscot_000_il_0177,penobscot,3,88,21,True,-13.40513304595191,0.6894274151414043
ood,test_ood,penobscot_000_il_0177,penobscot,3,89,21,True,-19.115272183826278,0.9831004769773183
ood,test_ood,penobscot_000_il_0177,penobscot,3,90,21,True,-16.654827911999753,0.8565595669684403
ood,test_ood,penobscot_000_il_0177,penobscot,3,91,21,True,-15.034491654742068,0.7732255013033176
ood,test_ood,penobscot_000_il_0177,penobscot,3,92,21,True,-15.046279196514908,0.7738317358276195
ood,test_ood,penobscot_000_il_0177,penobscot,3,93,21,True,-11.650037266849644,0.5991626529667783
ood,test_ood,penobscot_000_il_0177,penobscot,3,94,21,True,-18.433858836902626,0.948055316231652
ood,test_ood,penobscot_000_il_0177,penobscot,3,95,21,True,-16.10891604826969,0.8284832618831957
ood,test_ood,penobscot_000_il_0177,penobscot,3,96,21,True,-18.993918514577118,0.9768592448894624
ood,test_ood,penobscot_000_il_0177,penobscot,3,97,21,True,-19.062302718619264,0.9803762517604621
ood,test_ood,penobscot_000_il_0177,penobscot,3,98,21,True,-17.94286629271564,0.9228035175786906
ood,test_ood,penobscot_000_il_0177,penobscot,3,99,21,True,-14.968271042319916,0.7698197681789404
ood,test_ood,penobscot_000_il_0180,penobscot,4,0,21,True,-15.211625004469406,0.8041021961938263
ood,test_ood,penobscot_000_il_0180,penobscot,4,1,21,True,-17.51768656378515,0.9260029900839677
ood,test_ood,penobscot_000_il_0180,penobscot,4,2,21,True,-18.5826205583979,0.9822965000553203
ood,test_ood,penobscot_000_il_0180,penobscot,4,3,21,True,-15.477894163699963,0.818177458741586
ood,test_ood,penobscot_000_il_0180,penobscot,4,4,21,True,-15.004337013070192,0.7931447390464311
ood,test_ood,penobscot_000_il_0180,penobscot,4,5,21,True,-13.711521226888701,0.7248051623978385
ood,test_ood,penobscot_000_il_0180,penobscot,4,6,21,True,-10.27709871292302,0.5432580439719032
ood,test_ood,penobscot_000_il_0180,penobscot,4,7,21,True,-15.826152157969437,0.8365867357223072
ood,test_ood,penobscot_000_il_0180,penobscot,4,8,21,True,-13.310000893516504,0.7035803832052013
ood,test_ood,penobscot_000_il_0180,penobscot,4,9,21,True,-17.268170940988174,0.9128133367618034
ood,test_ood,penobscot_000_il_0180,penobscot,4,10,21,True,-15.857511796808023,0.8382444385945871
ood,test_ood,penobscot_000_il_0180,penobscot,4,11,21,True,-7.818356154080652,0.41328637487938485
ood,test_ood,penobscot_000_il_0180,penobscot,4,12,21,True,-18.212580795757148,0.9627358163196216
ood,test_ood,penobscot_000_il_0180,penobscot,4,13,21,True,-13.541030130194528,0.715792827079094
ood,test_ood,penobscot_000_il_0180,penobscot,4,14,21,True,-18.52463515381504,0.9792313317279021
ood,test_ood,penobscot_000_il_0180,penobscot,4,15,21,True,-15.43877804340228,0.8161097402546584
ood,test_ood,penobscot_000_il_0180,penobscot,4,16,21,True,-11.433663339620386,0.6043952437184259
ood,test_ood,penobscot_000_il_0180,penobscot,4,17,21,True,-13.970429357610907,0.7384913133820361
ood,test_ood,penobscot_000_il_0180,penobscot,4,18,21,True,-18.479258193036195,0.9768326587519279
ood,test_ood,penobscot_000_il_0180,penobscot,4,19,21,True,-18.614813668471314,0.9839982610772189
ood,test_ood,penobscot_000_il_0180,penobscot,4,20,21,True,-18.596124620909364,0.9830103387359228
ood,test_ood,penobscot_000_il_0180,penobscot,4,21,21,True,-12.487872403711995,0.6601218227942602
ood,test_ood,penobscot_000_il_0180,penobscot,4,22,21,True,-15.43335114007269,0.8158228685440704
ood,test_ood,penobscot_000_il_0180,penobscot,4,23,21,True,-13.918319797473735,0.7357367482559117
ood,test_ood,penobscot_000_il_0180,penobscot,4,24,21,True,-14.422964503513935,0.7624127882125429
ood,test_ood,penobscot_000_il_0180,penobscot,4,25,21,True,-13.42074211460101,0.7094342784371095
ood,test_ood,penobscot_000_il_0180,penobscot,4,26,21,True,-18.583446900760876,0.9823401813654161
ood,test_ood,penobscot_000_il_0180,penobscot,4,27,21,True,-14.857238167374001,0.7853689422563361
ood,test_ood,penobscot_000_il_0180,penobscot,4,28,21,True,-17.560172100821564,0.9282488194169561
ood,test_ood,penobscot_000_il_0180,penobscot,4,29,21,True,-18.529039638593837,0.9794641573387549
ood,test_ood,penobscot_000_il_0180,penobscot,4,30,21,True,-11.378668715752521,0.6014881711460999
ood,test_ood,penobscot_000_il_0180,penobscot,4,31,21,True,-10.858731523402142,0.574003754581206
ood,test_ood,penobscot_000_il_0180,penobscot,4,32,21,True,-17.529272306412455,0.926615424395779
ood,test_ood,penobscot_000_il_0180,penobscot,4,33,21,True,-15.882205367041468,0.8395497662009893
ood,test_ood,penobscot_000_il_0180,penobscot,4,34,21,True,-10.29623332449918,0.5442695192868146
ood,test_ood,penobscot_000_il_0180,penobscot,4,35,21,True,-14.89291433833807,0.7872548214714473
ood,test_ood,penobscot_000_il_0180,penobscot,4,36,21,True,-14.246174505925616,0.7530674864920427
ood,test_ood,penobscot_000_il_0180,penobscot,4,37,21,True,-14.041673512585536,0.7422573529382466
ood,test_ood,penobscot_000_il_0180,penobscot,4,38,21,True,-18.503850100556875,0.9781326123624179
ood,test_ood,penobscot_000_il_0180,penobscot,4,39,21,True,-18.5537294912407,0.9807692884296946
ood,test_ood,penobscot_000_il_0180,penobscot,4,40,21,True,-15.368308270787985,0.8123846353491809
ood,test_ood,penobscot_000_il_0180,penobscot,4,41,21,True,-12.722804001567885,0.672540549507267
ood,test_ood,penobscot_000_il_0180,penobscot,4,42,21,True,-15.750069730354028,0.8325649400811884
ood,test_ood,penobscot_000_il_0180,penobscot,4,43,21,True,-12.673445297067797,0.6699313974490126
ood,test_ood,penobscot_000_il_0180,penobscot,4,44,21,True,-16.141356490758948,0.8532487620456874
ood,test_ood,penobscot_000_il_0180,penobscot,4,45,21,True,-17.702988744689574,0.935798254599164
ood,test_ood,penobscot_000_il_0180,penobscot,4,46,21,True,-15.141028471128685,0.800370390585532
ood,test_ood,penobscot_000_il_0180,penobscot,4,47,21,True,-15.860907486779924,0.838423938270867
ood,test_ood,penobscot_000_il_0180,penobscot,4,48,21,True,-10.36082782656474,0.5476840513277833
ood,test_ood,penobscot_000_il_0180,penobscot,4,49,21,True,-10.68099599854655,0.5646084713135701
ood,test_ood,penobscot_000_il_0180,penobscot,4,50,21,True,-10.588381747321876,0.5597127864155579
ood,test_ood,penobscot_000_il_0180,penobscot,4,51,21,True,-15.92587264627937,0.841858063646311
ood,test_ood,penobscot_000_il_0180,penobscot,4,52,21,True,-15.791209149640162,0.8347396122406977
ood,test_ood,penobscot_000_il_0180,penobscot,4,53,21,True,-15.320682623069702,0.8098670944609346
ood,test_ood,penobscot_000_il_0180,penobscot,4,54,21,True,-15.995489163872188,0.8455380646107907
ood,test_ood,penobscot_000_il_0180,penobscot,4,55,21,True,-13.556179994858187,0.7165936645599355
ood,test_ood,penobscot_000_il_0180,penobscot,4,56,21,True,-18.56599068118362,0.9814174275836739
ood,test_ood,penobscot_000_il_0180,penobscot,4,57,21,True,-18.51452571146577,0.9786969361723349
ood,test_ood,penobscot_000_il_0180,penobscot,4,58,21,True,-11.280291380556266,0.5962878436818241
ood,test_ood,penobscot_000_il_0180,penobscot,4,59,21,True,-14.281970798904503,0.7549597154808237
ood,test_ood,penobscot_000_il_0180,penobscot,4,60,21,True,-10.905708311886016,0.5764869961006963
ood,test_ood,penobscot_000_il_0180,penobscot,4,61,21,True,-14.201285590578387,0.7506946121012489
ood,test_ood,penobscot_000_il_0180,penobscot,4,62,21,True,-15.99959590538999,0.8457551512055956
ood,test_ood,penobscot_000_il_0180,penobscot,4,63,21,True,-14.449310017293325,0.7638054392595963
ood,test_ood,penobscot_000_il_0180,penobscot,4,64,21,True,-18.133932075746486,0.958578363814066
ood,test_ood,penobscot_000_il_0180,penobscot,4,65,21,True,-18.11194527940357,0.957416119068918
ood,test_ood,penobscot_000_il_0180,penobscot,4,66,21,True,-18.539133677124063,0.9799977386325509
ood,test_ood,penobscot_000_il_0180,penobscot,4,67,21,True,-13.711108443694041,0.7247833422521751
ood,test_ood,penobscot_000_il_0180,penobscot,4,68,21,True,-18.54636434904288,0.9803799594122616
ood,test_ood,penobscot_000_il_0180,penobscot,4,69,21,True,-13.837178423211293,0.7314475314741776
ood,test_ood,penobscot_000_il_0180,penobscot,4,70,21,True,-15.160273921736136,0.801387724966024
ood,test_ood,penobscot_000_il_0180,penobscot,4,71,21,True,-10.505791169984896,0.5553469632637202
ood,test_ood,penobscot_000_il_0180,penobscot,4,72,21,True,-18.446510334265277,0.9751015731413767
ood,test_ood,penobscot_000_il_0180,penobscot,4,73,21,True,-12.709191730575817,0.6718209908147084
ood,test_ood,penobscot_000_il_0180,penobscot,4,74,21,True,-15.911257723476075,0.8410855037442705
ood,test_ood,penobscot_000_il_0180,penobscot,4,75,21,True,-12.495005197410022,0.6604988696302094
ood,test_ood,penobscot_000_il_0180,penobscot,4,76,21,True,-13.897300848861306,0.73462566494062
ood,test_ood,penobscot_000_il_0180,penobscot,4,77,21,True,-16.141356490758948,0.8532487620456874
ood,test_ood,penobscot_000_il_0180,penobscot,4,78,21,True,-18.524519545650215,0.979225220561001
ood,test_ood,penobscot_000_il_0180,penobscot,4,79,21,True,-11.009501287156583,0.5819735998882622
ood,test_ood,penobscot_000_il_0180,penobscot,4,80,21,True,-18.67339613507166,0.987094990719052
ood,test_ood,penobscot_000_il_0180,penobscot,4,81,21,True,-14.741630492948488,0.7792578012786234
ood,test_ood,penobscot_000_il_0180,penobscot,4,82,21,True,-13.459803448755359,0.7114991008719609
ood,test_ood,penobscot_000_il_0180,penobscot,4,83,21,True,-10.829432839811798,0.5724549959302622
ood,test_ood,penobscot_000_il_0180,penobscot,4,84,21,True,-17.36996187078412,0.9181941103594616
ood,test_ood,penobscot_000_il_0180,penobscot,4,85,21,True,-13.961995150642164,0.7380454724975334
ood,test_ood,penobscot_000_il_0180,penobscot,4,86,21,True,-14.105205768118516,0.7456157335312608
ood,test_ood,penobscot_000_il_0180,penobscot,4,87,21,True,-15.546195382325653,0.8217879316452695
ood,test_ood,penobscot_000_il_0180,penobscot,4,88,21,True,-12.257032643988223,0.6479193948677104
ood,test_ood,penobscot_000_il_0180,penobscot,4,89,21,True,-14.479173931598108,0.7653840765894259
ood,test_ood,penobscot_000_il_0180,penobscot,4,90,21,True,-13.888738236096561,0.7341730363932253
ood,test_ood,penobscot_000_il_0180,penobscot,4,91,21,True,-9.079579798400772,0.4799559583059691
ood,test_ood,penobscot_000_il_0180,penobscot,4,92,21,True,-17.49596815914528,0.9248549328012243
ood,test_ood,penobscot_000_il_0180,penobscot,4,93,21,True,-17.70412399591952,0.9358582651507629
ood,test_ood,penobscot_000_il_0180,penobscot,4,94,21,True,-14.048976773538243,0.7426434108492013
ood,test_ood,penobscot_000_il_0180,penobscot,4,95,21,True,-17.569764133144506,0.928755864144562
ood,test_ood,penobscot_000_il_0180,penobscot,4,96,21,True,-13.620153809740799,0.719975386435862
ood,test_ood,penobscot_000_il_0180,penobscot,4,97,21,True,-17.028915680669485,0.9001660567889761
ood,test_ood,penobscot_000_il_0180,penobscot,4,98,21,True,-12.909595231327224,0.6824145266816385
ood,test_ood,penobscot_000_il_0180,penobscot,4,99,21,True,-17.867435878077476,0.9444910997801453
ood,test_ood,penobscot_000_il_0206,penobscot,5,0,21,True,-18.99045339861349,0.9385836691832989
ood,test_ood,penobscot_000_il_0206,penobscot,5,1,21,True,-17.043445852985545,0.8423548194689225
ood,test_ood,penobscot_000_il_0206,penobscot,5,2,21,True,-17.416983735427237,0.8608165459439038
ood,test_ood,penobscot_000_il_0206,penobscot,5,3,21,True,-19.882916842117247,0.9826927589366204
ood,test_ood,penobscot_000_il_0206,penobscot,5,4,21,True,-11.761898213754117,0.5813197478914237
ood,test_ood,penobscot_000_il_0206,penobscot,5,5,21,True,-19.75552442368068,0.9763965193991775
ood,test_ood,penobscot_000_il_0206,penobscot,5,6,21,True,-19.80816877540094,0.9789984124536626
ood,test_ood,penobscot_000_il_0206,penobscot,5,7,21,True,-16.024922570477813,0.792015351548977
ood,test_ood,penobscot_000_il_0206,penobscot,5,8,21,True,-19.897636417648126,0.9834202588504244
ood,test_ood,penobscot_000_il_0206,penobscot,5,9,21,True,-19.689308793004344,0.9731238798105919
ood,test_ood,penobscot_000_il_0206,penobscot,5,10,21,True,-19.889603319525328,0.9830232312201338
ood,test_ood,penobscot_000_il_0206,penobscot,5,11,21,True,-16.04807873816188,0.7931598213714152
ood,test_ood,penobscot_000_il_0206,penobscot,5,12,21,True,-19.645079660107825,0.9709379003098688
ood,test_ood,penobscot_000_il_0206,penobscot,5,13,21,True,-15.455087454169517,0.7638518357514454
ood,test_ood,penobscot_000_il_0206,penobscot,5,14,21,True,-19.78321165081368,0.9777649321846189
ood,test_ood,penobscot_000_il_0206,penobscot,5,15,21,True,-9.468849792296728,0.46798818303349476
ood,test_ood,penobscot_000_il_0206,penobscot,5,16,21,True,-15.442185667904969,0.7632141782065192
ood,test_ood,penobscot_000_il_0206,penobscot,5,17,21,True,-15.251541596616873,0.7537917906425293
ood,test_ood,penobscot_000_il_0206,penobscot,5,18,21,True,-14.141922334954145,0.6989499974453274
ood,test_ood,penobscot_000_il_0206,penobscot,5,19,21,True,-15.192094965326746,0.7508537019015333
ood,test_ood,penobscot_000_il_0206,penobscot,5,20,21,True,-19.891464335834748,0.9831152100412517
ood,test_ood,penobscot_000_il_0206,penobscot,5,21,21,True,-19.79892497662318,0.9785415471860508
ood,test_ood,penobscot_000_il_0206,penobscot,5,22,21,True,-11.451587141356974,0.5659829416127502
ood,test_ood,penobscot_000_il_0206,penobscot,5,23,21,True,-16.54348029166157,0.8176445347188487
ood,test_ood,penobscot_000_il_0206,penobscot,5,24,21,True,-15.865760391781734,0.7841489242162478
ood,test_ood,penobscot_000_il_0206,penobscot,5,25,21,True,-14.409456776362912,0.7121726126393739
ood,test_ood,penobscot_000_il_0206,penobscot,5,26,21,True,-14.102362854203943,0.6969948107094371
ood,test_ood,penobscot_000_il_0206,penobscot,5,27,21,True,-17.637607572875044,0.8717206526818811
ood,test_ood,penobscot_000_il_0206,penobscot,5,28,21,True,-12.07321391413249,0.5967062068770127
ood,test_ood,penobscot_000_il_0206,penobscot,5,29,21,True,-15.865760391781734,0.7841489242162478
ood,test_ood,penobscot_000_il_0206,penobscot,5,30,21,True,-17.32651305041735,0.856345125188025
ood,test_ood,penobscot_000_il_0206,penobscot,5,31,21,True,-14.15166650066794,0.6994315928352219
ood,test_ood,penobscot_000_il_0206,penobscot,5,32,21,True,-15.730531996614253,0.7774653995709998
ood,test_ood,penobscot_000_il_0206,penobscot,5,33,21,True,-19.662093091144058,0.9717787716778239
ood,test_ood,penobscot_000_il_0206,penobscot,5,34,21,True,-13.53272095452288,0.6688408444454071
ood,test_ood,penobscot_000_il_0206,penobscot,5,35,21,True,-11.800027061243394,0.5832042270466622
ood,test_ood,penobscot_000_il_0206,penobscot,5,36,21,True,-17.563285941843134,0.8680473823449699
ood,test_ood,penobscot_000_il_0206,penobscot,5,37,21,True,-17.285144949003868,0.8543005492320537
ood,test_ood,penobscot_000_il_0206,penobscot,5,38,21,True,-14.009762677320879,0.6924181420032397
ood,test_ood,penobscot_000_il_0206,penobscot,5,39,21,True,-15.39572275003247,0.760917796175908
ood,test_ood,penobscot_000_il_0206,penobscot,5,40,21,True,-15.55782861263057,0.7689297120643701
ood,test_ood,penobscot_000_il_0206,penobscot,5,41,21,True,-18.44432285334792,0.9115917274813772
ood,test_ood,penobscot_000_il_0206,penobscot,5,42,21,True,-15.380270044357147,0.760154062057132
ood,test_ood,penobscot_000_il_0206,penobscot,5,43,21,True,-13.262184319331023,0.6554698489048051
ood,test_ood,penobscot_000_il_0206,penobscot,5,44,21,True,-16.24050958667853,0.8026705185661436
ood,test_ood,penobscot_000_il_0206,penobscot,5,45,21,True,-16.960320506677974,0.8382464345398302
ood,test_ood,penobscot_000_il_0206,penobscot,5,46,21,True,-19.833556212694567,0.9802531604865847
ood,test_ood,penobscot_000_il_0206,penobscot,5,47,21,True,-17.14441463653158,0.8473450979706739
ood,test_ood,penobscot_000_il_0206,penobscot,5,48,21,True,-18.564303950984705,0.9175216700945846
ood,test_ood,penobscot_000_il_0206,penobscot,5,49,21,True,-14.3431364682736,0.7088947994770839
ood,test_ood,penobscot_000_il_0206,penobscot,5,50,21,True,-16.948666256809013,0.8376704352008997
ood,test_ood,penobscot_000_il_0206,penobscot,5,51,21,True,-14.54463679167102,0.7188537461597249
ood,test_ood,penobscot_000_il_0206,penobscot,5,52,21,True,-14.595479288451731,0.7213665843830802
ood,test_ood,penobscot_000_il_0206,penobscot,5,53,21,True,-12.736611071935176,0.6294939305519872
ood,test_ood,penobscot_000_il_0206,penobscot,5,54,21,True,-19.787695972035962,0.9779865651587383
ood,test_ood,penobscot_000_il_0206,penobscot,5,55,21,True,-19.65261910139577,0.9713105294577413
ood,test_ood,penobscot_000_il_0206,penobscot,5,56,21,True,-19.871026367009627,0.9821050844077093
ood,test_ood,penobscot_000_il_0206,penobscot,5,57,21,True,-16.583796873275844,0.8196371403879275
ood,test_ood,penobscot_000_il_0206,penobscot,5,58,21,True,-12.562999682766812,0.620913365820997
ood,test_ood,penobscot_000_il_0206,penobscot,5,59,21,True,-16.291744915611474,0.8052027721154561
ood,test_ood,penobscot_000_il_0206,penobscot,5,60,21,True,-17.469797826127923,0.8634268281732921
ood,test_ood,penobscot_000_il_0206,penobscot,5,61,21,True,-12.189184905624625,0.6024379541096228
ood,test_ood,penobscot_000_il_0206,penobscot,5,62,21,True,-16.673842840419006,0.8240875698991343
ood,test_ood,penobscot_000_il_0206,penobscot,5,63,21,True,-17.329560743085135,0.8564957542702607
ood,test_ood,penobscot_000_il_0206,penobscot,5,64,21,True,-19.781713114336803,0.9776908685572089
ood,test_ood,penobscot_000_il_0206,penobscot,5,65,21,True,-15.98792128181102,0.7901866008313174
ood,test_ood,penobscot_000_il_0206,penobscot,5,66,21,True,-10.920858502072269,0.5397522233068425
ood,test_ood,penobscot_000_il_0206,penobscot,5,67,21,True,-19.840925448972385,0.9806173774265141
ood,test_ood,penobscot_000_il_0206,penobscot,5,68,21,True,-19.459016601136195,0.9617419245780934
ood,test_ood,penobscot_000_il_0206,penobscot,5,69,21,True,-14.100343201808116,0.6968949914625575
ood,test_ood,penobscot_000_il_0206,penobscot,5,70,21,True,-12.043844533037197,0.5952546553583915
ood,test_ood,penobscot_000_il_0206,penobscot,5,71,21,True,-16.261469778012966,0.8037064545112484
ood,test_ood,penobscot_000_il_0206,penobscot,5,72,21,True,-19.68912491906306,0.9731147920297555
ood,test_ood,penobscot_000_il_0206,penobscot,5,73,21,True,-13.55212628016881,0.6697999327496276
ood,test_ood,penobscot_000_il_0206,penobscot,5,74,21,True,-14.791647471152409,0.7310619954842004
ood,test_ood,penobscot_000_il_0206,penobscot,5,75,21,True,-11.995442896107349,0.5928624541280927
ood,test_ood,penobscot_000_il_0206,penobscot,5,76,21,True,-11.184738602879724,0.5527942264671465
ood,test_ood,penobscot_000_il_0206,penobscot,5,77,21,True,-16.976186038949752,0.8390305721894493
ood,test_ood,penobscot_000_il_0206,penobscot,5,78,21,True,-19.639719784438356,0.9706729939557853
ood,test_ood,penobscot_000_il_0206,penobscot,5,79,21,True,-18.856687849272227,0.9319724441916822
ood,test_ood,penobscot_000_il_0206,penobscot,5,80,21,True,-16.301894178297967,0.8057043890074725
ood,test_ood,penobscot_000_il_0206,penobscot,5,81,21,True,-17.110120933175615,0.8456501668781873
ood,test_ood,penobscot_000_il_0206,penobscot,5,82,21,True,-16.323544333720033,0.8067744257194929
ood,test_ood,penobscot_000_il_0206,penobscot,5,83,21,True,-17.454096142022465,0.8626507885511345
ood,test_ood,penobscot_000_il_0206,penobscot,5,84,21,True,-14.699687608724787,0.7265169736628039
ood,test_ood,penobscot_000_il_0206,penobscot,5,85,21,True,-19.92113750609417,0.9845817760275289
ood,test_ood,penobscot_000_il_0206,penobscot,5,86,21,True,-19.884682443505444,0.9827800219731824
ood,test_ood,penobscot_000_il_0206,penobscot,5,87,21,True,-14.409456776362912,0.7121726126393739
ood,test_ood,penobscot_000_il_0206,penobscot,5,88,21,True,-20.02081546914986,0.9895082570513237
ood,test_ood,penobscot_000_il_0206,penobscot,5,89,21,True,-17.138270831319975,0.847041446703523
ood,test_ood,penobscot_000_il_0206,penobscot,5,90,21,True,-16.583796873275844,0.8196371403879275
ood,test_ood,penobscot_000_il_0206,penobscot,5,91,21,True,-17.718971177928005,0.875741965357552
ood,test_ood,penobscot_000_il_0206,penobscot,5,92,21,True,-14.375532491037662,0.7104959396539193
ood,test_ood,penobscot_000_il_0206,penobscot,5,93,21,True,-18.851050466781828,0.9316938223477816
ood,test_ood,penobscot_000_il_0206,penobscot,5,94,21,True,-12.538773421540979,0.6197160077235015
ood,test_ood,penobscot_000_il_0206,penobscot,5,95,21,True,-15.598157257795286,0.7709229139620484
ood,test_ood,penobscot_000_il_0206,penobscot,5,96,21,True,-11.356131133491894,0.5612651263912274
ood,test_ood,penobscot_000_il_0206,penobscot,5,97,21,True,-16.86640076550134,0.8336045477227016
ood,test_ood,penobscot_000_il_0206,penobscot,5,98,21,True,-17.57933281785194,0.8688404827226774
ood,test_ood,penobscot_000_il_0206,penobscot,5,99,21,True,-16.39875154673615,0.8104914650370945
ood,test_ood,penobscot_000_il_0234,penobscot,6,0,21,True,-19.827200603116815,0.9792058816060518
ood,test_ood,penobscot_000_il_0234,penobscot,6,1,21,True,-19.935984182523203,0.9845783758330052
ood,test_ood,penobscot_000_il_0234,penobscot,6,2,21,True,-17.113863228866684,0.8452022989101878
ood,test_ood,penobscot_000_il_0234,penobscot,6,3,21,True,-15.472048796843364,0.7641180157315423
ood,test_ood,penobscot_000_il_0234,penobscot,6,4,21,True,-15.466215186713356,0.7638299112499948
ood,test_ood,penobscot_000_il_0234,penobscot,6,5,21,True,-12.526186103455519,0.6186307059740687
ood,test_ood,penobscot_000_il_0234,penobscot,6,6,21,True,-15.682054627681444,0.7744895729092048
ood,test_ood,penobscot_000_il_0234,penobscot,6,7,21,True,-14.31266007607891,0.7068592893401925
ood,test_ood,penobscot_000_il_0234,penobscot,6,8,21,True,-15.90107744848902,0.7853064521365736
ood,test_ood,penobscot_000_il_0234,penobscot,6,9,21,True,-15.252361255252989,0.7532683079413737
ood,test_ood,penobscot_000_il_0234,penobscot,6,10,21,True,-16.619682868860117,0.8207962153294045
ood,test_ood,penobscot_000_il_0234,penobscot,6,11,21,True,-17.195444424090887,0.8492313490918576
ood,test_ood,penobscot_000_il_0234,penobscot,6,12,21,True,-12.373045336054599,0.611067543470479
ood,test_ood,penobscot_000_il_0234,penobscot,6,13,21,True,-19.013311003668772,0.9390103190195596
ood,test_ood,penobscot_000_il_0234,penobscot,6,14,21,True,-14.70487250223293,0.7262294829553528
ood,test_ood,penobscot_000_il_0234,penobscot,6,15,21,True,-15.505293065899732,0.7657598503223808
ood,test_ood,penobscot_000_il_0234,penobscot,6,16,21,True,-17.20155498599091,0.8495331313894287
ood,test_ood,penobscot_000_il_0234,penobscot,6,17,21,True,-16.815818468809212,0.8304827634663254
ood,test_ood,penobscot_000_il_0234,penobscot,6,18,21,True,-19.841911704083465,0.9799324186941558
ood,test_ood,penobscot_000_il_0234,penobscot,6,19,21,True,-15.245056184604213,0.752907532444721
ood,test_ood,penobscot_000_il_0234,penobscot,6,20,21,True,-19.556498615945575,0.9658367235838717
ood,test_ood,penobscot_000_il_0234,penobscot,6,21,21,True,-18.953717499703764,0.9360671748634009
ood,test_ood,penobscot_000_il_0234,penobscot,6,22,21,True,-14.627637987937831,0.7224151022883786
ood,test_ood,penobscot_000_il_0234,penobscot,6,23,21,True,-17.36765763566808,0.8577364423242401
ood,test_ood,penobscot_000_il_0234,penobscot,6,24,21,True,-12.217701314868705,0.6033955688804983
ood,test_ood,penobscot_000_il_0234,penobscot,6,25,21,True,-12.510755767750092,0.6178686480426259
ood,test_ood,penobscot_000_il_0234,penobscot,6,26,21,True,-19.758280510178043,0.9758021252353279
ood,test_ood,penobscot_000_il_0234,penobscot,6,27,21,True,-17.30062697547808,0.8544259993615725
ood,test_ood,penobscot_000_il_0234,penobscot,6,28,21,True,-19.99109810805873,0.9873002870661169
ood,test_ood,penobscot_000_il_0234,penobscot,6,29,21,True,-16.872712783550497,0.8332926027744453
ood,test_ood,penobscot_000_il_0234,penobscot,6,30,21,True,-14.742883130935098,0.7281067137320897
ood,test_ood,penobscot_000_il_0234,penobscot,6,31,21,True,-15.89522573698754,0.785017453682661
ood,test_ood,penobscot_000_il_0234,penobscot,6,32,21,True,-14.527201472024686,0.7174548444547684
ood,test_ood,penobscot_000_il_0234,penobscot,6,33,21,True,-11.412298610723601,0.5636191485604087
ood,test_ood,penobscot_000_il_0234,penobscot,6,34,21,True,-19.767151070460223,0.9762402155626171
ood,test_ood,penobscot_000_il_0234,penobscot,6,35,21,True,-16.86955445763911,0.8331366225445398
ood,test_ood,penobscot_000_il_0234,penobscot,6,36,21,True,-19.60657781219085,0.9683099846604646
ood,test_ood,penobscot_000_il_0234,penobscot,6,37,21,True,-20.023294159915114,0.9888903533580428
ood,test_ood,penobscot_000_il_0234,penobscot,6,38,21,True,-15.031223374799302,0.7423469722712182
ood,test_ood,penobscot_000_il_0234,penobscot,6,39,21,True,-17.34942680949682,0.856836076580695
ood,test_ood,penobscot_000_il_0234,penobscot,6,40,21,True,-19.051092631262435,0.940876240119412
ood,test_ood,penobscot_000_il_0234,penobscot,6,41,21,True,-17.862511742427735,0.8821758002333837
ood,test_ood,penobscot_000_il_0234,penobscot,6,42,21,True,-16.11643368779788,0.7959422499172568
ood,test_ood,penobscot_000_il_0234,penobscot,6,43,21,True,-15.717329478221252,0.7762316918201277
ood,test_ood,penobscot_000_il_0234,penobscot,6,44,21,True,-13.913770132456891,0.6871593131949576
ood,test_ood,penobscot_000_il_0234,penobscot,6,45,21,True,-14.163080274164967,0.6994719922257137
ood,test_ood,penobscot_000_il_0234,penobscot,6,46,21,True,-17.36765763566808,0.8577364423242401
ood,test_ood,penobscot_000_il_0234,penobscot,6,47,21,True,-19.711586219532677,0.9734960344788658
ood,test_ood,penobscot_000_il_0234,penobscot,6,48,21,True,-14.799378301876093,0.7308968405268459
ood,test_ood,penobscot_000_il_0234,penobscot,6,49,21,True,-19.61084271623808,0.9685206154606025
ood,test_ood,penobscot_000_il_0234,penobscot,6,50,21,True,-14.543051964020117,0.7182376526433248
ood,test_ood,penobscot_000_il_0234,penobscot,6,51,21,True,-20.024406338932796,0.9889452805390054
ood,test_ood,penobscot_000_il_0234,penobscot,6,52,21,True,-19.65876085106125,0.97088714820487
ood,test_ood,penobscot_000_il_0234,penobscot,6,53,21,True,-14.57190063160905,0.7196624016810255
ood,test_ood,penobscot_000_il_0234,penobscot,6,54,21,True,-16.22221962671283,0.8011666996845355
ood,test_ood,penobscot_000_il_0234,penobscot,6,55,21,True,-19.720135762905763,0.9739182707452728
ood,test_ood,penobscot_000_il_0234,penobscot,6,56,21,True,-19.81641823766809,0.9786733729641934
ood,test_ood,penobscot_000_il_0234,penobscot,6,57,21,True,-17.31515843284138,0.8551436643917137
ood,test_ood,penobscot_000_il_0234,penobscot,6,58,21,True,-18.578394759862356,0.9175311121226309
ood,test_ood,penobscot_000_il_0234,penobscot,6,59,21,True,-19.925162135421665,0.9840439074335087
ood,test_ood,penobscot_000_il_0234,penobscot,6,60,21,True,-14.539843395443405,0.7180791910790959
ood,test_ood,penobscot_000_il_0234,penobscot,6,61,21,True,-12.05450031498565,0.5953355617131547
ood,test_ood,penobscot_000_il_0234,penobscot,6,62,21,True,-12.561132813938954,0.6203566190332619
ood,test_ood,penobscot_000_il_0234,penobscot,6,63,21,True,-19.997109725005817,0.98759718276967
ood,test_ood,penobscot_000_il_0234,penobscot,6,64,21,True,-14.917956005657226,0.7367530371374541
ood,test_ood,penobscot_000_il_0234,penobscot,6,65,21,True,-15.599449996720807,0.7704099783106693
ood,test_ood,penobscot_000_il_0234,penobscot,6,66,21,True,-18.569031609131518,0.9170686942327066
ood,test_ood,penobscot_000_il_0234,penobscot,6,67,21,True,-16.913593276161727,0.8353115675092642
ood,test_ood,penobscot_000_il_0234,penobscot,6,68,21,True,-15.279745399493141,0.7546207285699567
ood,test_ood,penobscot_000_il_0234,penobscot,6,69,21,True,-16.556169609787858,0.8176594862425082
ood,test_ood,penobscot_000_il_0234,penobscot,6,70,21,True,-18.65149579924745,0.9211413528797728
ood,test_ood,penobscot_000_il_0234,penobscot,6,71,21,True,-19.84365082847014,0.9800183088236983
ood,test_ood,penobscot_000_il_0234,penobscot,6,72,21,True,-18.871430554467473,0.9320032698085389
ood,test_ood,penobscot_000_il_0234,penobscot,6,73,21,True,-16.156555372762607,0.7979237394216921
ood,test_ood,penobscot_000_il_0234,penobscot,6,74,21,True,-14.358908766258661,0.7091433732281351
ood,test_ood,penobscot_000_il_0234,penobscot,6,75,21,True,-15.491521092007332,0.7650796938995601
ood,test_ood,penobscot_000_il_0234,penobscot,6,76,21,True,-14.045327905178876,0.6936565564215234
ood,test_ood,penobscot_000_il_0234,penobscot,6,77,21,True,-17.038730687143445,0.8414917283547132
ood,test_ood,penobscot_000_il_0234,penobscot,6,78,21,True,-15.103823026814382,0.7459324510122032
ood,test_ood,penobscot_000_il_0234,penobscot,6,79,21,True,-19.948200201303273,0.9851816883065458
ood,test_ood,penobscot_000_il_0234,penobscot,6,80,21,True,-19.835446864115895,0.9796131396669948
ood,test_ood,penobscot_000_il_0234,penobscot,6,81,21,True,-9.460930752310455,0.46724695147703516
ood,test_ood,penobscot_000_il_0234,penobscot,6,82,21,True,-19.93808187258961,0.9846819744444243
ood,test_ood,penobscot_000_il_0234,penobscot,6,83,21,True,-15.971931881689102,0.7888057397625069
ood,test_ood,penobscot_000_il_0234,penobscot,6,84,21,True,-19.82540352464136,0.9791171292981443
ood,test_ood,penobscot_000_il_0234,penobscot,6,85,21,True,-19.895840399065914,0.9825957949504012
ood,test_ood,penobscot_000_il_0234,penobscot,6,86,21,True,-16.371620439599525,0.8085451570685992
ood,test_ood,penobscot_000_il_0234,penobscot,6,87,21,True,-16.86285487185622,0.8328057501266806
ood,test_ood,penobscot_000_il_0234,penobscot,6,88,21,True,-14.10727112453053,0.6967157459626441
ood,test_ood,penobscot_000_il_0234,penobscot,6,89,21,True,-17.19500602292165,0.8492096977749614
ood,test_ood,penobscot_000_il_0234,penobscot,6,90,21,True,-14.539843395443405,0.7180791910790959
ood,test_ood,penobscot_000_il_0234,penobscot,6,91,21,True,-16.23442641971329,0.8017695565245335
ood,test_ood,penobscot_000_il_0234,penobscot,6,92,21,True,-20.01093463402335,0.9882799534993167
ood,test_ood,penobscot_000_il_0234,penobscot,6,93,21,True,-14.214658737414794,0.7020192975962202
ood,test_ood,penobscot_000_il_0234,penobscot,6,94,21,True,-17.57734899256659,0.8680924685786319
ood,test_ood,penobscot_000_il_0234,penobscot,6,95,21,True,-15.074959687156143,0.7445069773650714
ood,test_ood,penobscot_000_il_0234,penobscot,6,96,21,True,-13.985529385595182,0.6907032871597756
ood,test_ood,penobscot_000_il_0234,penobscot,6,97,21,True,-20.076925902406906,0.9915390640227492
ood,test_ood,penobscot_000_il_0234,penobscot,6,98,21,True,-19.67932068888657,0.9719025368382133
ood,test_ood,penobscot_000_il_0234,penobscot,6,99,21,True,-15.320891659529423,0.7566528187595967
ood,test_ood,penobscot_000_il_0294,penobscot,7,0,21,True,-18.299091399113145,0.767747180533933
ood,test_ood,penobscot_000_il_0294,penobscot,7,1,21,True,-14.260275300805509,0.5982967086749298
ood,test_ood,penobscot_000_il_0294,penobscot,7,2,21,True,-19.687154129843485,0.8259840199856503
ood,test_ood,penobscot_000_il_0294,penobscot,7,3,21,True,-20.59962171472084,0.8642670363572795
ood,test_ood,penobscot_000_il_0294,penobscot,7,4,21,True,-23.342894732858912,0.9793623752008459
ood,test_ood,penobscot_000_il_0294,penobscot,7,5,21,True,-22.730197818221892,0.9536563814728073
ood,test_ood,penobscot_000_il_0294,penobscot,7,6,21,True,-17.89207436031594,0.750670584917772
ood,test_ood,penobscot_000_il_0294,penobscot,7,7,21,True,-20.025999382967438,0.8402004355469072
ood,test_ood,penobscot_000_il_0294,penobscot,7,8,21,True,-19.284817063770056,0.8091037748759315
ood,test_ood,penobscot_000_il_0294,penobscot,7,9,21,True,-22.764350381447812,0.9550892686885071
ood,test_ood,penobscot_000_il_0294,penobscot,7,10,21,True,-15.759753752833817,0.6612080482987056
ood,test_ood,penobscot_000_il_0294,penobscot,7,11,21,True,-16.22466856905038,0.6807137730122297
ood,test_ood,penobscot_000_il_0294,penobscot,7,12,21,True,-21.016953176938046,0.8817763785687128
ood,test_ood,penobscot_000_il_0294,penobscot,7,13,21,True,-22.87126185242048,0.9595747908718639
ood,test_ood,penobscot_000_il_0294,penobscot,7,14,21,True,-23.540179933164694,0.9876395706633038
ood,test_ood,penobscot_000_il_0294,penobscot,7,15,21,True,-19.066468399658405,0.7999428516590993
ood,test_ood,penobscot_000_il_0294,penobscot,7,16,21,True,-19.835979313066083,0.8322280521247065
ood,test_ood,penobscot_000_il_0294,penobscot,7,17,21,True,-19.75358896315775,0.8287713253689512
ood,test_ood,penobscot_000_il_0294,penobscot,7,18,21,True,-17.911968660458175,0.7515052598483336
ood,test_ood,penobscot_000_il_0294,penobscot,7,19,21,True,-21.45248377888381,0.90004927444027
ood,test_ood,penobscot_000_il_0294,penobscot,7,20,21,True,-23.444778268162075,0.9836369479250209
ood,test_ood,penobscot_000_il_0294,penobscot,7,21,21,True,-22.65070934259355,0.9503214042481153
ood,test_ood,penobscot_000_il_0294,penobscot,7,22,21,True,-18.986344860306684,0.7965812300304611
ood,test_ood,penobscot_000_il_0294,penobscot,7,23,21,True,-18.519963989435077,0.7770139962887908
ood,test_ood,penobscot_000_il_0294,penobscot,7,24,21,True,-20.730402263596787,0.8697539971838184
ood,test_ood,penobscot_000_il_0294,penobscot,7,25,21,True,-23.626092986513008,0.9912440941361153
ood,test_ood,penobscot_000_il_0294,penobscot,7,26,21,True,-23.344088295783855,0.9794124517074019
ood,test_ood,penobscot_000_il_0294,penobscot,7,27,21,True,-20.777023359122772,0.8717100076688643
ood,test_ood,penobscot_000_il_0294,penobscot,7,28,21,True,-19.96830308314967,0.8377797595392188
ood,test_ood,penobscot_000_il_0294,penobscot,7,29,21,True,-15.44969458201849,0.6481993666652721
ood,test_ood,penobscot_000_il_0294,penobscot,7,30,21,True,-22.91317920858046,0.961333453709562
ood,test_ood,penobscot_000_il_0294,penobscot,7,31,21,True,-14.996241272149671,0.6291745149629392
ood,test_ood,penobscot_000_il_0294,penobscot,7,32,21,True,-21.10017011830673,0.8852677853667332
ood,test_ood,penobscot_000_il_0294,penobscot,7,33,21,True,-21.305628311491706,0.8938878826762102
ood,test_ood,penobscot_000_il_0294,penobscot,7,34,21,True,-22.310321790221643,0.9360402807801462
ood,test_ood,penobscot_000_il_0294,penobscot,7,35,21,True,-15.61295451025732,0.6550490154738253
ood,test_ood,penobscot_000_il_0294,penobscot,7,36,21,True,-18.986344860306684,0.7965812300304611
ood,test_ood,penobscot_000_il_0294,penobscot,7,37,21,True,-23.253008364232375,0.9755911493745846
ood,test_ood,penobscot_000_il_0294,penobscot,7,38,21,True,-22.32432905498966,0.9366279623102336
ood,test_ood,penobscot_000_il_0294,penobscot,7,39,21,True,-19.245513761891477,0.80745478594283
ood,test_ood,penobscot_000_il_0294,penobscot,7,40,21,True,-18.71597099808247,0.7852375646054792
ood,test_ood,penobscot_000_il_0294,penobscot,7,41,21,True,-23.51026241301392,0.9863843667166509
ood,test_ood,penobscot_000_il_0294,penobscot,7,42,21,True,-18.07255925133803,0.7582429153241819
ood,test_ood,penobscot_000_il_0294,penobscot,7,43,21,True,-22.59618603292906,0.9480338525683459
ood,test_ood,penobscot_000_il_0294,penobscot,7,44,21,True,-23.54712499067879,0.9879309538915088
ood,test_ood,penobscot_000_il_0294,penobscot,7,45,21,True,-20.762749688256868,0.8711111489428132
ood,test_ood,penobscot_000_il_0294,penobscot,7,46,21,True,-20.520143557796406,0.860932492058773
ood,test_ood,penobscot_000_il_0294,penobscot,7,47,21,True,-23.499884828590957,0.9859489701711226
ood,test_ood,penobscot_000_il_0294,penobscot,7,48,21,True,-18.33514162766111,0.769259685210894
ood,test_ood,penobscot_000_il_0294,penobscot,7,49,21,True,-17.951730922988048,0.7531735046962955
ood,test_ood,penobscot_000_il_0294,penobscot,7,50,21,True,-19.559166026343057,0.8206142175478578
ood,test_ood,penobscot_000_il_0294,penobscot,7,51,21,True,-23.516678899865163,0.9866535735084816
ood,test_ood,penobscot_000_il_0294,penobscot,7,52,21,True,-23.475148966658026,0.9849111651870994
ood,test_ood,penobscot_000_il_0294,penobscot,7,53,21,True,-13.520027568013118,0.5672392590260615
ood,test_ood,penobscot_000_il_0294,penobscot,7,54,21,True,-23.449452082676828,0.9838330400608419
ood,test_ood,penobscot_000_il_0294,penobscot,7,55,21,True,-21.566373014954568,0.9048275521142495
ood,test_ood,penobscot_000_il_0294,penobscot,7,56,21,True,-21.2749393542696,0.8926003127162098
ood,test_ood,penobscot_000_il_0294,penobscot,7,57,21,True,-19.60899373932834,0.8227047632106204
ood,test_ood,penobscot_000_il_0294,penobscot,7,58,21,True,-23.635635194943657,0.9916444420801149
ood,test_ood,penobscot_000_il_0294,penobscot,7,59,21,True,-21.011116546226525,0.8815314999201037
ood,test_ood,penobscot_000_il_0294,penobscot,7,60,21,True,-19.482781631572294,0.8174094735284423
ood,test_ood,penobscot_000_il_0294,penobscot,7,61,21,True,-18.881794355461743,0.7921947633164913
ood,test_ood,penobscot_000_il_0294,penobscot,7,62,21,True,-21.510011762536593,0.9024628886623057
ood,test_ood,penobscot_000_il_0294,penobscot,7,63,21,True,-22.81235782728303,0.9571034441675368
ood,test_ood,penobscot_000_il_0294,penobscot,7,64,21,True,-19.41950480852339,0.8147546639846585
ood,test_ood,penobscot_000_il_0294,penobscot,7,65,21,True,-21.34813453971643,0.8956712519246002
ood,test_ood,penobscot_000_il_0294,penobscot,7,66,21,True,-23.327354233101552,0.978710366059377
ood,test_ood,penobscot_000_il_0294,penobscot,7,67,21,True,-19.10318375124373,0.8014832618929819
ood,test_ood,penobscot_000_il_0294,penobscot,7,68,21,True,-23.449652321558116,0.9838414411794105
ood,test_ood,penobscot_000_il_0294,penobscot,7,69,21,True,-18.768613251060707,0.7874461956472889
ood,test_ood,penobscot_000_il_0294,penobscot,7,70,21,True,-23.662969240796492,0.9927912551200847
ood,test_ood,penobscot_000_il_0294,penobscot,7,71,21,True,-21.42827766686973,0.8990336953688742
ood,test_ood,penobscot_000_il_0294,penobscot,7,72,21,True,-21.823355766257116,0.9156093870401051
ood,test_ood,penobscot_000_il_0294,penobscot,7,73,21,True,-23.618254627122123,0.9909152319980389
ood,test_ood,penobscot_000_il_0294,penobscot,7,74,21,True,-21.07753899296449,0.8843182856186387
ood,test_ood,penobscot_000_il_0294,penobscot,7,75,21,True,-13.62500953028719,0.5716438277439784
ood,test_ood,penobscot_000_il_0294,penobscot,7,76,21,True,-18.507538762139298,0.7764926899017266
ood,test_ood,penobscot_000_il_0294,penobscot,7,77,21,True,-18.910837364016743,0.7934132767085503
ood,test_ood,penobscot_000_il_0294,penobscot,7,78,21,True,-19.944662309525377,0.8367878995118642
ood,test_ood,penobscot_000_il_0294,penobscot,7,79,21,True,-18.345957364423334,0.7697134646485443
ood,test_ood,penobscot_000_il_0294,penobscot,7,80,21,True,-23.550160344071543,0.988058303602944
ood,test_ood,penobscot_000_il_0294,penobscot,7,81,21,True,-18.85444870610446,0.7910474634459119
ood,test_ood,penobscot_000_il_0294,penobscot,7,82,21,True,-18.85444870610446,0.7910474634459119
ood,test_ood,penobscot_000_il_0294,penobscot,7,83,21,True,-21.00066941850215,0.8810931856519177
ood,test_ood,penobscot_000_il_0294,penobscot,7,84,21,True,-22.624948130098748,0.9492405801881304
ood,test_ood,penobscot_000_il_0294,penobscot,7,85,21,True,-19.942542924974596,0.8366989797137252
ood,test_ood,penobscot_000_il_0294,penobscot,7,86,21,True,-22.912303826764145,0.9612967266444465
ood,test_ood,penobscot_000_il_0294,penobscot,7,87,21,True,-16.79009510620748,0.7044365153185755
ood,test_ood,penobscot_000_il_0294,penobscot,7,88,21,True,-23.46384352204582,0.9844368398210808
ood,test_ood,penobscot_000_il_0294,penobscot,7,89,21,True,-21.42827766686973,0.8990336953688742
ood,test_ood,penobscot_000_il_0294,penobscot,7,90,21,True,-23.425793757605977,0.9828404436541055
ood,test_ood,penobscot_000_il_0294,penobscot,7,91,21,True,-20.680097845608167,0.8676434511333717
ood,test_ood,penobscot_000_il_0294,penobscot,7,92,21,True,-12.326589771507344,0.517168002293919
ood,test_ood,penobscot_000_il_0294,penobscot,7,93,21,True,-20.84628151898879,0.8746157670755134
ood,test_ood,penobscot_000_il_0294,penobscot,7,94,21,True,-15.923987308992935,0.6680985461349169
ood,test_ood,penobscot_000_il_0294,penobscot,7,95,21,True,-22.773669900229386,0.9554802735811778
ood,test_ood,penobscot_000_il_0294,penobscot,7,96,21,True,-21.625136707994965,0.9072930111179522
ood,test_ood,penobscot_000_il_0294,penobscot,7,97,21,True,-23.36919538435659,0.980465831683638
ood,test_ood,penobscot_000_il_0294,penobscot,7,98,21,True,-15.131644991147017,0.6348554431154191
ood,test_ood,penobscot_000_il_0294,penobscot,7,99,21,True,-13.718712312126872,0.5755751730220884
ood,test_ood,penobscot_000_il_0303,penobscot,8,0,21,True,-13.740628904859495,0.5687780948422307
ood,test_ood,penobscot_000_il_0303,penobscot,8,1,21,True,-23.449546730008592,0.9706679808004411
ood,test_ood,penobscot_000_il_0303,penobscot,8,2,21,True,-19.50078814250095,0.8072134983349273
ood,test_ood,penobscot_000_il_0303,penobscot,8,3,21,True,-16.52327964521075,0.6839628362152089
ood,test_ood,penobscot_000_il_0303,penobscot,8,4,21,True,-19.75248064689834,0.8176320304216638
ood,test_ood,penobscot_000_il_0303,penobscot,8,5,21,True,-15.450655934468127,0.6395627672734568
ood,test_ood,penobscot_000_il_0303,penobscot,8,6,21,True,-21.69845336921575,0.8981834131333535
ood,test_ood,penobscot_000_il_0303,penobscot,8,7,21,True,-21.77579070106595,0.9013847062164074
ood,test_ood,penobscot_000_il_0303,penobscot,8,8,21,True,-23.953695671185848,0.9915366671076683
ood,test_ood,penobscot_000_il_0303,penobscot,8,9,21,True,-19.042444875860156,0.7882408871255873
ood,test_ood,penobscot_000_il_0303,penobscot,8,10,21,True,-21.749691526713384,0.9003043598386695
ood,test_ood,penobscot_000_il_0303,penobscot,8,11,21,True,-23.733055589561495,0.9824035156237685
ood,test_ood,penobscot_000_il_0303,penobscot,8,12,21,True,-18.084881133202202,0.7486035979585414
ood,test_ood,penobscot_000_il_0303,penobscot,8,13,21,True,-18.23045877512158,0.754629622996831
ood,test_ood,penobscot_000_il_0303,penobscot,8,14,21,True,-20.10798984490252,0.832347939405145
ood,test_ood,penobscot_000_il_0303,penobscot,8,15,21,True,-18.91120391467217,0.7828083130864641
ood,test_ood,penobscot_000_il_0303,penobscot,8,16,21,True,-19.755146363557607,0.8177423748064329
ood,test_ood,penobscot_000_il_0303,penobscot,8,17,21,True,-15.686927884153981,0.6493429825996601
ood,test_ood,penobscot_000_il_0303,penobscot,8,18,21,True,-21.171132598869697,0.8763555546557775
ood,test_ood,penobscot_000_il_0303,penobscot,8,19,21,True,-22.962128138510774,0.950491828763851
ood,test_ood,penobscot_000_il_0303,penobscot,8,20,21,True,-21.035462002511974,0.8707396207813705
ood,test_ood,penobscot_000_il_0303,penobscot,8,21,21,True,-19.593596764132883,0.8110552083004787
ood,test_ood,penobscot_000_il_0303,penobscot,8,22,21,True,-19.85147569098611,0.8217298204838893
ood,test_ood,penobscot_000_il_0303,penobscot,8,23,21,True,-23.631845784436287,0.9782140479846191
ood,test_ood,penobscot_000_il_0303,penobscot,8,24,21,True,-21.247229779822277,0.8795055130677807
ood,test_ood,penobscot_000_il_0303,penobscot,8,25,21,True,-23.836943342338824,0.9867038339360721
ood,test_ood,penobscot_000_il_0303,penobscot,8,26,21,True,-21.705346071163078,0.8984687288862977
ood,test_ood,penobscot_000_il_0303,penobscot,8,27,21,True,-18.67656001993133,0.7730954892891589
ood,test_ood,penobscot_000_il_0303,penobscot,8,28,21,True,-23.923447781569468,0.9902845892626054
ood,test_ood,penobscot_000_il_0303,penobscot,8,29,21,True,-20.963261885379602,0.8677509770042716
ood,test_ood,penobscot_000_il_0303,penobscot,8,30,21,True,-23.987822044731406,0.9929492904936517
ood,test_ood,penobscot_000_il_0303,penobscot,8,31,21,True,-21.284112597255415,0.8810322363915296
ood,test_ood,penobscot_000_il_0303,penobscot,8,32,21,True,-23.953544196481502,0.9915303969802708
ood,test_ood,penobscot_000_il_0303,penobscot,8,33,21,True,-23.950647371539397,0.9914104861244382
ood,test_ood,penobscot_000_il_0303,penobscot,8,34,21,True,-19.246114309064705,0.79667155743899
ood,test_ood,penobscot_000_il_0303,penobscot,8,35,21,True,-23.738808853190974,0.9826416655912088
ood,test_ood,penobscot_000_il_0303,penobscot,8,36,21,True,-21.420635449608685,0.8866834484577008
ood,test_ood,penobscot_000_il_0303,penobscot,8,37,21,True,-19.50078814250095,0.8072134983349273
ood,test_ood,penobscot_000_il_0303,penobscot,8,38,21,True,-21.45888093467604,0.8882665778969387
ood,test_ood,penobscot_000_il_0303,penobscot,8,39,21,True,-19.980126282220972,0.8270551690315832
ood,test_ood,penobscot_000_il_0303,penobscot,8,40,21,True,-17.175844448210185,0.7109750325259504
ood,test_ood,penobscot_000_il_0303,penobscot,8,41,21,True,-21.457144111633653,0.8881946840332758
ood,test_ood,penobscot_000_il_0303,penobscot,8,42,21,True,-20.974748456876586,0.868226450892516
ood,test_ood,penobscot_000_il_0303,penobscot,8,43,21,True,-20.312095152504718,0.8407966522558437
ood,test_ood,penobscot_000_il_0303,penobscot,8,44,21,True,-21.37776390052361,0.8849088282288609
ood,test_ood,penobscot_000_il_0303,penobscot,8,45,21,True,-23.926401935521497,0.9904068731892249
ood,test_ood,penobscot_000_il_0303,penobscot,8,46,21,True,-19.36113282784807,0.8014326214658368
ood,test_ood,penobscot_000_il_0303,penobscot,8,47,21,True,-23.19229041714464,0.9600191410326236
ood,test_ood,penobscot_000_il_0303,penobscot,8,48,21,True,-21.570169158230648,0.8928732304897744
ood,test_ood,penobscot_000_il_0303,penobscot,8,49,21,True,-22.85359408208607,0.9459991818649227
ood,test_ood,penobscot_000_il_0303,penobscot,8,50,21,True,-13.230113659529666,0.5476458824349862
ood,test_ood,penobscot_000_il_0303,penobscot,8,51,21,True,-23.699363514154147,0.98100886952757
ood,test_ood,penobscot_000_il_0303,penobscot,8,52,21,True,-21.166534689099592,0.8761652292800319
ood,test_ood,penobscot_000_il_0303,penobscot,8,53,21,True,-19.17162870428302,0.7935883084353064
ood,test_ood,penobscot_000_il_0303,penobscot,8,54,21,True,-19.262730985170688,0.79735938631812
ood,test_ood,penobscot_000_il_0303,penobscot,8,55,21,True,-23.71453981076785,0.9816370754950313
ood,test_ood,penobscot_000_il_0303,penobscot,8,56,21,True,-23.138123697243486,0.9577769697344573
ood,test_ood,penobscot_000_il_0303,penobscot,8,57,21,True,-21.291846619893274,0.8813523776814144
ood,test_ood,penobscot_000_il_0303,penobscot,8,58,21,True,-18.466625650631105,0.7644054888940349
ood,test_ood,penobscot_000_il_0303,penobscot,8,59,21,True,-18.526795535750814,0.7668961545587746
ood,test_ood,penobscot_000_il_0303,penobscot,8,60,21,True,-18.12483288411341,0.7502573563800975
ood,test_ood,penobscot_000_il_0303,penobscot,8,61,21,True,-21.516524266422323,0.8906526596867912
ood,test_ood,penobscot_000_il_0303,penobscot,8,62,21,True,-18.006032178970308,0.7453397329434212
ood,test_ood,penobscot_000_il_0303,penobscot,8,63,21,True,-16.935693409249275,0.7010342466012057
ood,test_ood,penobscot_000_il_0303,penobscot,8,64,21,True,-19.659832076829147,0.8137969456130507
ood,test_ood,penobscot_000_il_0303,penobscot,8,65,21,True,-16.319448093563853,0.6755254551886783
ood,test_ood,penobscot_000_il_0303,penobscot,8,66,21,True,-23.479298862293128,0.9718995373205587
ood,test_ood,penobscot_000_il_0303,penobscot,8,67,21,True,-23.70457994054467,0.9812247977128687
ood,test_ood,penobscot_000_il_0303,penobscot,8,68,21,True,-19.167723105463942,0.7934266405035896
ood,test_ood,penobscot_000_il_0303,penobscot,8,69,21,True,-20.259812744139953,0.8386324799439813
ood,test_ood,penobscot_000_il_0303,penobscot,8,70,21,True,-14.996196601951244,0.6207509272098036
ood,test_ood,penobscot_000_il_0303,penobscot,8,71,21,True,-17.88318161699899,0.7402544701747255
ood,test_ood,penobscot_000_il_0303,penobscot,8,72,21,True,-20.279480931990896,0.839446622767597
ood,test_ood,penobscot_000_il_0303,penobscot,8,73,21,True,-23.938416400882396,0.9909041986585198
ood,test_ood,penobscot_000_il_0303,penobscot,8,74,21,True,-21.034845344184973,0.8707140948938124
ood,test_ood,penobscot_000_il_0303,penobscot,8,75,21,True,-23.023208726104283,0.9530201919475036
ood,test_ood,penobscot_000_il_0303,penobscot,8,76,21,True,-23.82892599432476,0.9863719647064538
ood,test_ood,penobscot_000_il_0303,penobscot,8,77,21,True,-19.263049247596367,0.7973725604382706
ood,test_ood,penobscot_000_il_0303,penobscot,8,78,21,True,-21.623619463882207,0.8950857466145987
ood,test_ood,penobscot_000_il_0303,penobscot,8,79,21,True,-23.953695671185848,0.9915366671076683
ood,test_ood,penobscot_000_il_0303,penobscot,8,80,21,True,-18.884324369726382,0.7816956641334687
ood,test_ood,penobscot_000_il_0303,penobscot,8,81,21,True,-19.289792463922012,0.7984795662192268
ood,test_ood,penobscot_000_il_0303,penobscot,8,82,21,True,-20.967998953333478,0.8679470626787043
ood,test_ood,penobscot_000_il_0303,penobscot,8,83,21,True,-23.857525667383836,0.9875558164550369
ood,test_ood,penobscot_000_il_0303,penobscot,8,84,21,True,-20.717159748515105,0.8575638519817127
ood,test_ood,penobscot_000_il_0303,penobscot,8,85,21,True,-20.410031617969203,0.8448506236299468
ood,test_ood,penobscot_000_il_0303,penobscot,8,86,21,True,-20.852557288510308,0.8631684829908187
ood,test_ood,penobscot_000_il_0303,penobscot,8,87,21,True,-20.024379411043018,0.828886978221431
ood,test_ood,penobscot_000_il_0303,penobscot,8,88,21,True,-16.5094177699954,0.6833890392638089
ood,test_ood,penobscot_000_il_0303,penobscot,8,89,21,True,-18.904754426853778,0.7825413436908528
ood,test_ood,penobscot_000_il_0303,penobscot,8,90,21,True,-22.869349243456178,0.9466513492970008
ood,test_ood,penobscot_000_il_0303,penobscot,8,91,21,True,-23.675222551308696,0.9800095811434673
ood,test_ood,penobscot_000_il_0303,penobscot,8,92,21,True,-20.483710662823857,0.8479004859799444
ood,test_ood,penobscot_000_il_0303,penobscot,8,93,21,True,-20.66735273796334,0.855502146017046
ood,test_ood,penobscot_000_il_0303,penobscot,8,94,21,True,-20.777216756455907,0.8600498452208148
ood,test_ood,penobscot_000_il_0303,penobscot,8,95,21,True,-19.921649600737005,0.824634591653543
ood,test_ood,penobscot_000_il_0303,penobscot,8,96,21,True,-23.901793729254557,0.9893882437818734
ood,test_ood,penobscot_000_il_0303,penobscot,8,97,21,True,-18.006032178970308,0.7453397329434212
ood,test_ood,penobscot_000_il_0303,penobscot,8,98,21,True,-21.591027135313002,0.8937366233191207
ood,test_ood,penobscot_000_il_0303,penobscot,8,99,21,True,-23.804430382617277,0.9853579960260206
ood,test_ood,penobscot_000_il_0315,penobscot,9,0,22,True,-21.323005129410575,0.8503337777962843
ood,test_ood,penobscot_000_il_0315,penobscot,9,1,22,True,-24.893602580521318,0.9927245712686823
ood,test_ood,penobscot_000_il_0315,penobscot,9,2,22,True,-22.776102535424272,0.9082814169429512
ood,test_ood,penobscot_000_il_0315,penobscot,9,3,22,True,-21.181527275083248,0.8446918245343246
ood,test_ood,penobscot_000_il_0315,penobscot,9,4,22,True,-19.91835648764077,0.7943182125050169
ood,test_ood,penobscot_000_il_0315,penobscot,9,5,22,True,-24.85217468204985,0.9910724804306599
ood,test_ood,penobscot_000_il_0315,penobscot,9,6,22,True,-23.288945773106516,0.9287329398436388
ood,test_ood,penobscot_000_il_0315,penobscot,9,7,22,True,-24.907676439651052,0.9932858185098347
ood,test_ood,penobscot_000_il_0315,penobscot,9,8,22,True,-20.148673730258785,0.8035029653022138
ood,test_ood,penobscot_000_il_0315,penobscot,9,9,22,True,-24.824536955911086,0.9899703237724098
ood,test_ood,penobscot_000_il_0315,penobscot,9,10,22,True,-24.86764219026071,0.991689304588897
ood,test_ood,penobscot_000_il_0315,penobscot,9,11,22,True,-19.422496051260374,0.77454394168493
ood,test_ood,penobscot_000_il_0315,penobscot,9,12,22,True,-24.914060990143128,0.9935404260994547
ood,test_ood,penobscot_000_il_0315,penobscot,9,13,22,True,-22.675760027248923,0.9042798879121013
ood,test_ood,penobscot_000_il_0315,penobscot,9,14,22,True,-23.955129642738697,0.95529948818583
ood,test_ood,penobscot_000_il_0315,penobscot,9,15,22,True,-21.108441912210615,0.841777275091789
ood,test_ood,penobscot_000_il_0315,penobscot,9,16,22,True,-20.72946367798203,0.8266641148379527
ood,test_ood,penobscot_000_il_0315,penobscot,9,17,22,True,-24.85217468204985,0.9910724804306599
ood,test_ood,penobscot_000_il_0315,penobscot,9,18,22,True,-21.108441912210615,0.841777275091789
ood,test_ood,penobscot_000_il_0315,penobscot,9,19,22,True,-24.858032330357155,0.9913060758448111
ood,test_ood,penobscot_000_il_0315,penobscot,9,20,22,True,-24.8388130350187,0.9905396352838981
ood,test_ood,penobscot_000_il_0315,penobscot,9,21,22,True,-20.237548008892098,0.8070471562190437
ood,test_ood,penobscot_000_il_0315,penobscot,9,22,22,True,-24.941204567544297,0.9946228767472112
ood,test_ood,penobscot_000_il_0315,penobscot,9,23,22,True,-16.558090431671932,0.6603151621642604
ood,test_ood,penobscot_000_il_0315,penobscot,9,24,22,True,-24.706845761046914,0.9852769516264652
ood,test_ood,penobscot_000_il_0315,penobscot,9,25,22,True,-22.756549945807162,0.9075016850386576
ood,test_ood,penobscot_000_il_0315,penobscot,9,26,22,True,-24.24706601574526,0.9669415319516227
ood,test_ood,penobscot_000_il_0315,penobscot,9,27,22,True,-24.264439514849585,0.9676343645536534
ood,test_ood,penobscot_000_il_0315,penobscot,9,28,22,True,-24.740154726539036,0.9866052699516498
ood,test_ood,penobscot_000_il_0315,penobscot,9,29,22,True,-18.629326554535908,0.742913371299135
ood,test_ood,penobscot_000_il_0315,penobscot,9,30,22,True,-21.314870316603226,0.8500093720165103
ood,test_ood,penobscot_000_il_0315,penobscot,9,31,22,True,-20.71113576066627,0.8259332212760151
ood,test_ood,penobscot_000_il_0315,penobscot,9,32,22,True,-24.870015455467765,0.9917839473260246
ood,test_ood,penobscot_000_il_0315,penobscot,9,33,22,True,-24.76677012022954,0.9876666573183475
ood,test_ood,penobscot_000_il_0315,penobscot,9,34,22,True,-22.916068717980473,0.9138630866960844
ood,test_ood,penobscot_000_il_0315,penobscot,9,35,22,True,-22.71040126286086,0.9056613354410332
ood,test_ood,penobscot_000_il_0315,penobscot,9,36,22,True,-21.323005129410575,0.8503337777962843
ood,test_ood,penobscot_000_il_0315,penobscot,9,37,22,True,-24.217433427171567,0.9657598227678174
ood,test_ood,penobscot_000_il_0315,penobscot,9,38,22,True,-17.8043886022789,0.7100159161265197
ood,test_ood,penobscot_000_il_0315,penobscot,9,39,22,True,-24.840920769751957,0.9906236890102585
ood,test_ood,penobscot_000_il_0315,penobscot,9,40,22,True,-24.929624334968068,0.9941610720975127
ood,test_ood,penobscot_000_il_0315,penobscot,9,41,22,True,-24.284063146030526,0.9684169295033356
ood,test_ood,penobscot_000_il_0315,penobscot,9,42,22,True,-18.08080960718856,0.7210392271439181
ood,test_ood,penobscot_000_il_0315,penobscot,9,43,22,True,-24.740154726539036,0.9866052699516498
ood,test_ood,penobscot_000_il_0315,penobscot,9,44,22,True,-20.418796093241625,0.8142750946521075
ood,test_ood,penobscot_000_il_0315,penobscot,9,45,22,True,-22.18203957979286,0.8845909570736649
ood,test_ood,penobscot_000_il_0315,penobscot,9,46,22,True,-24.94802529212239,0.9948948783934424
ood,test_ood,penobscot_000_il_0315,penobscot,9,47,22,True,-24.936177423742734,0.9944224007751628
ood,test_ood,penobscot_000_il_0315,penobscot,9,48,22,True,-24.858032330357155,0.9913060758448111
ood,test_ood,penobscot_000_il_0315,penobscot,9,49,22,True,-24.213077370778457,0.9655861088908773
ood,test_ood,penobscot_000_il_0315,penobscot,9,50,22,True,-24.926742691967217,0.9940461559135927
ood,test_ood,penobscot_000_il_0315,penobscot,9,51,22,True,-20.155015585567472,0.8037558702633174
ood,test_ood,penobscot_000_il_0315,penobscot,9,52,22,True,-22.756549945807162,0.9075016850386576
ood,test_ood,penobscot_000_il_0315,penobscot,9,53,22,True,-19.262068110249185,0.7681462835539021
ood,test_ood,penobscot_000_il_0315,penobscot,9,54,22,True,-21.181527275083248,0.8446918245343246
ood,test_ood,penobscot_000_il_0315,penobscot,9,55,22,True,-24.28133633382611,0.9683081877706833
ood,test_ood,penobscot_000_il_0315,penobscot,9,56,22,True,-22.489829034448583,0.8968652011661293
ood,test_ood,penobscot_000_il_0315,penobscot,9,57,22,True,-20.155015585567472,0.8037558702633174
ood,test_ood,penobscot_000_il_0315,penobscot,9,58,22,True,-24.867284126849682,0.9916750254846555
ood,test_ood,penobscot_000_il_0315,penobscot,9,59,22,True,-24.24706601574526,0.9669415319516227
ood,test_ood,penobscot_000_il_0315,penobscot,9,60,22,True,-24.213077370778457,0.9655861088908773
ood,test_ood,penobscot_000_il_0315,penobscot,9,61,22,True,-24.946996999981366,0.9948538714370755
ood,test_ood,penobscot_000_il_0315,penobscot,9,62,22,True,-24.859731296094125,0.9913738283939802
ood,test_ood,penobscot_000_il_0315,penobscot,9,63,22,True,-24.729823227133785,0.986193263160569
ood,test_ood,penobscot_000_il_0315,penobscot,9,64,22,True,-24.30522301625957,0.9692607576729739
ood,test_ood,penobscot_000_il_0315,penobscot,9,65,22,True,-20.09356287236697,0.8013052157962537
ood,test_ood,penobscot_000_il_0315,penobscot,9,66,22,True,-21.32120587197952,0.8502620257444844
ood,test_ood,penobscot_000_il_0315,penobscot,9,67,22,True,-20.52003804437588,0.8183124923011241
ood,test_ood,penobscot_000_il_0315,penobscot,9,68,22,True,-22.596277648615104,0.9011102337811875
ood,test_ood,penobscot_000_il_0315,penobscot,9,69,22,True,-24.80811414924997,0.989315403551484
ood,test_ood,penobscot_000_il_0315,penobscot,9,70,22,True,-24.778747770610956,0.988144310474464
ood,test_ood,penobscot_000_il_0315,penobscot,9,71,22,True,-24.721988901007254,0.9858808403997422
ood,test_ood,penobscot_000_il_0315,penobscot,9,72,22,True,-24.833747789024635,0.990337639845851
ood,test_ood,penobscot_000_il_0315,penobscot,9,73,22,True,-22.15090418294402,0.8833493178457523
ood,test_ood,penobscot_000_il_0315,penobscot,9,74,22,True,-24.692423653606745,0.9847018166945478
ood,test_ood,penobscot_000_il_0315,penobscot,9,75,22,True,-21.361709934329546,0.8518772751966683
ood,test_ood,penobscot_000_il_0315,penobscot,9,76,22,True,-22.086608369652012,0.8807852842359837
ood,test_ood,penobscot_000_il_0315,penobscot,9,77,22,True,-24.729823227133785,0.986193263160569
ood,test_ood,penobscot_000_il_0315,penobscot,9,78,22,True,-22.7285274535434,0.9063841844065799
ood,test_ood,penobscot_000_il_0315,penobscot,9,79,22,True,-20.510672582571665,0.817939009836131
ood,test_ood,penobscot_000_il_0315,penobscot,9,80,22,True,-22.12555920126229,0.8823385928615954
ood,test_ood,penobscot_000_il_0315,penobscot,9,81,22,True,-24.213077370778457,0.9655861088908773
ood,test_ood,penobscot_000_il_0315,penobscot,9,82,22,True,-24.915322000899312,0.9935907135722404
ood,test_ood,penobscot_000_il_0315,penobscot,9,83,22,True,-19.25922607899137,0.7680329470348981
ood,test_ood,penobscot_000_il_0315,penobscot,9,84,22,True,-24.30522301625957,0.9692607576729739
ood,test_ood,penobscot_000_il_0315,penobscot,9,85,22,True,-20.75232752424204,0.8275758953607841
ood,test_ood,penobscot_000_il_0315,penobscot,9,86,22,True,-24.058655020868308,0.9594279459406578
ood,test_ood,penobscot_000_il_0315,penobscot,9,87,22,True,-24.090998464159448,0.9607177604932398
ood,test_ood,penobscot_000_il_0315,penobscot,9,88,22,True,-18.884439827486688,0.7530869576129607
ood,test_ood,penobscot_000_il_0315,penobscot,9,89,22,True,-22.126125787883318,0.8823611876008912
ood,test_ood,penobscot_000_il_0315,penobscot,9,90,22,True,-20.75232752424204,0.8275758953607841
ood,test_ood,penobscot_000_il_0315,penobscot,9,91,22,True,-22.989172219462173,0.9167783594828144
ood,test_ood,penobscot_000_il_0315,penobscot,9,92,22,True,-18.298098117021194,0.7297044109825157
ood,test_ood,penobscot_000_il_0315,penobscot,9,93,22,True,-24.8571418848694,0.9912705660341191
ood,test_ood,penobscot_000_il_0315,penobscot,9,94,22,True,-24.77966034625714,0.9881807028071596
ood,test_ood,penobscot_000_il_0315,penobscot,9,95,22,True,-22.756549945807162,0.9075016850386576
ood,test_ood,penobscot_000_il_0315,penobscot,9,96,22,True,-24.944191088900023,0.9947419753438427
ood,test_ood,penobscot_000_il_0315,penobscot,9,97,22,True,-20.52003804437588,0.8183124923011241
ood,test_ood,penobscot_000_il_0315,penobscot,9,98,22,True,-20.21432207367109,0.8061209360582612
ood,test_ood,penobscot_000_il_0315,penobscot,9,99,22,True,-20.26327154111534,0.8080729773076243
ood,test_ood,penobscot_000_il_0332,penobscot,10,0,22,True,-23.210536868884496,0.8896846181215422
ood,test_ood,penobscot_000_il_0332,penobscot,10,1,22,True,-21.244573797174922,0.8143271580776185
ood,test_ood,penobscot_000_il_0332,penobscot,10,2,22,True,-23.118026688691906,0.8861386043088529
ood,test_ood,penobscot_000_il_0332,penobscot,10,3,22,True,-22.40142424161557,0.8586704686912421
ood,test_ood,penobscot_000_il_0332,penobscot,10,4,22,True,-25.913526216623307,0.9932930809164477
ood,test_ood,penobscot_000_il_0332,penobscot,10,5,22,True,-19.0641084358404,0.7307475966359881
ood,test_ood,penobscot_000_il_0332,penobscot,10,6,22,True,-25.96387078312736,0.9952228418124437
ood,test_ood,penobscot_000_il_0332,penobscot,10,7,22,True,-25.967274099110917,0.9953532945416629
ood,test_ood,penobscot_000_il_0332,penobscot,10,8,22,True,-23.210536868884496,0.8896846181215422
ood,test_ood,penobscot_000_il_0332,penobscot,10,9,22,True,-23.89951228242311,0.9160937800962042
ood,test_ood,penobscot_000_il_0332,penobscot,10,10,22,True,-25.18894634687417,0.965519162184714
ood,test_ood,penobscot_000_il_0332,penobscot,10,11,22,True,-25.87487604222716,0.9918115785349125
ood,test_ood,penobscot_000_il_0332,penobscot,10,12,22,True,-25.289419674137683,0.9693704119124903
ood,test_ood,penobscot_000_il_0332,penobscot,10,13,22,True,-23.89969770408216,0.9161008875060354
ood,test_ood,penobscot_000_il_0332,penobscot,10,14,22,True,-24.41715004581067,0.9359353873130598
ood,test_ood,penobscot_000_il_0332,penobscot,10,15,22,True,-24.10310557502373,0.9238977280101499
ood,test_ood,penobscot_000_il_0332,penobscot,10,16,22,True,-25.30606814406174,0.9700085655101585
ood,test_ood,penobscot_000_il_0332,penobscot,10,17,22,True,-22.285630934217547,0.8542319877954581
ood,test_ood,penobscot_000_il_0332,penobscot,10,18,22,True,-23.428123921605756,0.8980249617767561
ood,test_ood,penobscot_000_il_0332,penobscot,10,19,22,True,-23.724020556906005,0.9093669952018193
ood,test_ood,penobscot_000_il_0332,penobscot,10,20,22,True,-22.285630934217547,0.8542319877954581
ood,test_ood,penobscot_000_il_0332,penobscot,10,21,22,True,-25.98608176799699,0.9960742125370192
ood,test_ood,penobscot_000_il_0332,penobscot,10,22,22,True,-20.330065420579825,0.7792730772351073
ood,test_ood,penobscot_000_il_0332,penobscot,10,23,22,True,-25.737557324363017,0.986548005712188
ood,test_ood,penobscot_000_il_0332,penobscot,10,24,22,True,-23.89969770408216,0.9161008875060354
ood,test_ood,penobscot_000_il_0332,penobscot,10,25,22,True,-25.881465830263217,0.9920641721343401
ood,test_ood,penobscot_000_il_0332,penobscot,10,26,22,True,-22.435380678667954,0.8599720551173718
ood,test_ood,penobscot_000_il_0332,penobscot,10,27,22,True,-25.79597463907561,0.9887872036516995
ood,test_ood,penobscot_000_il_0332,penobscot,10,28,22,True,-25.761405086534396,0.9874621158553681
ood,test_ood,penobscot_000_il_0332,penobscot,10,29,22,True,-25.85984764649892,0.9912355241079946
ood,test_ood,penobscot_000_il_0332,penobscot,10,30,22,True,-23.736961425083795,0.9098630324726482
ood,test_ood,penobscot_000_il_0332,penobscot,10,31,22,True,-23.870577980447656,0.9149846974606295
ood,test_ood,penobscot_000_il_0332,penobscot,10,32,22,True,-25.881465830263217,0.9920641721343401
ood,test_ood,penobscot_000_il_0332,penobscot,10,33,22,True,-20.713609977623243,0.7939747489238488
ood,test_ood,penobscot_000_il_0332,penobscot,10,34,22,True,-23.870577980447656,0.9149846974606295
ood,test_ood,penobscot_000_il_0332,penobscot,10,35,22,True,-23.434555109756364,0.8982714760735243
ood,test_ood,penobscot_000_il_0332,penobscot,10,36,22,True,-25.245681796727396,0.9676938924514784
ood,test_ood,penobscot_000_il_0332,penobscot,10,37,22,True,-22.74780318440254,0.8719475427709843
ood,test_ood,penobscot_000_il_0332,penobscot,10,38,22,True,-23.717877137705234,0.9091315113956295
ood,test_ood,penobscot_000_il_0332,penobscot,10,39,22,True,-25.798025582172578,0.9888658184866913
ood,test_ood,penobscot_000_il_0332,penobscot,10,40,22,True,-20.581928190565154,0.7889272456672828
ood,test_ood,penobscot_000_il_0332,penobscot,10,41,22,True,-19.91600201477879,0.7634015855436744
ood,test_ood,penobscot_000_il_0332,penobscot,10,42,22,True,-25.860424231213283,0.9912576252146736
ood,test_ood,penobscot_000_il_0332,penobscot,10,43,22,True,-19.226995288916118,0.7369912233342557
ood,test_ood,penobscot_000_il_0332,penobscot,10,44,22,True,-21.595519167636038,0.8277792681974319
ood,test_ood,penobscot_000_il_0332,penobscot,10,45,22,True,-21.393074694269973,0.8200193557492642
ood,test_ood,penobscot_000_il_0332,penobscot,10,46,22,True,-25.18894634687417,0.965519162184714
ood,test_ood,penobscot_000_il_0332,penobscot,10,47,22,True,-23.624325637418032,0.9055455826737784
ood,test_ood,penobscot_000_il_0332,penobscot,10,48,22,True,-23.14598272669369,0.8872101890435926
ood,test_ood,penobscot_000_il_0332,penobscot,10,49,22,True,-22.51987090579516,0.8632106555806572
ood,test_ood,penobscot_000_il_0332,penobscot,10,50,22,True,-23.140723782745674,0.8870086081165964
ood,test_ood,penobscot_000_il_0332,penobscot,10,51,22,True,-25.890123022304387,0.9923960115329143
ood,test_ood,penobscot_000_il_0332,penobscot,10,52,22,True,-24.1548310337162,0.9258804199756108
ood,test_ood,penobscot_000_il_0332,penobscot,10,53,22,True,-24.199064238118286,0.9275759258481837
ood,test_ood,penobscot_000_il_0332,penobscot,10,54,22,True,-19.226995288916118,0.7369912233342557
ood,test_ood,penobscot_000_il_0332,penobscot,10,55,22,True,-25.843057339051207,0.9905919337268607
ood,test_ood,penobscot_000_il_0332,penobscot,10,56,22,True,-20.41964918862506,0.7827069185509478
ood,test_ood,penobscot_000_il_0332,penobscot,10,57,22,True,-23.55215615063108,0.9027792493203196
ood,test_ood,penobscot_000_il_0332,penobscot,10,58,22,True,-23.736961425083795,0.9098630324726482
ood,test_ood,penobscot_000_il_0332,penobscot,10,59,22,True,-21.393074694269973,0.8200193557492642
ood,test_ood,penobscot_000_il_0332,penobscot,10,60,22,True,-19.226995288916118,0.7369912233342557
ood,test_ood,penobscot_000_il_0332,penobscot,10,61,22,True,-19.0641084358404,0.7307475966359881
ood,test_ood,penobscot_000_il_0332,penobscot,10,62,22,True,-25.88405224195669,0.992163312051388
ood,test_ood,penobscot_000_il_0332,penobscot,10,63,22,True,-21.988393185492214,0.8428385480633281
ood,test_ood,penobscot_000_il_0332,penobscot,10,64,22,True,-25.147587542799705,0.9639338351405004
ood,test_ood,penobscot_000_il_0332,penobscot,10,65,22,True,-25.94485971485632,0.99449412730186
ood,test_ood,penobscot_000_il_0332,penobscot,10,66,22,True,-20.657907971380993,0.7918396316522327
ood,test_ood,penobscot_000_il_0332,penobscot,10,67,22,True,-21.243540124924483,0.8142875363184756
ood,test_ood,penobscot_000_il_0332,penobscot,10,68,22,True,-24.202880749725203,0.9277222168060679
ood,test_ood,penobscot_000_il_0332,penobscot,10,69,22,True,-21.579038009262096,0.8271475278298155
ood,test_ood,penobscot_000_il_0332,penobscot,10,70,22,True,-25.247925986074677,0.9677799146212243
ood,test_ood,penobscot_000_il_0332,penobscot,10,71,22,True,-25.860424231213283,0.9912576252146736
ood,test_ood,penobscot_000_il_0332,penobscot,10,72,22,True,-22.40142424161557,0.8586704686912421
ood,test_ood,penobscot_000_il_0332,penobscot,10,73,22,True,-25.96451674805254,0.9952476023365552
ood,test_ood,penobscot_000_il_0332,penobscot,10,74,22,True,-23.506502769510714,0.9010293065603793
ood,test_ood,penobscot_000_il_0332,penobscot,10,75,22,True,-21.988393185492214,0.8428385480633281
ood,test_ood,penobscot_000_il_0332,penobscot,10,76,22,True,-23.440076998643132,0.898483135960294
ood,test_ood,penobscot_000_il_0332,penobscot,10,77,22,True,-25.50292853602251,0.9775544341660305
ood,test_ood,penobscot_000_il_0332,penobscot,10,78,22,True,-25.98608176799699,0.9960742125370192
ood,test_ood,penobscot_000_il_0332,penobscot,10,79,22,True,-24.1548310337162,0.9258804199756108
ood,test_ood,penobscot_000_il_0332,penobscot,10,80,22,True,-25.852786928194277,0.9909648792494109
ood,test_ood,penobscot_000_il_0332,penobscot,10,81,22,True,-18.651104609939132,0.7149167197715117
ood,test_ood,penobscot_000_il_0332,penobscot,10,82,22,True,-23.889954364137825,0.9157274149006159
ood,test_ood,penobscot_000_il_0332,penobscot,10,83,22,True,-25.87487604222716,0.9918115785349125
ood,test_ood,penobscot_000_il_0332,penobscot,10,84,22,True,-25.88405224195669,0.992163312051388
ood,test_ood,penobscot_000_il_0332,penobscot,10,85,22,True,-25.84510114163394,0.9906702748583308
ood,test_ood,penobscot_000_il_0332,penobscot,10,86,22,True,-25.26685194193695,0.9685053666824596
ood,test_ood,penobscot_000_il_0332,penobscot,10,87,22,True,-25.768754323697195,0.9877438199493148
ood,test_ood,penobscot_000_il_0332,penobscot,10,88,22,True,-25.753368848690442,0.9871540782930436
ood,test_ood,penobscot_000_il_0332,penobscot,10,89,22,True,-25.907057605788523,0.9930451321683068
ood,test_ood,penobscot_000_il_0332,penobscot,10,90,22,True,-25.697509523493757,0.9850129308182186
ood,test_ood,penobscot_000_il_0332,penobscot,10,91,22,True,-25.50292853602251,0.9775544341660305
ood,test_ood,penobscot_000_il_0332,penobscot,10,92,22,True,-15.78060091513606,0.6048872535013465
ood,test_ood,penobscot_000_il_0332,penobscot,10,93,22,True,-17.514623623485427,0.6713541921941796
ood,test_ood,penobscot_000_il_0332,penobscot,10,94,22,True,-24.136882805713057,0.9251924452653689
ood,test_ood,penobscot_000_il_0332,penobscot,10,95,22,True,-23.624325637418032,0.9055455826737784
ood,test_ood,penobscot_000_il_0332,penobscot,10,96,22,True,-24.151143722289458,0.9257390813983463
ood,test_ood,penobscot_000_il_0332,penobscot,10,97,22,True,-25.95511225454382,0.994887118076187
ood,test_ood,penobscot_000_il_0332,penobscot,10,98,22,True,-20.68519341536088,0.7928855118033321
ood,test_ood,penobscot_000_il_0332,penobscot,10,99,22,True,-24.10310557502373,0.9238977280101499
ood,test_ood,penobscot_000_il_0342,penobscot,11,0,21,True,-21.56524407558799,0.8122003623132721
ood,test_ood,penobscot_000_il_0342,penobscot,11,1,21,True,-26.06026495487223,0.9814939522195034
ood,test_ood,penobscot_000_il_0342,penobscot,11,2,21,True,-25.519368168343775,0.9611224431165851
ood,test_ood,penobscot_000_il_0342,penobscot,11,3,21,True,-24.111963672030114,0.9081161132173899
ood,test_ood,penobscot_000_il_0342,penobscot,11,4,21,True,-20.719585866961125,0.7803507852330179
ood,test_ood,penobscot_000_il_0342,penobscot,11,5,21,True,-20.625615524290787,0.7768116300026838
ood,test_ood,penobscot_000_il_0342,penobscot,11,6,21,True,-22.735333805624723,0.8562688318999747
ood,test_ood,penobscot_000_il_0342,penobscot,11,7,21,True,-24.5493346507319,0.9245885846682941
ood,test_ood,penobscot_000_il_0342,penobscot,11,8,21,True,-26.26699227485842,0.9892798137476325
ood,test_ood,penobscot_000_il_0342,penobscot,11,9,21,True,-24.54802586589242,0.9245392925982812
ood,test_ood,penobscot_000_il_0342,penobscot,11,10,21,True,-21.221194659206617,0.7992426114221077
ood,test_ood,penobscot_000_il_0342,penobscot,11,11,21,True,-19.07130181527534,0.7182723362582697
ood,test_ood,penobscot_000_il_0342,penobscot,11,12,21,True,-25.53478774631196,0.9617031825122802
ood,test_ood,penobscot_000_il_0342,penobscot,11,13,21,True,-26.149285041304637,0.9848466685718033
ood,test_ood,penobscot_000_il_0342,penobscot,11,14,21,True,-22.41052214635419,0.8440356224626776
ood,test_ood,penobscot_000_il_0342,penobscot,11,15,21,True,-21.557997864826408,0.8119274521164139
ood,test_ood,penobscot_000_il_0342,penobscot,11,16,21,True,-25.67786763312735,0.9670919244854235
ood,test_ood,penobscot_000_il_0342,penobscot,11,17,21,True,-23.816712349351043,0.8969962190760169
ood,test_ood,penobscot_000_il_0342,penobscot,11,18,21,True,-21.971668988846197,0.8275073284966561
ood,test_ood,penobscot_000_il_0342,penobscot,11,19,21,True,-24.42661121783252,0.9199665170341028
ood,test_ood,penobscot_000_il_0342,penobscot,11,20,21,True,-25.487484452468806,0.9599216236176369
ood,test_ood,penobscot_000_il_0342,penobscot,11,21,21,True,-22.61969685244815,0.8519136585971538
ood,test_ood,penobscot_000_il_0342,penobscot,11,22,21,True,-21.365459331284914,0.8046759753349068
ood,test_ood,penobscot_000_il_0342,penobscot,11,23,21,True,-20.41131609126326,0.7687405839927977
ood,test_ood,penobscot_000_il_0342,penobscot,11,24,21,True,-21.716959477761673,0.8179143391262427
ood,test_ood,penobscot_000_il_0342,penobscot,11,25,21,True,-25.614210929038947,0.9646944557647801
ood,test_ood,penobscot_000_il_0342,penobscot,11,26,21,True,-18.251528769407614,0.6873976583490066
ood,test_ood,penobscot_000_il_0342,penobscot,11,27,21,True,-20.53748424196599,0.7734923882085988
ood,test_ood,penobscot_000_il_0342,penobscot,11,28,21,True,-22.535945828690394,0.8487593881608105
ood,test_ood,penobscot_000_il_0342,penobscot,11,29,21,True,-21.63013371950032,0.8146442665932908
ood,test_ood,penobscot_000_il_0342,penobscot,11,30,21,True,-24.241430003696905,0.9129921350754578
ood,test_ood,penobscot_000_il_0342,penobscot,11,31,21,True,-21.367646942684512,0.8047583661840492
ood,test_ood,penobscot_000_il_0342,penobscot,11,32,21,True,-19.284892921423744,0.7263167049281797
ood,test_ood,penobscot_000_il_0342,penobscot,11,33,21,True,-17.8531668800769,0.6723943655639985
ood,test_ood,penobscot_000_il_0342,penobscot,11,34,21,True,-21.881535911385093,0.8241126941529074
ood,test_ood,penobscot_000_il_0342,penobscot,11,35,21,True,-26.35211191897745,0.9924856298075451
ood,test_ood,penobscot_000_il_0342,penobscot,11,36,21,True,-20.894171041361027,0.7869260941608976
ood,test_ood,penobscot_000_il_0342,penobscot,11,37,21,True,-17.719954478634232,0.6673772574646363
ood,test_ood,penobscot_000_il_0342,penobscot,11,38,21,True,-17.55003979155441,0.6609778506262596
ood,test_ood,penobscot_000_il_0342,penobscot,11,39,21,True,-25.636486526644205,0.9655334097957347
ood,test_ood,penobscot_000_il_0342,penobscot,11,40,21,True,-25.94853029483166,0.977285748915622
ood,test_ood,penobscot_000_il_0342,penobscot,11,41,21,True,-21.484529529751622,0.80916045313615
ood,test_ood,penobscot_000_il_0342,penobscot,11,42,21,True,-19.688995062497412,0.7415361897733864
ood,test_ood,penobscot_000_il_0342,penobscot,11,43,21,True,-22.6096430848902,0.8515350088761234
ood,test_ood,penobscot_000_il_0342,penobscot,11,44,21,True,-25.10372305524456,0.9454682214314672
ood,test_ood,penobscot_000_il_0342,penobscot,11,45,21,True,-24.183622073076805,0.91081494561126
ood,test_ood,penobscot_000_il_0342,penobscot,11,46,21,True,-20.94981063274,0.7890216186130472
ood,test_ood,penobscot_000_il_0342,penobscot,11,47,21,True,-22.59264705127572,0.8508948962666308
ood,test_ood,penobscot_000_il_0342,penobscot,11,48,21,True,-20.752553282859974,0.7815924195518188
ood,test_ood,penobscot_000_il_0342,penobscot,11,49,21,True,-19.995204688986938,0.7530688007054439
ood,test_ood,penobscot_000_il_0342,penobscot,11,50,21,True,-23.81172925784113,0.8968085435405295
ood,test_ood,penobscot_000_il_0342,penobscot,11,51,21,True,-15.953633185857356,0.6008532344150197
ood,test_ood,penobscot_000_il_0342,penobscot,11,52,21,True,-22.06874255163885,0.8311633586623655
ood,test_ood,penobscot_000_il_0342,penobscot,11,53,21,True,-18.788771814827538,0.707631558536313
ood,test_ood,penobscot_000_il_0342,penobscot,11,54,21,True,-25.58115395925006,0.963449448625264
ood,test_ood,penobscot_000_il_0342,penobscot,11,55,21,True,-21.922702385532247,0.8256631252586386
ood,test_ood,penobscot_000_il_0342,penobscot,11,56,21,True,-18.40557563925033,0.6931994439935806
ood,test_ood,penobscot_000_il_0342,penobscot,11,57,21,True,-22.141627561442284,0.8339083881719813
ood,test_ood,penobscot_000_il_0342,penobscot,11,58,21,True,-21.947952623180527,0.8266141115815637
ood,test_ood,penobscot_000_il_0342,penobscot,11,59,21,True,-23.533152831656707,0.8863166671914439
ood,test_ood,penobscot_000_il_0342,penobscot,11,60,21,True,-21.83556563675696,0.8223813400547232
ood,test_ood,penobscot_000_il_0342,penobscot,11,61,21,True,-26.33358827998832,0.9917879838061547
ood,test_ood,penobscot_000_il_0342,penobscot,11,62,21,True,-23.480594881260885,0.8843372049509837
ood,test_ood,penobscot_000_il_0342,penobscot,11,63,21,True,-25.51655848517234,0.9610166235078743
ood,test_ood,penobscot_000_il_0342,penobscot,11,64,21,True,-22.658364530912824,0.8533699788849622
ood,test_ood,penobscot_000_il_0342,penobscot,11,65,21,True,-22.15026841748339,0.8342338241551159
ood,test_ood,penobscot_000_il_0342,penobscot,11,66,21,True,-26.08688411909842,0.9824964956988724
ood,test_ood,penobscot_000_il_0342,penobscot,11,67,21,True,-18.746308356273843,0.7060322797940228
ood,test_ood,penobscot_000_il_0342,penobscot,11,68,21,True,-20.627361502569308,0.776877387857565
ood,test_ood,penobscot_000_il_0342,penobscot,11,69,21,True,-21.674043545720274,0.8162980191147065
ood,test_ood,penobscot_000_il_0342,penobscot,11,70,21,True,-23.484648359312875,0.8844898689473157
ood,test_ood,penobscot_000_il_0342,penobscot,11,71,21,True,-21.93399079951982,0.8260882748140298
ood,test_ood,penobscot_000_il_0342,penobscot,11,72,21,True,-26.146112647263863,0.9847271883757854
ood,test_ood,penobscot_000_il_0342,penobscot,11,73,21,True,-24.284677639709354,0.9146209478779184
ood,test_ood,penobscot_000_il_0342,penobscot,11,74,21,True,-21.92374542446131,0.82570240868122
ood,test_ood,penobscot_000_il_0342,penobscot,11,75,21,True,-23.91056450983008,0.9005309232730929
ood,test_ood,penobscot_000_il_0342,penobscot,11,76,21,True,-26.181007903808172,0.9860414299354434
ood,test_ood,penobscot_000_il_0342,penobscot,11,77,21,True,-24.034172832777507,0.9051863180523474
ood,test_ood,penobscot_000_il_0342,penobscot,11,78,21,True,-25.10372305524456,0.9454682214314672
ood,test_ood,penobscot_000_il_0342,penobscot,11,79,21,True,-20.562655906330477,0.7744404152675648
ood,test_ood,penobscot_000_il_0342,penobscot,11,80,21,True,-23.340017355733945,0.8790427080852918
ood,test_ood,penobscot_000_il_0342,penobscot,11,81,21,True,-26.304532072220304,0.9906936552470204
ood,test_ood,penobscot_000_il_0342,penobscot,11,82,21,True,-25.645476475688298,0.9658719934836909
ood,test_ood,penobscot_000_il_0342,penobscot,11,83,21,True,-24.02257119016204,0.9047493715330923
ood,test_ood,penobscot_000_il_0342,penobscot,11,84,21,True,-21.310148234085524,0.802592822785006
ood,test_ood,penobscot_000_il_0342,penobscot,11,85,21,True,-26.35211191897745,0.9924856298075451
ood,test_ood,penobscot_000_il_0342,penobscot,11,86,21,True,-21.155404643089618,0.7967647969007637
ood,test_ood,penobscot_000_il_0342,penobscot,11,87,21,True,-26.14031817423765,0.9845089542081217
ood,test_ood,penobscot_000_il_0342,penobscot,11,88,21,True,-21.191887589083564,0.7981388347670023
ood,test_ood,penobscot_000_il_0342,penobscot,11,89,21,True,-18.94512913937897,0.7135203616124982
ood,test_ood,penobscot_000_il_0342,penobscot,11,90,21,True,-20.900633716068103,0.7871694944544538
ood,test_ood,penobscot_000_il_0342,penobscot,11,91,21,True,-23.90302654102944,0.9002470247477842
ood,test_ood,penobscot_000_il_0342,penobscot,11,92,21,True,-22.59077028232629,0.8508242125120039
ood,test_ood,penobscot_000_il_0342,penobscot,11,93,21,True,-22.386770858153845,0.8431410902786637
ood,test_ood,penobscot_000_il_0342,penobscot,11,94,21,True,-23.720600972616758,0.893376427214056
ood,test_ood,penobscot_000_il_0342,penobscot,11,95,21,True,-20.553307455628016,0.7740883295215841
ood,test_ood,penobscot_000_il_0342,penobscot,11,96,21,True,-18.895427515980458,0.7116484757024505
ood,test_ood,penobscot_000_il_0342,penobscot,11,97,21,True,-21.19764522251357,0.7983556814644722
ood,test_ood,penobscot_000_il_0342,penobscot,11,98,21,True,-21.94376530957278,0.8264564070076014
ood,test_ood,penobscot_000_il_0342,penobscot,11,99,21,True,-19.43453966279171,0.7319527708652053
ood,test_ood,penobscot_000_il_0392,penobscot,12,0,21,True,-27.260600251733813,0.9740968849074206
ood,test_ood,penobscot_000_il_0392,penobscot,12,1,21,True,-23.926881770229564,0.8549738737483008
ood,test_ood,penobscot_000_il_0392,penobscot,12,2,21,True,-25.21095444582023,0.9008573532658898
ood,test_ood,penobscot_000_il_0392,penobscot,12,3,21,True,-26.180204577672797,0.9354913497815623
ood,test_ood,penobscot_000_il_0392,penobscot,12,4,21,True,-25.73003647169123,0.9194055943076554
ood,test_ood,penobscot_000_il_0392,penobscot,12,5,21,True,-22.86403810320615,0.8169955205341144
ood,test_ood,penobscot_000_il_0392,penobscot,12,6,21,True,-23.151666015362895,0.8272732638947543
ood,test_ood,penobscot_000_il_0392,penobscot,12,7,21,True,-27.629686247085203,0.9872853515961493
ood,test_ood,penobscot_000_il_0392,penobscot,12,8,21,True,-22.576259960093886,0.8067124090045994
ood,test_ood,penobscot_000_il_0392,penobscot,12,9,21,True,-21.45501491383977,0.7666472124686375
ood,test_ood,penobscot_000_il_0392,penobscot,12,10,21,True,-23.227676463018057,0.8299893280898778
ood,test_ood,penobscot_000_il_0392,penobscot,12,11,21,True,-24.980645295458736,0.8926277683022008
ood,test_ood,penobscot_000_il_0392,penobscot,12,12,21,True,-25.97011688931108,0.9279843337620772
ood,test_ood,penobscot_000_il_0392,penobscot,12,13,21,True,-25.828979814813504,0.9229411144879787
ood,test_ood,penobscot_000_il_0392,penobscot,12,14,21,True,-25.395701452197148,0.9074588764071964
ood,test_ood,penobscot_000_il_0392,penobscot,12,15,21,True,-26.703840628566233,0.9542023187730863
ood,test_ood,penobscot_000_il_0392,penobscot,12,16,21,True,-23.274841248977935,0.8316746567567666
ood,test_ood,penobscot_000_il_0392,penobscot,12,17,21,True,-25.3286942745958,0.9050645240317838
ood,test_ood,penobscot_000_il_0392,penobscot,12,18,21,True,-18.19211392600756,0.6500547068503304
ood,test_ood,penobscot_000_il_0392,penobscot,12,19,21,True,-20.95731092362389,0.7488628679568381
ood,test_ood,penobscot_000_il_0392,penobscot,12,20,21,True,-24.079582411348376,0.8604302913423243
ood,test_ood,penobscot_000_il_0392,penobscot,12,21,21,True,-21.584047380570773,0.7712579005215027
ood,test_ood,penobscot_000_il_0392,penobscot,12,22,21,True,-22.57874539369033,0.8068012204431438
ood,test_ood,penobscot_000_il_0392,penobscot,12,23,21,True,-23.227676463018057,0.8299893280898778
ood,test_ood,penobscot_000_il_0392,penobscot,12,24,21,True,-23.782236521280787,0.8498052976671964
ood,test_ood,penobscot_000_il_0392,penobscot,12,25,21,True,-19.342435568634407,0.6911588908513093
ood,test_ood,penobscot_000_il_0392,penobscot,12,26,21,True,-23.08619904399731,0.8249339473616385
ood,test_ood,penobscot_000_il_0392,penobscot,12,27,21,True,-25.119238454247878,0.8975800864096275
ood,test_ood,penobscot_000_il_0392,penobscot,12,28,21,True,-22.685802499990793,0.8106266678944651
ood,test_ood,penobscot_000_il_0392,penobscot,12,29,21,True,-24.081029529830136,0.860482000900887
ood,test_ood,penobscot_000_il_0392,penobscot,12,30,21,True,-26.72131134075181,0.9548265957941322
ood,test_ood,penobscot_000_il_0392,penobscot,12,31,21,True,-25.286011754448605,0.9035393591589839
ood,test_ood,penobscot_000_il_0392,penobscot,12,32,21,True,-27.12560461959752,0.9692731164090833
ood,test_ood,penobscot_000_il_0392,penobscot,12,33,21,True,-27.60777900707993,0.9865025451264092
ood,test_ood,penobscot_000_il_0392,penobscot,12,34,21,True,-27.10268114499855,0.9684539970576418
ood,test_ood,penobscot_000_il_0392,penobscot,12,35,21,True,-27.154483660608282,0.9703050446728754
ood,test_ood,penobscot_000_il_0392,penobscot,12,36,21,True,-26.99259739066762,0.9645203990743818
ood,test_ood,penobscot_000_il_0392,penobscot,12,37,21,True,-27.447684536669374,0.9807819254966966
ood,test_ood,penobscot_000_il_0392,penobscot,12,38,21,True,-23.49753775920503,0.8396322209662402
ood,test_ood,penobscot_000_il_0392,penobscot,12,39,21,True,-25.57261746387517,0.913780576379846
ood,test_ood,penobscot_000_il_0392,penobscot,12,40,21,True,-23.370380774781353,0.8350885490999745
ood,test_ood,penobscot_000_il_0392,penobscot,12,41,21,True,-25.3259555370378,0.9049666613398694
ood,test_ood,penobscot_000_il_0392,penobscot,12,42,21,True,-18.841515626473406,0.6732596314534537
ood,test_ood,penobscot_000_il_0392,penobscot,12,43,21,True,-26.09006283841608,0.9322703353284957
ood,test_ood,penobscot_000_il_0392,penobscot,12,44,21,True,-26.10250065383618,0.9327147729837159
ood,test_ood,penobscot_000_il_0392,penobscot,12,45,21,True,-23.22078714014615,0.8297431534683848
ood,test_ood,penobscot_000_il_0392,penobscot,12,46,21,True,-19.23580214967908,0.6873485829244027
ood,test_ood,penobscot_000_il_0392,penobscot,12,47,21,True,-27.56802855519883,0.9850821511881436
ood,test_ood,penobscot_000_il_0392,penobscot,12,48,21,True,-25.117118999607037,0.8975043524146206
ood,test_ood,penobscot_000_il_0392,penobscot,12,49,21,True,-27.01628613116299,0.9653668634996272
ood,test_ood,penobscot_000_il_0392,penobscot,12,50,21,True,-25.76213550591378,0.9205525818631743
ood,test_ood,penobscot_000_il_0392,penobscot,12,51,21,True,-23.019531470453636,0.8225517299814802
ood,test_ood,penobscot_000_il_0392,penobscot,12,52,21,True,-23.499668726862808,0.8397083663532866
ood,test_ood,penobscot_000_il_0392,penobscot,12,53,21,True,-17.1499716843661,0.6128160730037109
ood,test_ood,penobscot_000_il_0392,penobscot,12,54,21,True,-24.03829959296472,0.8589551416971818
ood,test_ood,penobscot_000_il_0392,penobscot,12,55,21,True,-25.060813116258423,0.8954923869749252
ood,test_ood,penobscot_000_il_0392,penobscot,12,56,21,True,-18.71249574524044,0.6686493931153537
ood,test_ood,penobscot_000_il_0392,penobscot,12,57,21,True,-23.22087233514585,0.829746197722108
ood,test_ood,penobscot_000_il_0392,penobscot,12,58,21,True,-23.52695042367065,0.840683217076679
ood,test_ood,penobscot_000_il_0392,penobscot,12,59,21,True,-25.330596566798995,0.9051324982103492
ood,test_ood,penobscot_000_il_0392,penobscot,12,60,21,True,-26.750096197669336,0.9558551585989475
ood,test_ood,penobscot_000_il_0392,penobscot,12,61,21,True,-22.614279230392228,0.8080709430215356
ood,test_ood,penobscot_000_il_0392,penobscot,12,62,21,True,-27.63881446470951,0.9876115281392366
ood,test_ood,penobscot_000_il_0392,penobscot,12,63,21,True,-27.613393749145413,0.9867031754392067
ood,test_ood,penobscot_000_il_0392,penobscot,12,64,21,True,-23.501606038281796,0.8397775918655975
ood,test_ood,penobscot_000_il_0392,penobscot,12,65,21,True,-25.679090092951707,0.917585138838252
ood,test_ood,penobscot_000_il_0392,penobscot,12,66,21,True,-23.607891105873215,0.8435754522317274
ood,test_ood,penobscot_000_il_0392,penobscot,12,67,21,True,-22.602194110346176,0.8076391081506271
ood,test_ood,penobscot_000_il_0392,penobscot,12,68,21,True,-27.476622149512846,0.9818159466945857
ood,test_ood,penobscot_000_il_0392,penobscot,12,69,21,True,-20.127849832012068,0.7192239217109792
ood,test_ood,penobscot_000_il_0392,penobscot,12,70,21,True,-21.329393927865226,0.762158426088777
ood,test_ood,penobscot_000_il_0392,penobscot,12,71,21,True,-26.72131134075181,0.9548265957941322
ood,test_ood,penobscot_000_il_0392,penobscot,12,72,21,True,-23.537320258312423,0.84105376004082
ood,test_ood,penobscot_000_il_0392,penobscot,12,73,21,True,-24.003734732425727,0.8577200433256356
ood,test_ood,penobscot_000_il_0392,penobscot,12,74,21,True,-23.950070953598313,0.855802487611329
ood,test_ood,penobscot_000_il_0392,penobscot,12,75,21,True,-21.022203128894276,0.7511816465026127
ood,test_ood,penobscot_000_il_0392,penobscot,12,76,21,True,-27.688722784465405,0.9893948908809316
ood,test_ood,penobscot_000_il_0392,penobscot,12,77,21,True,-24.946996849363465,0.891425415961434
ood,test_ood,penobscot_000_il_0392,penobscot,12,78,21,True,-26.283991110288532,0.9391999305605163
ood,test_ood,penobscot_000_il_0392,penobscot,12,79,21,True,-25.604266060760565,0.9149114685595148
ood,test_ood,penobscot_000_il_0392,penobscot,12,80,21,True,-23.16962933933182,0.827915143301632
ood,test_ood,penobscot_000_il_0392,penobscot,12,81,21,True,-18.790593421471907,0.671440039778783
ood,test_ood,penobscot_000_il_0392,penobscot,12,82,21,True,-22.63659486571368,0.808868342589066
ood,test_ood,penobscot_000_il_0392,penobscot,12,83,21,True,-26.996966606133956,0.9646765232659238
ood,test_ood,penobscot_000_il_0392,penobscot,12,84,21,True,-26.020349492714764,0.9297792840582728
ood,test_ood,penobscot_000_il_0392,penobscot,12,85,21,True,-25.618505112812176,0.9154202693973328
ood,test_ood,penobscot_000_il_0392,penobscot,12,86,21,True,-23.503667378736115,0.8398512492794746
ood,test_ood,penobscot_000_il_0392,penobscot,12,87,21,True,-26.051492778153005,0.930892120057885
ood,test_ood,penobscot_000_il_0392,penobscot,12,88,21,True,-24.948799050063645,0.8914898135928809
ood,test_ood,penobscot_000_il_0392,penobscot,12,89,21,True,-25.509538349478223,0.9115265846016248
ood,test_ood,penobscot_000_il_0392,penobscot,12,90,21,True,-24.291717716910455,0.8680104744057461
ood,test_ood,penobscot_000_il_0392,penobscot,12,91,21,True,-17.5704258214703,0.6278400659245413
ood,test_ood,penobscot_000_il_0392,penobscot,12,92,21,True,-25.281842643475258,0.903390385256191
ood,test_ood,penobscot_000_il_0392,penobscot,12,93,21,True,-27.759131495152875,0.991910789471486
ood,test_ood,penobscot_000_il_0392,penobscot,12,94,21,True,-21.969036612074618,0.7850146339634576
ood,test_ood,penobscot_000_il_0392,penobscot,12,95,21,True,-26.00715700121796,0.9293078797328898
ood,test_ood,penobscot_000_il_0392,penobscot,12,96,21,True,-24.980386640734416,0.8926185258512312
ood,test_ood,penobscot_000_il_0392,penobscot,12,97,21,True,-25.216185259129936,0.9010442647389852
ood,test_ood,penobscot_000_il_0392,penobscot,12,98,21,True,-21.43209429151426,0.7658281950368409
ood,test_ood,penobscot_000_il_0392,penobscot,12,99,21,True,-19.86201239131199,0.7097248123558492
ood,test_ood,penobscot_000_il_0438,penobscot,13,0,21,True,-28.31294336900225,0.9908143371627314
ood,test_ood,penobscot_000_il_0438,penobscot,13,1,21,True,-26.40239796277609,0.9239546060631462
ood,test_ood,penobscot_000_il_0438,penobscot,13,2,21,True,-24.06770292568435,0.8422517154274174
ood,test_ood,penobscot_000_il_0438,penobscot,13,3,21,True,-26.58009359498001,0.93017308281225
ood,test_ood,penobscot_000_il_0438,penobscot,13,4,21,True,-24.726650926762034,0.8653116678457625
ood,test_ood,penobscot_000_il_0438,penobscot,13,5,21,True,-25.92742053091881,0.9073327224539639
ood,test_ood,penobscot_000_il_0438,penobscot,13,6,21,True,-26.07063119864726,0.9123443943586003
ood,test_ood,penobscot_000_il_0438,penobscot,13,7,21,True,-23.265806259875774,0.814189259926023
ood,test_ood,penobscot_000_il_0438,penobscot,13,8,21,True,-27.76291257694659,0.97156595356845
ood,test_ood,penobscot_000_il_0438,penobscot,13,9,21,True,-27.58622919680715,0.9653829006834505
ood,test_ood,penobscot_000_il_0438,penobscot,13,10,21,True,-27.763125046397448,0.9715733889585247
ood,test_ood,penobscot_000_il_0438,penobscot,13,11,21,True,-23.692331713690983,0.8291155616282907
ood,test_ood,penobscot_000_il_0438,penobscot,13,12,21,True,-27.78768078395813,0.9724327194957154
ood,test_ood,penobscot_000_il_0438,penobscot,13,13,21,True,-25.081636608694225,0.8777344279439224
ood,test_ood,penobscot_000_il_0438,penobscot,13,14,21,True,-27.75740105436269,0.9713730772742213
ood,test_ood,penobscot_000_il_0438,penobscot,13,15,21,True,-28.218201324528806,0.9874988296659313
ood,test_ood,penobscot_000_il_0438,penobscot,13,16,21,True,-27.62291881743496,0.9666668576945364
ood,test_ood,penobscot_000_il_0438,penobscot,13,17,21,True,-23.629438284062147,0.8269145996520868
ood,test_ood,penobscot_000_il_0438,penobscot,13,18,21,True,-24.764074116554863,0.8666212961844995
ood,test_ood,penobscot_000_il_0438,penobscot,13,19,21,True,-26.592685362441653,0.9306137329971714
ood,test_ood,penobscot_000_il_0438,penobscot,13,20,21,True,-23.759272894146555,0.8314581750569812
ood,test_ood,penobscot_000_il_0438,penobscot,13,21,21,True,-22.29092111382318,0.7800730549378332
ood,test_ood,penobscot_000_il_0438,penobscot,13,22,21,True,-23.298477699075463,0.8153326002687383
ood,test_ood,penobscot_000_il_0438,penobscot,13,23,21,True,-24.260500748395604,0.848998694871639
ood,test_ood,penobscot_000_il_0438,penobscot,13,24,21,True,-22.585715436479347,0.7903894122870191
ood,test_ood,penobscot_000_il_0438,penobscot,13,25,21,True,-28.22344052444175,0.9876821760005514
ood,test_ood,penobscot_000_il_0438,penobscot,13,26,21,True,-23.692331713690983,0.8291155616282907
ood,test_ood,penobscot_000_il_0438,penobscot,13,27,21,True,-20.784267975076858,0.7273475748792866
ood,test_ood,penobscot_000_il_0438,penobscot,13,28,21,True,-23.323893004249417,0.8162220114621109
ood,test_ood,penobscot_000_il_0438,penobscot,13,29,21,True,-24.51580754244576,0.8579331821350472
ood,test_ood,penobscot_000_il_0438,penobscot,13,30,21,True,-19.952412674859357,0.6982367139151565
ood,test_ood,penobscot_000_il_0438,penobscot,13,31,21,True,-24.132247179404658,0.8445104481608556
ood,test_ood,penobscot_000_il_0438,penobscot,13,32,21,True,-25.434572035492767,0.8900854391548407
ood,test_ood,penobscot_000_il_0438,penobscot,13,33,21,True,-24.117698163643723,0.8440013038723351
ood,test_ood,penobscot_000_il_0438,penobscot,13,34,21,True,-23.64512311420483,0.8274634918805912
ood,test_ood,penobscot_000_il_0438,penobscot,13,35,21,True,-26.2740264376781,0.9194622314663818
ood,test_ood,penobscot_000_il_0438,penobscot,13,36,21,True,-24.808695493562038,0.8681828258180118
ood,test_ood,penobscot_000_il_0438,penobscot,13,37,21,True,-23.843120949638482,0.8343924462997079
ood,test_ood,penobscot_000_il_0438,penobscot,13,38,21,True,-25.26473915066267,0.8841421200509857
ood,test_ood,penobscot_000_il_0438,penobscot,13,39,21,True,-28.18718532873443,0.9864134217338093
ood,test_ood,penobscot_000_il_0438,penobscot,13,40,21,True,-26.043814287920746,0.911405933836148
ood,test_ood,penobscot_000_il_0438,penobscot,13,41,21,True,-23.185797813358015,0.8113893561904508
ood,test_ood,penobscot_000_il_0438,penobscot,13,42,21,True,-27.697452987600208,0.9692751885715408
ood,test_ood,penobscot_000_il_0438,penobscot,13,43,21,True,-21.079313261103177,0.7376727147171748
ood,test_ood,penobscot_000_il_0438,penobscot,13,44,21,True,-23.913446121553644,0.8368534828542216
ood,test_ood,penobscot_000_il_0438,penobscot,13,45,21,True,-24.386624822365835,0.8534124196872616
ood,test_ood,penobscot_000_il_0438,penobscot,13,46,21,True,-26.28784487520671,0.9199458090952454
ood,test_ood,penobscot_000_il_0438,penobscot,13,47,21,True,-24.008358620305266,0.8401749554158484
ood,test_ood,penobscot_000_il_0438,penobscot,13,48,21,True,-26.373319121101993,0.922936989036782
ood,test_ood,penobscot_000_il_0438,penobscot,13,49,21,True,-26.36283167734708,0.9225699798743248
ood,test_ood,penobscot_000_il_0438,penobscot,13,50,21,True,-26.377205785305666,0.9230730032464863
ood,test_ood,penobscot_000_il_0438,penobscot,13,51,21,True,-24.151117930177712,0.8451708320063389
ood,test_ood,penobscot_000_il_0438,penobscot,13,52,21,True,-28.34144683440516,0.9918118188378775
ood,test_ood,penobscot_000_il_0438,penobscot,13,53,21,True,-19.000210790337647,0.6649143119747635
ood,test_ood,penobscot_000_il_0438,penobscot,13,54,21,True,-28.170254489997816,0.9858209253076412
ood,test_ood,penobscot_000_il_0438,penobscot,13,55,21,True,-24.831311108069826,0.8689742615513447
ood,test_ood,penobscot_000_il_0438,penobscot,13,56,21,True,-19.382295032850376,0.6782853889607066
ood,test_ood,penobscot_000_il_0438,penobscot,13,57,21,True,-25.99932435844046,0.9098490042222281
ood,test_ood,penobscot_000_il_0438,penobscot,13,58,21,True,-19.424660153671734,0.6797679606791731
ood,test_ood,penobscot_000_il_0438,penobscot,13,59,21,True,-22.718833229635543,0.7950478830179372
ood,test_ood,penobscot_000_il_0438,penobscot,13,60,21,True,-22.514885071156133,0.7879106964377324
ood,test_ood,penobscot_000_il_0438,penobscot,13,61,21,True,-28.01417088923311,0.9803587638001601
ood,test_ood,penobscot_000_il_0438,penobscot,13,62,21,True,-28.071166015646536,0.982353314054538
ood,test_ood,penobscot_000_il_0438,penobscot,13,63,21,True,-24.777159490438862,0.86707922017645
ood,test_ood,penobscot_000_il_0438,penobscot,13,64,21,True,-25.63592846351404,0.8971319278636686
ood,test_ood,penobscot_000_il_0438,penobscot,13,65,21,True,-22.64229668882075,0.7923694789760891
ood,test_ood,penobscot_000_il_0438,penobscot,13,66,21,True,-24.151803216291192,0.8451948136636838
ood,test_ood,penobscot_000_il_0438,penobscot,13,67,21,True,-24.13650193041745,0.8446593436059386
ood,test_ood,penobscot_000_il_0438,penobscot,13,68,21,True,-23.018746441357028,0.8055433764113759
ood,test_ood,penobscot_000_il_0438,penobscot,13,69,21,True,-25.841916028049468,0.904340483666538
ood,test_ood,penobscot_000_il_0438,penobscot,13,70,21,True,-24.902316632180618,0.8714591071002449
ood,test_ood,penobscot_000_il_0438,penobscot,13,71,21,True,-27.56893762237612,0.9647777802749125
ood,test_ood,penobscot_000_il_0438,penobscot,13,72,21,True,-28.219541103606794,0.9875457153712359
ood,test_ood,penobscot_000_il_0438,penobscot,13,73,21,True,-26.27238208984559,0.9194046873464892
ood,test_ood,penobscot_000_il_0438,penobscot,13,74,21,True,-24.796429045522412,0.8677535602194011
ood,test_ood,penobscot_000_il_0438,penobscot,13,75,21,True,-26.522035240180628,0.9281413247722052
ood,test_ood,penobscot_000_il_0438,penobscot,13,76,21,True,-28.009030765837206,0.980178884658346
ood,test_ood,penobscot_000_il_0438,penobscot,13,77,21,True,-24.777159490438862,0.86707922017645
ood,test_ood,penobscot_000_il_0438,penobscot,13,78,21,True,-24.305536177453376,0.8505747142988375
ood,test_ood,penobscot_000_il_0438,penobscot,13,79,21,True,-21.53993482914386,0.7537922134098027
ood,test_ood,penobscot_000_il_0438,penobscot,13,80,21,True,-28.306495056958084,0.9905886778259191
ood,test_ood,penobscot_000_il_0438,penobscot,13,81,21,True,-24.508037765366417,0.8576612779947238
ood,test_ood,penobscot_000_il_0438,penobscot,13,82,21,True,-19.449866682771123,0.6806500657325506
ood,test_ood,penobscot_000_il_0438,penobscot,13,83,21,True,-22.689386556719434,0.7940173936997915
ood,test_ood,penobscot_000_il_0438,penobscot,13,84,21,True,-27.83846279296799,0.9742098410736852
ood,test_ood,penobscot_000_il_0438,penobscot,13,85,21,True,-23.923234370322636,0.8371960236169257
ood,test_ood,penobscot_000_il_0438,penobscot,13,86,21,True,-28.332285706265083,0.99149122422546
ood,test_ood,penobscot_000_il_0438,penobscot,13,87,21,True,-22.13272360645063,0.7745369170532875
ood,test_ood,penobscot_000_il_0438,penobscot,13,88,21,True,-26.17723717292285,0.9160750812872898
ood,test_ood,penobscot_000_il_0438,penobscot,13,89,21,True,-27.400644495327427,0.9588883451514572
ood,test_ood,penobscot_000_il_0438,penobscot,13,90,21,True,-28.348284006804995,0.9920510863824459
ood,test_ood,penobscot_000_il_0438,penobscot,13,91,21,True,-22.424400131768298,0.7847441667670332
ood,test_ood,penobscot_000_il_0438,penobscot,13,92,21,True,-28.308531199570464,0.9906599328440413
ood,test_ood,penobscot_000_il_0438,penobscot,13,93,21,True,-19.64702485958528,0.6875496362127501
ood,test_ood,penobscot_000_il_0438,penobscot,13,94,21,True,-23.25433708591822,0.8137878950151249
ood,test_ood,penobscot_000_il_0438,penobscot,13,95,21,True,-26.156268961647648,0.9153412965978859
ood,test_ood,penobscot_000_il_0438,penobscot,13,96,21,True,-22.500399154600903,0.7874037603123425
ood,test_ood,penobscot_000_il_0438,penobscot,13,97,21,True,-25.772962071760013,0.9019274329425184
ood,test_ood,penobscot_000_il_0438,penobscot,13,98,21,True,-28.306084215383994,0.9905743003831851
ood,test_ood,penobscot_000_il_0438,penobscot,13,99,21,True,-25.933223536322366,0.9075357992191571
ood,test_ood,penobscot_000_il_0467,penobscot,14,0,21,True,-24.43529223916925,0.8378603077693022
ood,test_ood,penobscot_000_il_0467,penobscot,14,1,21,True,-23.21269284301149,0.7959386685142059
ood,test_ood,penobscot_000_il_0467,penobscot,14,2,21,True,-22.966133925402556,0.7874844241954112
ood,test_ood,penobscot_000_il_0467,penobscot,14,3,21,True,-24.741299230147888,0.8483529636021604
ood,test_ood,penobscot_000_il_0467,penobscot,14,4,21,True,-23.337774850424196,0.8002275981575038
ood,test_ood,penobscot_000_il_0467,penobscot,14,5,21,True,-23.47216308220843,0.8048356283844889
ood,test_ood,penobscot_000_il_0467,penobscot,14,6,21,True,-23.560695998896286,0.8078713283915832
ood,test_ood,penobscot_000_il_0467,penobscot,14,7,21,True,-19.76500308042118,0.6777210357024938
ood,test_ood,penobscot_000_il_0467,penobscot,14,8,21,True,-23.06271703584737,0.7907961568258438
ood,test_ood,penobscot_000_il_0467,penobscot,14,9,21,True,-28.731401880858478,0.9851693602399912
ood,test_ood,penobscot_000_il_0467,penobscot,14,10,21,True,-26.659418994203833,0.9141232601109998
ood,test_ood,penobscot_000_il_0467,penobscot,14,11,21,True,-28.932293942586497,0.9920577364059223
ood,test_ood,penobscot_000_il_0467,penobscot,14,12,21,True,-27.91600769047905,0.9572103564917372
ood,test_ood,penobscot_000_il_0467,penobscot,14,13,21,True,-24.142374361591006,0.827816463780998
ood,test_ood,penobscot_000_il_0467,penobscot,14,14,21,True,-23.402184260726887,0.8024361286637581
ood,test_ood,penobscot_000_il_0467,penobscot,14,15,21,True,-21.12143367557864,0.7242316051199752
ood,test_ood,penobscot_000_il_0467,penobscot,14,16,21,True,-24.34761539498128,0.8348539615821334
ood,test_ood,penobscot_000_il_0467,penobscot,14,17,21,True,-25.984672368975062,0.8909869125057828
ood,test_ood,penobscot_000_il_0467,penobscot,14,18,21,True,-25.709916822883955,0.8815658356405672
ood,test_ood,penobscot_000_il_0467,penobscot,14,19,21,True,-26.999734571541286,0.9257923210567728
ood,test_ood,penobscot_000_il_0467,penobscot,14,20,21,True,-28.851791715522108,0.989297400246072
ood,test_ood,penobscot_000_il_0467,penobscot,14,21,21,True,-28.82913538333264,0.9885205385954972
ood,test_ood,penobscot_000_il_0467,penobscot,14,22,21,True,-28.819354089262404,0.9881851483746703
ood,test_ood,penobscot_000_il_0467,penobscot,14,23,21,True,-20.344471904749355,0.6975904083599672
ood,test_ood,penobscot_000_il_0467,penobscot,14,24,21,True,-24.585016879202897,0.8429942072026042
ood,test_ood,penobscot_000_il_0467,penobscot,14,25,21,True,-28.88632192772083,0.9904814046744609
ood,test_ood,penobscot_000_il_0467,penobscot,14,26,21,True,-28.786147759010934,0.9870465384570124
ood,test_ood,penobscot_000_il_0467,penobscot,14,27,21,True,-25.34588920165563,0.8690837138073784
ood,test_ood,penobscot_000_il_0467,penobscot,14,28,21,True,-25.117646464056293,0.8612575119146688
ood,test_ood,penobscot_000_il_0467,penobscot,14,29,21,True,-25.944218044986854,0.8895997765544056
ood,test_ood,penobscot_000_il_0467,penobscot,14,30,21,True,-24.35355556566906,0.8350576437477469
ood,test_ood,penobscot_000_il_0467,penobscot,14,31,21,True,-27.046599725196216,0.9273992775719906
ood,test_ood,penobscot_000_il_0467,penobscot,14,32,21,True,-27.043870396681594,0.9273056917860344
ood,test_ood,penobscot_000_il_0467,penobscot,14,33,21,True,-28.34425754161232,0.9718945906134602
ood,test_ood,penobscot_000_il_0467,penobscot,14,34,21,True,-25.346131943932292,0.8690920371831189
ood,test_ood,penobscot_000_il_0467,penobscot,14,35,21,True,-26.048396218267268,0.8931719358506084
ood,test_ood,penobscot_000_il_0467,penobscot,14,36,21,True,-28.634107679645314,0.9818332450597538
ood,test_ood,penobscot_000_il_0467,penobscot,14,37,21,True,-28.705543182203066,0.9842826928327886
ood,test_ood,penobscot_000_il_0467,penobscot,14,38,21,True,-26.43643807014981,0.9064774802354839
ood,test_ood,penobscot_000_il_0467,penobscot,14,39,21,True,-22.480994966133732,0.7708495227690111
ood,test_ood,penobscot_000_il_0467,penobscot,14,40,21,True,-23.265331421356844,0.7977435896512767
ood,test_ood,penobscot_000_il_0467,penobscot,14,41,21,True,-26.79348652384754,0.9187202938010282
ood,test_ood,penobscot_000_il_0467,penobscot,14,42,21,True,-28.273199089266036,0.9694580714930945
ood,test_ood,penobscot_000_il_0467,penobscot,14,43,21,True,-25.504073393554435,0.8745076823202702
ood,test_ood,penobscot_000_il_0467,penobscot,14,44,21,True,-24.240967368750777,0.8311971136424456
ood,test_ood,penobscot_000_il_0467,penobscot,14,45,21,True,-28.9738377744766,0.9934822304300844
ood,test_ood,penobscot_000_il_0467,penobscot,14,46,21,True,-26.831658848026937,0.9200291823943041
ood,test_ood,penobscot_000_il_0467,penobscot,14,47,21,True,-27.16551586202614,0.9314767860391633
ood,test_ood,penobscot_000_il_0467,penobscot,14,48,21,True,-23.651584098571217,0.810987785130502
ood,test_ood,penobscot_000_il_0467,penobscot,14,49,21,True,-26.202401703241474,0.8984526209259355
ood,test_ood,penobscot_000_il_0467,penobscot,14,50,21,True,-24.695516899836758,0.8467831359533067
ood,test_ood,penobscot_000_il_0467,penobscot,14,51,21,True,-18.474146407103696,0.6334589266593236
ood,test_ood,penobscot_000_il_0467,penobscot,14,52,21,True,-27.47505725348154,0.9420906327234448
ood,test_ood,penobscot_000_il_0467,penobscot,14,53,21,True,-28.935055324341178,0.9921524212635534
ood,test_ood,penobscot_000_il_0467,penobscot,14,54,21,True,-21.704903429855882,0.7442381654306872
ood,test_ood,penobscot_000_il_0467,penobscot,14,55,21,True,-28.743424385620578,0.9855815992032715
ood,test_ood,penobscot_000_il_0467,penobscot,14,56,21,True,-25.28500851773604,0.8669961795938805
ood,test_ood,penobscot_000_il_0467,penobscot,14,57,21,True,-26.910857886331037,0.9227448335909015
ood,test_ood,penobscot_000_il_0467,penobscot,14,58,21,True,-23.00206449451474,0.7887164453801796
ood,test_ood,penobscot_000_il_0467,penobscot,14,59,21,True,-27.085695024767627,0.9287398140145513
ood,test_ood,penobscot_000_il_0467,penobscot,14,60,21,True,-28.78065649505833,0.9868582488282106
ood,test_ood,penobscot_000_il_0467,penobscot,14,61,21,True,-23.647071135426177,0.8108330404009263
ood,test_ood,penobscot_000_il_0467,penobscot,14,62,21,True,-25.46784605867805,0.8732654853515543
ood,test_ood,penobscot_000_il_0467,penobscot,14,63,21,True,-28.70196884531833,0.9841601326042061
ood,test_ood,penobscot_000_il_0467,penobscot,14,64,21,True,-25.976747845517934,0.8907151889840126
ood,test_ood,penobscot_000_il_0467,penobscot,14,65,21,True,-17.433994415562907,0.5977932158002482
ood,test_ood,penobscot_000_il_0467,penobscot,14,66,21,True,-28.531200712140517,0.9783046740641116
ood,test_ood,penobscot_000_il_0467,penobscot,14,67,21,True,-22.300823356843164,0.7646716289859569
ood,test_ood,penobscot_000_il_0467,penobscot,14,68,21,True,-26.689144986165665,0.9151425329124097
ood,test_ood,penobscot_000_il_0467,penobscot,14,69,21,True,-25.183477580046777,0.8635147912041784
ood,test_ood,penobscot_000_il_0467,penobscot,14,70,21,True,-22.51678021520959,0.7720765610835454
ood,test_ood,penobscot_000_il_0467,penobscot,14,71,21,True,-23.54525921558072,0.8073420174304885
ood,test_ood,penobscot_000_il_0467,penobscot,14,72,21,True,-23.410661688211192,0.8027268106794088
ood,test_ood,penobscot_000_il_0467,penobscot,14,73,21,True,-26.111465830865853,0.895334526111675
ood,test_ood,penobscot_000_il_0467,penobscot,14,74,21,True,-25.24085542274579,0.8654822166997436
ood,test_ood,penobscot_000_il_0467,penobscot,14,75,21,True,-26.30805015077721,0.9020751943701667
ood,test_ood,penobscot_000_il_0467,penobscot,14,76,21,True,-27.427224762491242,0.9404505072348589
ood,test_ood,penobscot_000_il_0467,penobscot,14,77,21,True,-26.404396280967482,0.9053788011984985
ood,test_ood,penobscot_000_il_0467,penobscot,14,78,21,True,-28.63994477981315,0.9820333930463313
ood,test_ood,penobscot_000_il_0467,penobscot,14,79,21,True,-20.447800531391614,0.7011334376011352
ood,test_ood,penobscot_000_il_0467,penobscot,14,80,21,True,-21.752973504429406,0.7458864374088754
ood,test_ood,penobscot_000_il_0467,penobscot,14,81,21,True,-28.342632575629175,0.9718388722498155
ood,test_ood,penobscot_000_il_0467,penobscot,14,82,21,True,-23.370624663432277,0.801353983476235
ood,test_ood,penobscot_000_il_0467,penobscot,14,83,21,True,-23.580154115087694,0.8085385266006805
ood,test_ood,penobscot_000_il_0467,penobscot,14,84,21,True,-28.932162466961564,0.9920532282459008
ood,test_ood,penobscot_000_il_0467,penobscot,14,85,21,True,-24.47333434748705,0.8391647313985089
ood,test_ood,penobscot_000_il_0467,penobscot,14,86,21,True,-24.018101794639932,0.8235552889943913
ood,test_ood,penobscot_000_il_0467,penobscot,14,87,21,True,-22.31815133521046,0.7652657870236725
ood,test_ood,penobscot_000_il_0467,penobscot,14,88,21,True,-28.286251441486137,0.9699056228356853
ood,test_ood,penobscot_000_il_0467,penobscot,14,89,21,True,-23.877132060837756,0.8187215860292877
ood,test_ood,penobscot_000_il_0467,penobscot,14,90,21,True,-24.006668879321985,0.8231632664291104
ood,test_ood,penobscot_000_il_0467,penobscot,14,91,21,True,-27.486510758281153,0.94248336128026
ood,test_ood,penobscot_000_il_0467,penobscot,14,92,21,True,-28.07021502119784,0.9624979626440064
ood,test_ood,penobscot_000_il_0467,penobscot,14,93,21,True,-28.83062818854307,0.9885717253061289
ood,test_ood,penobscot_000_il_0467,penobscot,14,94,21,True,-28.6633335625936,0.982835369652421
ood,test_ood,penobscot_000_il_0467,penobscot,14,95,21,True,-23.429624227444563,0.8033770160791498
ood,test_ood,penobscot_000_il_0467,penobscot,14,96,21,True,-25.141134101714336,0.86206287814988
ood,test_ood,penobscot_000_il_0467,penobscot,14,97,21,True,-18.953085021042206,0.6498812248069951
ood,test_ood,penobscot_000_il_0467,penobscot,14,98,21,True,-28.902448020025687,0.9910343513112116
ood,test_ood,penobscot_000_il_0467,penobscot,14,99,21,True,-28.819821732604257,0.9882011833698935
ood,test_ood,penobscot_000_il_0477,penobscot,15,0,21,True,-26.061006191090897,0.8826538007017654
ood,test_ood,penobscot_000_il_0477,penobscot,15,1,21,True,-22.24456589346693,0.7533957241275483
ood,test_ood,penobscot_000_il_0477,penobscot,15,2,21,True,-25.17466607626219,0.8526345656295814
ood,test_ood,penobscot_000_il_0477,penobscot,15,3,21,True,-27.222707077605936,0.9219991619377271
ood,test_ood,penobscot_000_il_0477,penobscot,15,4,21,True,-27.426391470926824,0.9288976984942232
ood,test_ood,penobscot_000_il_0477,penobscot,15,5,21,True,-27.609811631400092,0.9351099107388295
ood,test_ood,penobscot_000_il_0477,penobscot,15,6,21,True,-26.712353421437726,0.9047141196405917
ood,test_ood,penobscot_000_il_0477,penobscot,15,7,21,True,-24.323705691662113,0.8238135979276259
ood,test_ood,penobscot_000_il_0477,penobscot,15,8,21,True,-27.905002912957258,0.9451076715578087
ood,test_ood,penobscot_000_il_0477,penobscot,15,9,21,True,-25.753174121605678,0.8722279121494689
ood,test_ood,penobscot_000_il_0477,penobscot,15,10,21,True,-25.872777763593326,0.8762787384454339
ood,test_ood,penobscot_000_il_0477,penobscot,15,11,21,True,-27.88898792486141,0.9445652638699649
ood,test_ood,penobscot_000_il_0477,penobscot,15,12,21,True,-28.898384121445854,0.9787522550703944
ood,test_ood,penobscot_000_il_0477,penobscot,15,13,21,True,-28.570927240738307,0.9676616986197661
ood,test_ood,penobscot_000_il_0477,penobscot,15,14,21,True,-29.14558989280227,0.9871248064616659
ood,test_ood,penobscot_000_il_0477,penobscot,15,15,21,True,-28.651449386334598,0.9703888833389629
ood,test_ood,penobscot_000_il_0477,penobscot,15,16,21,True,-27.509571102616604,0.9317148889554674
ood,test_ood,penobscot_000_il_0477,penobscot,15,17,21,True,-24.347517812058875,0.8246200847691876
ood,test_ood,penobscot_000_il_0477,penobscot,15,18,21,True,-27.347119122884607,0.926212842860601
ood,test_ood,penobscot_000_il_0477,penobscot,15,19,21,True,-29.188148975412474,0.9885662295496632
ood,test_ood,penobscot_000_il_0477,penobscot,15,20,21,True,-24.889049461383003,0.8429610868383876
ood,test_ood,penobscot_000_il_0477,penobscot,15,21,21,True,-19.350464499674647,0.6553761167449177
ood,test_ood,penobscot_000_il_0477,penobscot,15,22,21,True,-27.50959486756824,0.9317156938447613
ood,test_ood,penobscot_000_il_0477,penobscot,15,23,21,True,-25.55083863456783,0.8653750613676812
ood,test_ood,penobscot_000_il_0477,penobscot,15,24,21,True,-26.97862056845034,0.9137322560697618
ood,test_ood,penobscot_000_il_0477,penobscot,15,25,21,True,-29.32843868244585,0.9933176670883519
ood,test_ood,penobscot_000_il_0477,penobscot,15,26,21,True,-24.049988377951774,0.8145431336373063
ood,test_ood,penobscot_000_il_0477,penobscot,15,27,21,True,-25.5299346667418,0.8646670700293533
ood,test_ood,penobscot_000_il_0477,penobscot,15,28,21,True,-28.64942126757685,0.9703201934842167
ood,test_ood,penobscot_000_il_0477,penobscot,15,29,21,True,-27.55606353950054,0.9332895298507029
ood,test_ood,penobscot_000_il_0477,penobscot,15,30,21,True,-26.665859423931437,0.9031394258890216
ood,test_ood,penobscot_000_il_0477,penobscot,15,31,21,True,-25.83547267024234,0.875015261425769
ood,test_ood,penobscot_000_il_0477,penobscot,15,32,21,True,-23.928279821652495,0.8104210165168932
ood,test_ood,penobscot_000_il_0477,penobscot,15,33,21,True,-23.788973856510225,0.8057028970900506
ood,test_ood,penobscot_000_il_0477,penobscot,15,34,21,True,-25.956833770564188,0.8791256106452493
ood,test_ood,penobscot_000_il_0477,penobscot,15,35,21,True,-23.39055513233179,0.7922089514385176
ood,test_ood,penobscot_000_il_0477,penobscot,15,36,21,True,-26.41321695898479,0.8945827404614247
ood,test_ood,penobscot_000_il_0477,penobscot,15,37,21,True,-23.52107293424442,0.7966294267291762
ood,test_ood,penobscot_000_il_0477,penobscot,15,38,21,True,-28.638776612878864,0.9699596722956856
ood,test_ood,penobscot_000_il_0477,penobscot,15,39,21,True,-29.13038546426662,0.9866098514159517
ood,test_ood,penobscot_000_il_0477,penobscot,15,40,21,True,-29.283484089722617,0.9917951110582733
ood,test_ood,penobscot_000_il_0477,penobscot,15,41,21,True,-27.10922781377984,0.9181557606974795
ood,test_ood,penobscot_000_il_0477,penobscot,15,42,21,True,-29.24613569493193,0.9905301674728108
ood,test_ood,penobscot_000_il_0477,penobscot,15,43,21,True,-23.279982799853318,0.7884640043401994
ood,test_ood,penobscot_000_il_0477,penobscot,15,44,21,True,-27.4285074054286,0.9289693625587775
ood,test_ood,penobscot_000_il_0477,penobscot,15,45,21,True,-28.84530895220135,0.9769546652339528
ood,test_ood,penobscot_000_il_0477,penobscot,15,46,21,True,-29.250963207478954,0.9906936693064058
ood,test_ood,penobscot_000_il_0477,penobscot,15,47,21,True,-27.544846886591053,0.9329096357956117
ood,test_ood,penobscot_000_il_0477,penobscot,15,48,21,True,-29.20003507020013,0.9889687967668647
ood,test_ood,penobscot_000_il_0477,penobscot,15,49,21,True,-29.111605029670805,0.9859737815016411
ood,test_ood,penobscot_000_il_0477,penobscot,15,50,21,True,-27.335842766763044,0.9258309267321221
ood,test_ood,penobscot_000_il_0477,penobscot,15,51,21,True,-28.71963630935256,0.9726982894424208
ood,test_ood,penobscot_000_il_0477,penobscot,15,52,21,True,-25.599443918753924,0.8670212617678676
ood,test_ood,penobscot_000_il_0477,penobscot,15,53,21,True,-24.323705691662113,0.8238135979276259
ood,test_ood,penobscot_000_il_0477,penobscot,15,54,21,True,-25.22053057312312,0.8541879389788194
ood,test_ood,penobscot_000_il_0477,penobscot,15,55,21,True,-29.147185558292918,0.987178849663208
ood,test_ood,penobscot_000_il_0477,penobscot,15,56,21,True,-25.00756625195361,0.8469751028313649
ood,test_ood,penobscot_000_il_0477,penobscot,15,57,21,True,-27.38139168654532,0.9273736118789998
ood,test_ood,penobscot_000_il_0477,penobscot,15,58,21,True,-26.211047369218477,0.8877355084134713
ood,test_ood,penobscot_000_il_0477,penobscot,15,59,21,True,-25.318182803131947,0.8574952983083977
ood,test_ood,penobscot_000_il_0477,penobscot,15,60,21,True,-28.69499692543488,0.9718637842163976
ood,test_ood,penobscot_000_il_0477,penobscot,15,61,21,True,-29.192168397639406,0.9887023623712131
ood,test_ood,penobscot_000_il_0477,penobscot,15,62,21,True,-28.745491189727108,0.973573962018604
ood,test_ood,penobscot_000_il_0477,penobscot,15,63,21,True,-25.078143323082127,0.8493654602725631
ood,test_ood,penobscot_000_il_0477,penobscot,15,64,21,True,-24.359112160743084,0.8250127709094593
ood,test_ood,penobscot_000_il_0477,penobscot,15,65,21,True,-26.204106078909547,0.8875004155614137
ood,test_ood,penobscot_000_il_0477,penobscot,15,66,21,True,-29.28514806991597,0.9918514679936571
ood,test_ood,penobscot_000_il_0477,penobscot,15,67,21,True,-22.194014767906484,0.7516836205050514
ood,test_ood,penobscot_000_il_0477,penobscot,15,68,21,True,-29.245564620332836,0.9905108258878517
ood,test_ood,penobscot_000_il_0477,penobscot,15,69,21,True,-26.685752491024544,0.903813179279378
ood,test_ood,penobscot_000_il_0477,penobscot,15,70,21,True,-19.732984830818616,0.6683316036380271
ood,test_ood,penobscot_000_il_0477,penobscot,15,71,21,True,-27.437526631813185,0.9292748325160529
ood,test_ood,penobscot_000_il_0477,penobscot,15,72,21,True,-28.93249646405085,0.9799075976013145
ood,test_ood,penobscot_000_il_0477,penobscot,15,73,21,True,-28.783649604329728,0.9748663399655954
ood,test_ood,penobscot_000_il_0477,penobscot,15,74,21,True,-27.10277817222378,0.9179373193759555
ood,test_ood,penobscot_000_il_0477,penobscot,15,75,21,True,-28.745491189727108,0.973573962018604
ood,test_ood,penobscot_000_il_0477,penobscot,15,76,21,True,-28.185736878198995,0.9546157810908704
ood,test_ood,penobscot_000_il_0477,penobscot,15,77,21,True,-26.87565843611906,0.9102450569660819
ood,test_ood,penobscot_000_il_0477,penobscot,15,78,21,True,-28.690850122030604,0.971723337153122
ood,test_ood,penobscot_000_il_0477,penobscot,15,79,21,True,-29.256950807695958,0.9908964618636027
ood,test_ood,penobscot_000_il_0477,penobscot,15,80,21,True,-29.17928398828531,0.9882659834838133
ood,test_ood,penobscot_000_il_0477,penobscot,15,81,21,True,-26.144031643770973,0.885465769312099
ood,test_ood,penobscot_000_il_0477,penobscot,15,82,21,True,-27.892763442141373,0.9446931359349319
ood,test_ood,penobscot_000_il_0477,penobscot,15,83,21,True,-24.699870313362027,0.8365538248627806
ood,test_ood,penobscot_000_il_0477,penobscot,15,84,21,True,-28.595379868340146,0.9684898786421201
ood,test_ood,penobscot_000_il_0477,penobscot,15,85,21,True,-29.182022413543237,0.9883587305344884
ood,test_ood,penobscot_000_il_0477,penobscot,15,86,21,True,-25.209310195846527,0.8538079187840554
ood,test_ood,penobscot_000_il_0477,penobscot,15,87,21,True,-18.793673724327327,0.6365183070942683
ood,test_ood,penobscot_000_il_0477,penobscot,15,88,21,True,-28.367835682156393,0.9607832406370485
ood,test_ood,penobscot_000_il_0477,penobscot,15,89,21,True,-26.42693092507146,0.8950472154015069
ood,test_ood,penobscot_000_il_0477,penobscot,15,90,21,True,-15.135514943052467,0.5126210282176524
ood,test_ood,penobscot_000_il_0477,penobscot,15,91,21,True,-18.322820132248758,0.6205710827401946
ood,test_ood,penobscot_000_il_0477,penobscot,15,92,21,True,-27.179776146729942,0.9205451448123901
ood,test_ood,penobscot_000_il_0477,penobscot,15,93,21,True,-24.547839408735015,0.8314047275942713
ood,test_ood,penobscot_000_il_0477,penobscot,15,94,21,True,-22.12288251854502,0.7492744598690041
ood,test_ood,penobscot_000_il_0477,penobscot,15,95,21,True,-28.584584126172878,0.9681242403092998
ood,test_ood,penobscot_000_il_0477,penobscot,15,96,21,True,-23.95923841699049,0.8114695455582934
ood,test_ood,penobscot_000_il_0477,penobscot,15,97,21,True,-27.74389312501996,0.9396510838262988
ood,test_ood,penobscot_000_il_0477,penobscot,15,98,21,True,-29.304551603729642,0.9925086415019284
ood,test_ood,penobscot_000_il_0477,penobscot,15,99,21,True,-29.161550093201658,0.9876653585585105
ood,test_ood,penobscot_000_il_0506,penobscot,16,0,21,True,-24.09232274417858,0.9101234139686876
ood,test_ood,penobscot_000_il_0506,penobscot,16,1,21,True,-24.1182187678413,0.9111016748742209
ood,test_ood,penobscot_000_il_0506,penobscot,16,2,21,True,-21.394327068675945,0.80820260454177
ood,test_ood,penobscot_000_il_0506,penobscot,16,3,21,True,-21.90117176107614,0.8273494185163849
ood,test_ood,penobscot_000_il_0506,penobscot,16,4,21,True,-24.322689135346273,0.918825847877591
ood,test_ood,penobscot_000_il_0506,penobscot,16,5,21,True,-24.188528018845577,0.91375771166391
ood,test_ood,penobscot_000_il_0506,penobscot,16,6,21,True,-22.644929340741335,0.8554459700509828
ood,test_ood,penobscot_000_il_0506,penobscot,16,7,21,True,-25.59067433431408,0.9667258793689585
ood,test_ood,penobscot_000_il_0506,penobscot,16,8,21,True,-17.941537874279323,0.6777683445210022
ood,test_ood,penobscot_000_il_0506,penobscot,16,9,21,True,-23.58394902784915,0.8909188388353292
ood,test_ood,penobscot_000_il_0506,penobscot,16,10,21,True,-21.606779526090165,0.8162283128929745
ood,test_ood,penobscot_000_il_0506,penobscot,16,11,21,True,-26.061207759029045,0.9845009810656782
ood,test_ood,penobscot_000_il_0506,penobscot,16,12,21,True,-21.606779526090165,0.8162283128929745
ood,test_ood,penobscot_000_il_0506,penobscot,16,13,21,True,-26.17755923464218,0.9888963315401733
ood,test_ood,penobscot_000_il_0506,penobscot,16,14,21,True,-21.74054279950441,0.82128141999087
ood,test_ood,penobscot_000_il_0506,penobscot,16,15,21,True,-23.531894525736814,0.8889524024033598
ood,test_ood,penobscot_000_il_0506,penobscot,16,16,21,True,-25.490828388881116,0.9629540499072127
ood,test_ood,penobscot_000_il_0506,penobscot,16,17,21,True,-22.9689008986567,0.8676844787016245
ood,test_ood,penobscot_000_il_0506,penobscot,16,18,21,True,-19.046901604743,0.7195251075666013
ood,test_ood,penobscot_000_il_0506,penobscot,16,19,21,True,-22.95806598715027,0.8672751737643221
ood,test_ood,penobscot_000_il_0506,penobscot,16,20,21,True,-20.149581552548856,0.7611804867207087
ood,test_ood,penobscot_000_il_0506,penobscot,16,21,21,True,-26.283753005849135,0.9929079595853121
ood,test_ood,penobscot_000_il_0506,penobscot,16,22,21,True,-26.23922564949022,0.9912258723073569
ood,test_ood,penobscot_000_il_0506,penobscot,16,23,21,True,-20.123689508060203,0.7602023761344083
ood,test_ood,penobscot_000_il_0506,penobscot,16,24,21,True,-25.51684107523672,0.9639367179199171
ood,test_ood,penobscot_000_il_0506,penobscot,16,25,21,True,-21.190084364797414,0.8004870318713416
ood,test_ood,penobscot_000_il_0506,penobscot,16,26,21,True,-15.168559280843613,0.5730149435675961
ood,test_ood,penobscot_000_il_0506,penobscot,16,27,21,True,-24.39818906015357,0.921677970109624
ood,test_ood,penobscot_000_il_0506,penobscot,16,28,21,True,-19.1069668701599,0.7217941625266665
ood,test_ood,penobscot_000_il_0506,penobscot,16,29,21,True,-21.897309283999743,0.8272035076857658
ood,test_ood,penobscot_000_il_0506,penobscot,16,30,21,True,-26.10868188702421,0.986294387035909
ood,test_ood,penobscot_000_il_0506,penobscot,16,31,21,True,-17.50474427062767,0.6612678148719385
ood,test_ood,penobscot_000_il_0506,penobscot,16,32,21,True,-23.616207846193873,0.8921374637970754
ood,test_ood,penobscot_000_il_0506,penobscot,16,33,21,True,-20.071610307994533,0.7582350067004264
ood,test_ood,penobscot_000_il_0506,penobscot,16,34,21,True,-19.748140037918375,0.7460154349453444
ood,test_ood,penobscot_000_il_0506,penobscot,16,35,21,True,-22.00992273783296,0.831457648814033
ood,test_ood,penobscot_000_il_0506,penobscot,16,36,21,True,-22.314613839161105,0.842967809469408
ood,test_ood,penobscot_000_il_0506,penobscot,16,37,21,True,-20.93459427477103,0.7908355127779338
ood,test_ood,penobscot_000_il_0506,penobscot,16,38,21,True,-21.34177405185532,0.8062173359733957
ood,test_ood,penobscot_000_il_0506,penobscot,16,39,21,True,-26.06355745180599,0.9845897442137828
ood,test_ood,penobscot_000_il_0506,penobscot,16,40,21,True,-25.485172911193693,0.9627404058050996
ood,test_ood,penobscot_000_il_0506,penobscot,16,41,21,True,-24.067379856466637,0.9091811591948459
ood,test_ood,penobscot_000_il_0506,penobscot,16,42,21,True,-20.630742931744514,0.779357075244505
ood,test_ood,penobscot_000_il_0506,penobscot,16,43,21,True,-20.8451478618147,0.7874565411614778
ood,test_ood,penobscot_000_il_0506,penobscot,16,44,21,True,-22.788023906984968,0.8608515806487195
ood,test_ood,penobscot_000_il_0506,penobscot,16,45,21,True,-26.25662967608703,0.9918833353619277
ood,test_ood,penobscot_000_il_0506,penobscot,16,46,21,True,-17.941537874279323,0.6777683445210022
ood,test_ood,penobscot_000_il_0506,penobscot,16,47,21,True,-23.38794222033262,0.8835143894299204
ood,test_ood,penobscot_000_il_0506,penobscot,16,48,21,True,-20.276095178912033,0.7659597275918295
ood,test_ood,penobscot_000_il_0506,penobscot,16,49,21,True,-24.215752066675314,0.914786140662473
ood,test_ood,penobscot_000_il_0506,penobscot,16,50,21,True,-26.203968378706254,0.9898939763339448
ood,test_ood,penobscot_000_il_0506,penobscot,16,51,21,True,-22.769037111067668,0.8601343261231154
ood,test_ood,penobscot_000_il_0506,penobscot,16,52,21,True,-19.10218715491809,0.7216136016567217
ood,test_ood,penobscot_000_il_0506,penobscot,16,53,21,True,-21.326985804170658,0.8056586878674292
ood,test_ood,penobscot_000_il_0506,penobscot,16,54,21,True,-26.226456172861077,0.9907434862880546
ood,test_ood,penobscot_000_il_0506,penobscot,16,55,21,True,-24.695212246348312,0.9328984638377658
ood,test_ood,penobscot_000_il_0506,penobscot,16,56,21,True,-21.53778003595174,0.813621754272882
ood,test_ood,penobscot_000_il_0506,penobscot,16,57,21,True,-23.945778069907604,0.904587470396013
ood,test_ood,penobscot_000_il_0506,penobscot,16,58,21,True,-26.235118111514822,0.9910707039358855
ood,test_ood,penobscot_000_il_0506,penobscot,16,59,21,True,-26.104554923069,0.9861384848190855
ood,test_ood,penobscot_000_il_0506,penobscot,16,60,21,True,-26.321860721758153,0.9943475353734146
ood,test_ood,penobscot_000_il_0506,penobscot,16,61,21,True,-21.992176765750393,0.8307872682588875
ood,test_ood,penobscot_000_il_0506,penobscot,16,62,21,True,-25.397775212607193,0.9594388274286529
ood,test_ood,penobscot_000_il_0506,penobscot,16,63,21,True,-22.987996142862027,0.8684058300230084
ood,test_ood,penobscot_000_il_0506,penobscot,16,64,21,True,-23.51910349775796,0.8884692022496885
ood,test_ood,penobscot_000_il_0506,penobscot,16,65,21,True,-25.27421070107714,0.9547709937675637
ood,test_ood,penobscot_000_il_0506,penobscot,16,66,21,True,-22.262581400875625,0.841002206531396
ood,test_ood,penobscot_000_il_0506,penobscot,16,67,21,True,-22.568219636655577,0.8525481466028917
ood,test_ood,penobscot_000_il_0506,penobscot,16,68,21,True,-21.553754473814834,0.8142252124814808
ood,test_ood,penobscot_000_il_0506,penobscot,16,69,21,True,-21.782601625396683,0.8228702548498018
ood,test_ood,penobscot_000_il_0506,penobscot,16,70,21,True,-22.85000324566507,0.8631929425802373
ood,test_ood,penobscot_000_il_0506,penobscot,16,71,21,True,-25.505937627727384,0.9635248239329162
ood,test_ood,penobscot_000_il_0506,penobscot,16,72,21,True,-23.771518427538208,0.898004552579651
ood,test_ood,penobscot_000_il_0506,penobscot,16,73,21,True,-25.642010150345723,0.9686651663626491
ood,test_ood,penobscot_000_il_0506,penobscot,16,74,21,True,-21.86547467706763,0.8260009079426422
ood,test_ood,penobscot_000_il_0506,penobscot,16,75,21,True,-24.576805973238834,0.9284254903240873
ood,test_ood,penobscot_000_il_0506,penobscot,16,76,21,True,-23.51910349775796,0.8884692022496885
ood,test_ood,penobscot_000_il_0506,penobscot,16,77,21,True,-25.945238063238094,0.9801200528932095
ood,test_ood,penobscot_000_il_0506,penobscot,16,78,21,True,-24.059811565036448,0.9088952557015425
ood,test_ood,penobscot_000_il_0506,penobscot,16,79,21,True,-23.766378249048305,0.8978103746730492
ood,test_ood,penobscot_000_il_0506,penobscot,16,80,21,True,-19.616809840158187,0.7410542409080627
ood,test_ood,penobscot_000_il_0506,penobscot,16,81,21,True,-19.372835471454565,0.7318377453578754
ood,test_ood,penobscot_000_il_0506,penobscot,16,82,21,True,-22.760668430202642,0.8598181867255084
ood,test_ood,penobscot_000_il_0506,penobscot,16,83,21,True,-14.169752160272765,0.5352835153394971
ood,test_ood,penobscot_000_il_0506,penobscot,16,84,21,True,-21.70215552844696,0.8198312835902113
ood,test_ood,penobscot_000_il_0506,penobscot,16,85,21,True,-21.620468271325024,0.8167454256545121
ood,test_ood,penobscot_000_il_0506,penobscot,16,86,21,True,-21.22220482492274,0.8017004301450541
ood,test_ood,penobscot_000_il_0506,penobscot,16,87,21,True,-24.95552045425904,0.9427319945181991
ood,test_ood,penobscot_000_il_0506,penobscot,16,88,21,True,-23.10465688794573,0.8728128636128837
ood,test_ood,penobscot_000_il_0506,penobscot,16,89,21,True,-23.515122873091435,0.8883188282176913
ood,test_ood,penobscot_000_il_0506,penobscot,16,90,21,True,-24.613144690161178,0.9297982395378424
ood,test_ood,penobscot_000_il_0506,penobscot,16,91,21,True,-26.107846662011546,0.9862628351657126
ood,test_ood,penobscot_000_il_0506,penobscot,16,92,21,True,-22.42364579544376,0.8470866541875927
ood,test_ood,penobscot_000_il_0506,penobscot,16,93,21,True,-16.613813184730336,0.6276115646997282
ood,test_ood,penobscot_000_il_0506,penobscot,16,94,21,True,-16.629826387214464,0.6282164872996854
ood,test_ood,penobscot_000_il_0506,penobscot,16,95,21,True,-26.155262648201933,0.9880540447425775
ood,test_ood,penobscot_000_il_0506,penobscot,16,96,21,True,-23.37964936937573,0.8832011146201583
ood,test_ood,penobscot_000_il_0506,penobscot,16,97,21,True,-21.153140291785547,0.7990914144287025
ood,test_ood,penobscot_000_il_0506,penobscot,16,98,21,True,-17.60845270709285,0.6651855556915054
ood,test_ood,penobscot_000_il_0506,penobscot,16,99,21,True,-23.614237995617557,0.8920630497544538
ood,test_ood,penobscot_000_il_0526,penobscot,17,0,21,True,-26.644800879355827,0.9802478014509753
ood,test_ood,penobscot_000_il_0526,penobscot,17,1,21,True,-24.154198821190946,0.8886198999005088
ood,test_ood,penobscot_000_il_0526,penobscot,17,2,21,True,-27.027504930925115,0.9943272763495035
ood,test_ood,penobscot_000_il_0526,penobscot,17,3,21,True,-26.794370723856627,0.9857503950676114
ood,test_ood,penobscot_000_il_0526,penobscot,17,4,21,True,-22.63250521768082,0.8326376159241058
ood,test_ood,penobscot_000_il_0526,penobscot,17,5,21,True,-21.98711195061669,0.8088939469818826
ood,test_ood,penobscot_000_il_0526,penobscot,17,6,21,True,-26.380329307173067,0.9705180354695268
ood,test_ood,penobscot_000_il_0526,penobscot,17,7,21,True,-27.008926654167404,0.9936437916040572
ood,test_ood,penobscot_000_il_0526,penobscot,17,8,21,True,-24.03107224639472,0.8840901398624932
ood,test_ood,penobscot_000_il_0526,penobscot,17,9,21,True,-24.455835366977478,0.8997169451433429
ood,test_ood,penobscot_000_il_0526,penobscot,17,10,21,True,-17.124064926773144,0.6299850793547738
ood,test_ood,penobscot_000_il_0526,penobscot,17,11,21,True,-18.800939893802287,0.6916764016949634
ood,test_ood,penobscot_000_il_0526,penobscot,17,12,21,True,-25.075327656804994,0.9225077311532976
ood,test_ood,penobscot_000_il_0526,penobscot,17,13,21,True,-24.730009950223902,0.9098036796495587
ood,test_ood,penobscot_000_il_0526,penobscot,17,14,21,True,-22.528863572306317,0.8288246958922716
ood,test_ood,penobscot_000_il_0526,penobscot,17,15,21,True,-23.62682314969805,0.8692180344161181
ood,test_ood,penobscot_000_il_0526,penobscot,17,16,21,True,-21.300993317201915,0.7836520138563672
ood,test_ood,penobscot_000_il_0526,penobscot,17,17,21,True,-26.790310100439942,0.9856010069301372
ood,test_ood,penobscot_000_il_0526,penobscot,17,18,21,True,-26.843290775148006,0.9875501372740694
ood,test_ood,penobscot_000_il_0526,penobscot,17,19,21,True,-23.736649702359585,0.8732584938391349
ood,test_ood,penobscot_000_il_0526,penobscot,17,20,21,True,-26.968124253128543,0.9921426933562845
ood,test_ood,penobscot_000_il_0526,penobscot,17,21,21,True,-23.020803408232833,0.8469228961676866
ood,test_ood,penobscot_000_il_0526,penobscot,17,22,21,True,-19.96648438410081,0.7345561525807593
ood,test_ood,penobscot_000_il_0526,penobscot,17,23,21,True,-26.408604619714403,0.9715582689124217
ood,test_ood,penobscot_000_il_0526,penobscot,17,24,21,True,-22.78554103300675,0.838267720731259
ood,test_ood,penobscot_000_il_0526,penobscot,17,25,21,True,-24.633634906241937,0.9062580939495258
ood,test_ood,penobscot_000_il_0526,penobscot,17,26,21,True,-24.419956866170388,0.8983969945197765
ood,test_ood,penobscot_000_il_0526,penobscot,17,27,21,True,-26.585957762902027,0.9780829950485732
ood,test_ood,penobscot_000_il_0526,penobscot,17,28,21,True,-24.339310655571705,0.8954300640858562
ood,test_ood,penobscot_000_il_0526,penobscot,17,29,21,True,-24.596680144695426,0.9048985482759387
ood,test_ood,penobscot_000_il_0526,penobscot,17,30,21,True,-24.577891693039565,0.904207331309758
ood,test_ood,penobscot_000_il_0526,penobscot,17,31,21,True,-22.409699113958453,0.8244406999736877
ood,test_ood,penobscot_000_il_0526,penobscot,17,32,21,True,-22.707015957830613,0.8353788257213577
ood,test_ood,penobscot_000_il_0526,penobscot,17,33,21,True,-26.140926019242926,0.9617105180962038
ood,test_ood,penobscot_000_il_0526,penobscot,17,34,21,True,-20.078239404532788,0.7386675592891663
ood,test_ood,penobscot_000_il_0526,penobscot,17,35,21,True,-22.70967121249334,0.8354765111031032
ood,test_ood,penobscot_000_il_0526,penobscot,17,36,21,True,-26.915456794673148,0.9902050860687434
ood,test_ood,penobscot_000_il_0526,penobscot,17,37,21,True,-20.541945180888433,0.7557270437961391
ood,test_ood,penobscot_000_il_0526,penobscot,17,38,21,True,-26.787967133913515,0.9855148104598842
ood,test_ood,penobscot_000_il_0526,penobscot,17,39,21,True,-23.028648949779388,0.8472115293943716
ood,test_ood,penobscot_000_il_0526,penobscot,17,40,21,True,-21.07424053788789,0.7753099018472778
ood,test_ood,penobscot_000_il_0526,penobscot,17,41,21,True,-20.0606463953376,0.7380203220040176
ood,test_ood,penobscot_000_il_0526,penobscot,17,42,21,True,-24.6853675190116,0.908161308770323
ood,test_ood,penobscot_000_il_0526,penobscot,17,43,21,True,-26.906654434352166,0.9898812519972755
ood,test_ood,penobscot_000_il_0526,penobscot,17,44,21,True,-26.789174924744096,0.9855592444307606
ood,test_ood,penobscot_000_il_0526,penobscot,17,45,21,True,-25.145926030200503,0.925105007095434
ood,test_ood,penobscot_000_il_0526,penobscot,17,46,21,True,-24.512517179621536,0.901802238348504
ood,test_ood,penobscot_000_il_0526,penobscot,17,47,21,True,-21.934392041754595,0.8069544100722708
ood,test_ood,penobscot_000_il_0526,penobscot,17,48,21,True,-22.987091677226907,0.8456826598322267
ood,test_ood,penobscot_000_il_0526,penobscot,17,49,21,True,-26.184667198808334,0.9633197324152
ood,test_ood,penobscot_000_il_0526,penobscot,17,50,21,True,-26.84136506433808,0.9874792914157641
ood,test_ood,penobscot_000_il_0526,penobscot,17,51,21,True,-20.90206827661125,0.768975777552206
ood,test_ood,penobscot_000_il_0526,penobscot,17,52,21,True,-26.94748470095827,0.9913833754041834
ood,test_ood,penobscot_000_il_0526,penobscot,17,53,21,True,-25.224887704167944,0.9280099643385348
ood,test_ood,penobscot_000_il_0526,penobscot,17,54,21,True,-26.84078610037866,0.987457991645092
ood,test_ood,penobscot_000_il_0526,penobscot,17,55,21,True,-23.4593483073523,0.8630567256207887
ood,test_ood,penobscot_000_il_0526,penobscot,17,56,21,True,-26.059573598220943,0.9587176065630835
ood,test_ood,penobscot_000_il_0526,penobscot,17,57,21,True,-22.809284898208766,0.8391412446794246
ood,test_ood,penobscot_000_il_0526,penobscot,17,58,21,True,-24.417867805684047,0.8983201391152977
ood,test_ood,penobscot_000_il_0526,penobscot,17,59,21,True,-25.089331249795485,0.9230229157592363
ood,test_ood,penobscot_000_il_0526,penobscot,17,60,21,True,-24.519320746227013,0.902052537881131
ood,test_ood,penobscot_000_il_0526,penobscot,17,61,21,True,-24.91959000016509,0.916778227066717
ood,test_ood,penobscot_000_il_0526,penobscot,17,62,21,True,-23.601686639890474,0.8682932758267559
ood,test_ood,penobscot_000_il_0526,penobscot,17,63,21,True,-23.614274511794726,0.8687563768202653
ood,test_ood,penobscot_000_il_0526,penobscot,17,64,21,True,-24.889999778297486,0.9156896188214725
ood,test_ood,penobscot_000_il_0526,penobscot,17,65,21,True,-23.435260743101768,0.8621705571706733
ood,test_ood,penobscot_000_il_0526,penobscot,17,66,21,True,-22.321995495362504,0.8212141313197412
ood,test_ood,penobscot_000_il_0526,penobscot,17,67,21,True,-26.670923872402525,0.9812088522247185
ood,test_ood,penobscot_000_il_0526,penobscot,17,68,21,True,-17.730962641110587,0.6523125177499256
ood,test_ood,penobscot_000_il_0526,penobscot,17,69,21,True,-21.685053128985224,0.7977813664392924
ood,test_ood,penobscot_000_il_0526,penobscot,17,70,21,True,-24.47929974742224,0.900580186998575
ood,test_ood,penobscot_000_il_0526,penobscot,17,71,21,True,-19.89539734691257,0.7319408989622038
ood,test_ood,penobscot_000_il_0526,penobscot,17,72,21,True,-17.950655640842005,0.6603949042896481
ood,test_ood,penobscot_000_il_0526,penobscot,17,73,21,True,-26.46888315554673,0.9737758836167635
ood,test_ood,penobscot_000_il_0526,penobscot,17,74,21,True,-26.743184631807416,0.9838672864482867
ood,test_ood,penobscot_000_il_0526,penobscot,17,75,21,True,-22.766354778174595,0.8375618688015538
ood,test_ood,penobscot_000_il_0526,penobscot,17,76,21,True,-22.138054392107726,0.8144470376987992
ood,test_ood,penobscot_000_il_0526,penobscot,17,77,21,True,-26.824347460177172,0.9868532229703578
ood,test_ood,penobscot_000_il_0526,penobscot,17,78,21,True,-23.10240016547322,0.849924796698022
ood,test_ood,penobscot_000_il_0526,penobscot,17,79,21,True,-19.1028593874982,0.7027838564382227
ood,test_ood,penobscot_000_il_0526,penobscot,17,80,21,True,-24.15274704349204,0.8885664897848174
ood,test_ood,penobscot_000_il_0526,penobscot,17,81,21,True,-22.334995591351646,0.8216923978141957
ood,test_ood,penobscot_000_il_0526,penobscot,17,82,21,True,-24.558323148108773,0.903487415134259
ood,test_ood,penobscot_000_il_0526,penobscot,17,83,21,True,-24.840881107165764,0.9138825694986021
ood,test_ood,penobscot_000_il_0526,penobscot,17,84,21,True,-21.83002912787785,0.8031149549626646
ood,test_ood,penobscot_000_il_0526,penobscot,17,85,21,True,-26.839088748256174,0.9873955469792867
ood,test_ood,penobscot_000_il_0526,penobscot,17,86,21,True,-26.858117576455918,0.9880956072684007
ood,test_ood,penobscot_000_il_0526,penobscot,17,87,21,True,-25.76538186105305,0.9478944517994349
ood,test_ood,penobscot_000_il_0526,penobscot,17,88,21,True,-24.709545167027308,0.9090507913533967
ood,test_ood,penobscot_000_il_0526,penobscot,17,89,21,True,-17.077107785538843,0.6282575515467876
ood,test_ood,penobscot_000_il_0526,penobscot,17,90,21,True,-26.821487920674944,0.9867480220599477
ood,test_ood,penobscot_000_il_0526,penobscot,17,91,21,True,-23.091993399748773,0.849541937420229
ood,test_ood,penobscot_000_il_0526,penobscot,17,92,21,True,-24.47929974742224,0.900580186998575
ood,test_ood,penobscot_000_il_0526,penobscot,17,93,21,True,-24.62328116765942,0.9058771855115808
ood,test_ood,penobscot_000_il_0526,penobscot,17,94,21,True,-20.600894186190057,0.7578957457919347
ood,test_ood,penobscot_000_il_0526,penobscot,17,95,21,True,-26.965855937840562,0.9920592432646845
ood,test_ood,penobscot_000_il_0526,penobscot,17,96,21,True,-24.811679475940785,0.9128082572927546
ood,test_ood,penobscot_000_il_0526,penobscot,17,97,21,True,-21.986124558269935,0.8088576213519237
ood,test_ood,penobscot_000_il_0526,penobscot,17,98,21,True,-20.177157994325185,0.7423067206627367
ood,test_ood,penobscot_000_il_0526,penobscot,17,99,21,True,-22.764201550777265,0.837482652731154
ood,test_ood,penobscot_000_il_0605,penobscot,18,0,20,True,-13.272340505614801,0.7285805640387651
ood,test_ood,penobscot_000_il_0605,penobscot,18,1,20,True,-12.152870044736545,0.6671276183833724
ood,test_ood,penobscot_000_il_0605,penobscot,18,2,20,True,-14.519576335652653,0.79704714566044
ood,test_ood,penobscot_000_il_0605,penobscot,18,3,20,True,-7.90439029424501,0.4339087847035917
ood,test_ood,penobscot_000_il_0605,penobscot,18,4,20,True,-16.411478159137015,0.9009024451139972
ood,test_ood,penobscot_000_il_0605,penobscot,18,5,20,True,-11.987563182521331,0.6580531550766718
ood,test_ood,penobscot_000_il_0605,penobscot,18,6,20,True,-11.626222185108238,0.6382174653884672
ood,test_ood,penobscot_000_il_0605,penobscot,18,7,20,True,-14.989473054677244,0.8228419643242669
ood,test_ood,penobscot_000_il_0605,penobscot,18,8,20,True,-15.025330979075425,0.8248103727426793
ood,test_ood,penobscot_000_il_0605,penobscot,18,9,20,True,-12.950340376083737,0.7109044777527743
ood,test_ood,penobscot_000_il_0605,penobscot,18,10,20,True,-16.822070660128347,0.9234417791399591
ood,test_ood,penobscot_000_il_0605,penobscot,18,11,20,True,-10.53288386910689,0.578199034832043
ood,test_ood,penobscot_000_il_0605,penobscot,18,12,20,True,-14.51715591180173,0.7969142773261947
ood,test_ood,penobscot_000_il_0605,penobscot,18,13,20,True,-17.30972027873272,0.9502111371161016
ood,test_ood,penobscot_000_il_0605,penobscot,18,14,20,True,-13.618855073575531,0.7476023619850788
ood,test_ood,penobscot_000_il_0605,penobscot,18,15,20,True,-13.272654426092627,0.7285977965953517
ood,test_ood,penobscot_000_il_0605,penobscot,18,16,20,True,-17.691890467234742,0.9711902380802319
ood,test_ood,penobscot_000_il_0605,penobscot,18,17,20,True,-14.856407549175259,0.8155373791976477
ood,test_ood,penobscot_000_il_0605,penobscot,18,18,20,True,-11.984665408537701,0.6578940827711836
ood,test_ood,penobscot_000_il_0605,penobscot,18,19,20,True,-17.04479154522437,0.9356679654721904
ood,test_ood,penobscot_000_il_0605,penobscot,18,20,20,True,-13.301568888953515,0.7301850460824448
ood,test_ood,penobscot_000_il_0605,penobscot,18,21,20,True,-10.787676902322488,0.5921858106968453
ood,test_ood,penobscot_000_il_0605,penobscot,18,22,20,True,-11.804149844206016,0.6479847429962646
ood,test_ood,penobscot_000_il_0605,penobscot,18,23,20,True,-14.530988267899955,0.7976735997534461
ood,test_ood,penobscot_000_il_0605,penobscot,18,24,20,True,-7.657879172944057,0.42037664154291104
ood,test_ood,penobscot_000_il_0605,penobscot,18,25,20,True,-9.04157939125108,0.49633438879089703
ood,test_ood,penobscot_000_il_0605,penobscot,18,26,20,True,-13.051672867560494,0.7164670899962106
ood,test_ood,penobscot_000_il_0605,penobscot,18,27,20,True,-16.776935290796334,0.9209640885749751
ood,test_ood,penobscot_000_il_0605,penobscot,18,28,20,True,-13.440883304996657,0.7378326630024977
ood,test_ood,penobscot_000_il_0605,penobscot,18,29,20,True,-8.271272057105584,0.4540486328040389
ood,test_ood,penobscot_000_il_0605,penobscot,18,30,20,True,-13.275583066299594,0.7287585632915466
ood,test_ood,penobscot_000_il_0605,penobscot,18,31,20,True,-10.813797301275157,0.5936196810073455
ood,test_ood,penobscot_000_il_0605,penobscot,18,32,20,True,-17.621669985727813,0.9673355089160915
ood,test_ood,penobscot_000_il_0605,penobscot,18,33,20,True,-12.719643495720934,0.6982404519055162
ood,test_ood,penobscot_000_il_0605,penobscot,18,34,20,True,-12.053850582955274,0.6616919791089811
ood,test_ood,penobscot_000_il_0605,penobscot,18,35,20,True,-9.550377247909205,0.5242646720162911
ood,test_ood,penobscot_000_il_0605,penobscot,18,36,20,True,-14.971459751997024,0.8218531302733774
ood,test_ood,penobscot_000_il_0605,penobscot,18,37,20,True,-9.976562722817226,0.5476599769786867
ood,test_ood,penobscot_000_il_0605,penobscot,18,38,20,True,-9.944180438159652,0.5458823626076045
ood,test_ood,penobscot_000_il_0605,penobscot,18,39,20,True,-13.347915726353177,0.7327292397700443
ood,test_ood,penobscot_000_il_0605,penobscot,18,40,20,True,-6.3092308494630345,0.3463430559973885
ood,test_ood,penobscot_000_il_0605,penobscot,18,41,20,True,-13.313735500214394,0.7308529280201588
ood,test_ood,penobscot_000_il_0605,penobscot,18,42,20,True,-11.749501743044775,0.644984854291566
ood,test_ood,penobscot_000_il_0605,penobscot,18,43,20,True,-8.753114053441179,0.4804991833545792
ood,test_ood,penobscot_000_il_0605,penobscot,18,44,20,True,-10.251493911186392,0.5627522299395804
ood,test_ood,penobscot_000_il_0605,penobscot,18,45,20,True,-17.318483992643078,0.9506922181749536
ood,test_ood,penobscot_000_il_0605,penobscot,18,46,20,True,-12.245598880055173,0.6722179358831776
ood,test_ood,penobscot_000_il_0605,penobscot,18,47,20,True,-12.843622355483038,0.7050462287416476
ood,test_ood,penobscot_000_il_0605,penobscot,18,48,20,True,-16.717325314342087,0.9176918194338239
ood,test_ood,penobscot_000_il_0605,penobscot,18,49,20,True,-10.64458980122716,0.5843310935293192
ood,test_ood,penobscot_000_il_0605,penobscot,18,50,20,True,-16.170006282498633,0.8876469295546832
ood,test_ood,penobscot_000_il_0605,penobscot,18,51,20,True,-17.474827074948312,0.9592746178686108
ood,test_ood,penobscot_000_il_0605,penobscot,18,52,20,True,-11.345062232977444,0.6227832865846684
ood,test_ood,penobscot_000_il_0605,penobscot,18,53,20,True,-12.9464759890143,0.7106923435546256
ood,test_ood,penobscot_000_il_0605,penobscot,18,54,20,True,-12.036312888315551,0.6607292533977815
ood,test_ood,penobscot_000_il_0605,penobscot,18,55,20,True,-14.978226807451613,0.822224605453501
ood,test_ood,penobscot_000_il_0605,penobscot,18,56,20,True,-14.636623567970517,0.8034724131937172
ood,test_ood,penobscot_000_il_0605,penobscot,18,57,20,True,-14.528960326256122,0.7975622765948758
ood,test_ood,penobscot_000_il_0605,penobscot,18,58,20,True,-15.105975530957867,0.8292373276623715
ood,test_ood,penobscot_000_il_0605,penobscot,18,59,20,True,-13.135186352936197,0.7210515340325985
ood,test_ood,penobscot_000_il_0605,penobscot,18,60,20,True,-15.882539442948119,0.8718665363366558
ood,test_ood,penobscot_000_il_0605,penobscot,18,61,20,True,-17.246481355879347,0.9467396582113656
ood,test_ood,penobscot_000_il_0605,penobscot,18,62,20,True,-8.652054247525502,0.4749515400911667
ood,test_ood,penobscot_000_il_0605,penobscot,18,63,20,True,-12.463750763200316,0.684193308425855
ood,test_ood,penobscot_000_il_0605,penobscot,18,64,20,True,-8.59651457931129,0.47190270911995114
ood,test_ood,penobscot_000_il_0605,penobscot,18,65,20,True,-12.163154876323679,0.667692200673559
ood,test_ood,penobscot_000_il_0605,penobscot,18,66,20,True,-13.300656783062148,0.7301349763434631
ood,test_ood,penobscot_000_il_0605,penobscot,18,67,20,True,-14.749990155965982,0.8096956330237046
ood,test_ood,penobscot_000_il_0605,penobscot,18,68,20,True,-8.379288750687849,0.45997817202151703
ood,test_ood,penobscot_000_il_0605,penobscot,18,69,20,True,-7.537960986046411,0.4137937739460897
ood,test_ood,penobscot_000_il_0605,penobscot,18,70,20,True,-8.576462391454566,0.47080195116903184
ood,test_ood,penobscot_000_il_0605,penobscot,18,71,20,True,-12.658425956513444,0.6948799361603101
ood,test_ood,penobscot_000_il_0605,penobscot,18,72,20,True,-14.38880958470259,0.7898687498737731
ood,test_ood,penobscot_000_il_0605,penobscot,18,73,20,True,-16.194864155542962,0.8890114939399764
ood,test_ood,penobscot_000_il_0605,penobscot,18,74,20,True,-16.53085535965866,0.9074556154499023
ood,test_ood,penobscot_000_il_0605,penobscot,18,75,20,True,-14.131499777199352,0.7757438165506634
ood,test_ood,penobscot_000_il_0605,penobscot,18,76,20,True,-11.603479109346381,0.6369689920721336
ood,test_ood,penobscot_000_il_0605,penobscot,18,77,20,True,-17.39653610385178,0.9549768619561159
ood,test_ood,penobscot_000_il_0605,penobscot,18,78,20,True,-16.938542213105574,0.9298354449539667
ood,test_ood,penobscot_000_il_0605,penobscot,18,79,20,True,-15.034826123828374,0.8253316054458942
ood,test_ood,penobscot_000_il_0605,penobscot,18,80,20,True,-12.455097262368547,0.6837182774760198
ood,test_ood,penobscot_000_il_0605,penobscot,18,81,20,True,-13.14498113653147,0.7215892153069348
ood,test_ood,penobscot_000_il_0605,penobscot,18,82,20,True,-17.309727358385242,0.9502115257511908
ood,test_ood,penobscot_000_il_0605,penobscot,18,83,20,True,-14.63585921919508,0.8034304545307596
ood,test_ood,penobscot_000_il_0605,penobscot,18,84,20,True,-17.463024970724607,0.958626745419248
ood,test_ood,penobscot_000_il_0605,penobscot,18,85,20,True,-14.663137562297344,0.8049278897868161
ood,test_ood,penobscot_000_il_0605,penobscot,18,86,20,True,-12.401393719423114,0.6807702399694843
ood,test_ood,penobscot_000_il_0605,penobscot,18,87,20,True,-6.353683631870581,0.34878327618808375
ood,test_ood,penobscot_000_il_0605,penobscot,18,88,20,True,-12.637330860842129,0.6937219281438523
ood,test_ood,penobscot_000_il_0605,penobscot,18,89,20,True,-9.421008806832091,0.5171630359688358
ood,test_ood,penobscot_000_il_0605,penobscot,18,90,20,True,-17.83714903227455,0.979164157013625
ood,test_ood,penobscot_000_il_0605,penobscot,18,91,20,True,-12.462702643077117,0.6841357722324293
ood,test_ood,penobscot_000_il_0605,penobscot,18,92,20,True,-13.457417110457216,0.7387402805627216
ood,test_ood,penobscot_000_il_0605,penobscot,18,93,20,True,-12.904647316863116,0.7083961729932987
ood,test_ood,penobscot_000_il_0605,penobscot,18,94,20,True,-13.092047152978811,0.7186834224984016
ood,test_ood,penobscot_000_il_0605,penobscot,18,95,20,True,-6.456647650752645,0.35443545056690223
ood,test_ood,penobscot_000_il_0605,penobscot,18,96,20,True,-12.227785541443199,0.6712400787909913
ood,test_ood,penobscot_000_il_0605,penobscot,18,97,20,True,-12.824302122373958,0.703985651194679
ood,test_ood,penobscot_000_il_0605,penobscot,18,98,20,True,-9.608389217969789,0.5274492191464569
ood,test_ood,penobscot_000_il_0605,penobscot,18,99,20,True,-7.973638626805275,0.43771014808589476
ood,test_ood,penobscot_000_il_0624,penobscot,19,0,20,True,-10.76970380211905,0.6420896113565602
ood,test_ood,penobscot_000_il_0624,penobscot,19,1,20,True,-11.681826586426396,0.6964703608039248
ood,test_ood,penobscot_000_il_0624,penobscot,19,2,20,True,-10.849797637121778,0.6468648048376324
ood,test_ood,penobscot_000_il_0624,penobscot,19,3,20,True,-9.485693948931619,0.5655369593282943
ood,test_ood,penobscot_000_il_0624,penobscot,19,4,20,True,-8.481633679634559,0.5056748981298553
ood,test_ood,penobscot_000_il_0624,penobscot,19,5,20,True,-11.74267249966956,0.7000979934208267
ood,test_ood,penobscot_000_il_0624,penobscot,19,6,20,True,-6.146704842900869,0.3664664689223064
ood,test_ood,penobscot_000_il_0624,penobscot,19,7,20,True,-11.550223617912355,0.6886241934014448
ood,test_ood,penobscot_000_il_0624,penobscot,19,8,20,True,-6.578120976769005,0.3921874936429526
ood,test_ood,penobscot_000_il_0624,penobscot,19,9,20,True,-16.047702286614204,0.9567638176223999
ood,test_ood,penobscot_000_il_0624,penobscot,19,10,20,True,-12.294515686420727,0.7329988775882352
ood,test_ood,penobscot_000_il_0624,penobscot,19,11,20,True,-14.710522262657781,0.8770411606513697
ood,test_ood,penobscot_000_il_0624,penobscot,19,12,20,True,-10.633530216181722,0.6339709437981893
ood,test_ood,penobscot_000_il_0624,penobscot,19,13,20,True,-10.539647906004152,0.6283736815927689
ood,test_ood,penobscot_000_il_0624,penobscot,19,14,20,True,-10.133891374906167,0.6041824820811513
ood,test_ood,penobscot_000_il_0624,penobscot,19,15,20,True,-13.498103895590752,0.8047567921659107
ood,test_ood,penobscot_000_il_0624,penobscot,19,16,20,True,-11.883336050185253,0.7084843526134427
ood,test_ood,penobscot_000_il_0624,penobscot,19,17,20,True,-8.286996092627756,0.49407060752977516
ood,test_ood,penobscot_000_il_0624,penobscot,19,18,20,True,-12.12445702852737,0.7228599824467479
ood,test_ood,penobscot_000_il_0624,penobscot,19,19,20,True,-4.000951031670244,0.23853665246358077
ood,test_ood,penobscot_000_il_0624,penobscot,19,20,20,True,-13.046443060155998,0.7778287785809672
ood,test_ood,penobscot_000_il_0624,penobscot,19,21,20,True,-15.349447478871577,0.9151338743696338
ood,test_ood,penobscot_000_il_0624,penobscot,19,22,20,True,-12.273907677373197,0.731770228336289
ood,test_ood,penobscot_000_il_0624,penobscot,19,23,20,True,-10.544034681401161,0.6286352210892608
ood,test_ood,penobscot_000_il_0624,penobscot,19,24,20,True,-12.006841278047407,0.7158477328154974
ood,test_ood,penobscot_000_il_0624,penobscot,19,25,20,True,-9.596360359234092,0.5721348893816128
ood,test_ood,penobscot_000_il_0624,penobscot,19,26,20,True,-15.64825191130014,0.9329485910428935
ood,test_ood,penobscot_000_il_0624,penobscot,19,27,20,True,-7.927789341494702,0.47265470534068316
ood,test_ood,penobscot_000_il_0624,penobscot,19,28,20,True,-12.88325280472056,0.7680993775115426
ood,test_ood,penobscot_000_il_0624,penobscot,19,29,20,True,-10.640016980953353,0.634357684635979
ood,test_ood,penobscot_000_il_0624,penobscot,19,30,20,True,-16.277669108817037,0.9704744368006236
ood,test_ood,penobscot_000_il_0624,penobscot,19,31,20,True,-12.442082059341569,0.7417967829697557
ood,test_ood,penobscot_000_il_0624,penobscot,19,32,20,True,-7.722837652439192,0.46043548810031376
ood,test_ood,penobscot_000_il_0624,penobscot,19,33,20,True,-8.247205880252967,0.49169831554580273
ood,test_ood,penobscot_000_il_0624,penobscot,19,34,20,True,-8.084459817422784,0.4819953972341702
ood,test_ood,penobscot_000_il_0624,penobscot,19,35,20,True,-6.669342240001468,0.39762610426146033
ood,test_ood,penobscot_000_il_0624,penobscot,19,36,20,True,-13.075231796605593,0.7795451627023882
ood,test_ood,penobscot_000_il_0624,penobscot,19,37,20,True,-16.085433900700263,0.9590133760011187
ood,test_ood,penobscot_000_il_0624,penobscot,19,38,20,True,-11.359583730368811,0.6772582455953587
ood,test_ood,penobscot_000_il_0624,penobscot,19,39,20,True,-6.775862912596676,0.4039768654824548
ood,test_ood,penobscot_000_il_0624,penobscot,19,40,20,True,-6.071942208945766,0.3620091215836748
ood,test_ood,penobscot_000_il_0624,penobscot,19,41,20,True,-7.536235815973402,0.4493102888509932
ood,test_ood,penobscot_000_il_0624,penobscot,19,42,20,True,-13.075532016599329,0.7795630618148095
ood,test_ood,penobscot_000_il_0624,penobscot,19,43,20,True,-15.132503767043158,0.9021996928755475
ood,test_ood,penobscot_000_il_0624,penobscot,19,44,20,True,-16.21410256494581,0.9666846002183463
ood,test_ood,penobscot_000_il_0624,penobscot,19,45,20,True,-12.605910781640503,0.7515642494259146
ood,test_ood,penobscot_000_il_0624,penobscot,19,46,20,True,-8.180919545428653,0.48774632505956317
ood,test_ood,penobscot_000_il_0624,penobscot,19,47,20,True,-11.031305776197106,0.6576863179097003
ood,test_ood,penobscot_000_il_0624,penobscot,19,48,20,True,-8.541676739885332,0.5092546646609915
ood,test_ood,penobscot_000_il_0624,penobscot,19,49,20,True,-8.40249144295392,0.500956438929319
ood,test_ood,penobscot_000_il_0624,penobscot,19,50,20,True,-15.969597952332926,0.9521072381504498
ood,test_ood,penobscot_000_il_0624,penobscot,19,51,20,True,-11.898306949988426,0.7093769174799329
ood,test_ood,penobscot_000_il_0624,penobscot,19,52,20,True,-8.08980289870364,0.48231395167597346
ood,test_ood,penobscot_000_il_0624,penobscot,19,53,20,True,-8.728955466540015,0.5204202200952457
ood,test_ood,penobscot_000_il_0624,penobscot,19,54,20,True,-15.671144617201106,0.9343134538938064
ood,test_ood,penobscot_000_il_0624,penobscot,19,55,20,True,-5.512171414333472,0.32863559353078253
ood,test_ood,penobscot_000_il_0624,penobscot,19,56,20,True,-10.561988962952096,0.6297056551397275
ood,test_ood,penobscot_000_il_0624,penobscot,19,57,20,True,-8.881991085578466,0.5295442018646211
ood,test_ood,penobscot_000_il_0624,penobscot,19,58,20,True,-8.236027163789824,0.49103184060450755
ood,test_ood,penobscot_000_il_0624,penobscot,19,59,20,True,-11.696106914243126,0.6973217537768761
ood,test_ood,penobscot_000_il_0624,penobscot,19,60,20,True,-16.10742680192852,0.9603245925082498
ood,test_ood,penobscot_000_il_0624,penobscot,19,61,20,True,-14.552500204313096,0.8676198874304353
ood,test_ood,penobscot_000_il_0624,penobscot,19,62,20,True,-6.770205141979868,0.4036395492662208
ood,test_ood,penobscot_000_il_0624,penobscot,19,63,20,True,-10.499275012217007,0.6259666501499889
ood,test_ood,penobscot_000_il_0624,penobscot,19,64,20,True,-12.636434431557316,0.753384069067418
ood,test_ood,penobscot_000_il_0624,penobscot,19,65,20,True,-2.241086046022005,0.13361352315221012
ood,test_ood,penobscot_000_il_0624,penobscot,19,66,20,True,-11.600131440398489,0.6915996971787607
ood,test_ood,penobscot_000_il_0624,penobscot,19,67,20,True,-9.917142888617118,0.5912599399313777
ood,test_ood,penobscot_000_il_0624,penobscot,19,68,20,True,-7.7721746410663295,0.46337695876981055
ood,test_ood,penobscot_000_il_0624,penobscot,19,69,20,True,-12.246660512166564,0.7301457526738614
ood,test_ood,penobscot_000_il_0624,penobscot,19,70,20,True,-7.913046897560035,0.47177576101033
ood,test_ood,penobscot_000_il_0624,penobscot,19,71,20,True,-16.17459648075726,0.964329247953426
ood,test_ood,penobscot_000_il_0624,penobscot,19,72,20,True,-10.524450884135863,0.6274676353314719
ood,test_ood,penobscot_000_il_0624,penobscot,19,73,20,True,-8.310635783781214,0.49548000563247196
ood,test_ood,penobscot_000_il_0624,penobscot,19,74,20,True,-10.44789201720337,0.622903196604298
ood,test_ood,penobscot_000_il_0624,penobscot,19,75,20,True,-13.048170381953078,0.7779317614857668
ood,test_ood,penobscot_000_il_0624,penobscot,19,76,20,True,-13.18122674984341,0.7858645805416082
ood,test_ood,penobscot_000_il_0624,penobscot,19,77,20,True,-9.349409453959169,0.5574116793745812
ood,test_ood,penobscot_000_il_0624,penobscot,19,78,20,True,-11.960443827500203,0.7130815173710272
ood,test_ood,penobscot_000_il_0624,penobscot,19,79,20,True,-9.152209031813745,0.5456545925743119
ood,test_ood,penobscot_000_il_0624,penobscot,19,80,20,True,-11.155635925853728,0.6650988799392349
ood,test_ood,penobscot_000_il_0624,penobscot,19,81,20,True,-8.739479720228736,0.5210476759737891
ood,test_ood,penobscot_000_il_0624,penobscot,19,82,20,True,-11.216825350733252,0.6687469927157715
ood,test_ood,penobscot_000_il_0624,penobscot,19,83,20,True,-10.751888699241555,0.6410274751369329
ood,test_ood,penobscot_000_il_0624,penobscot,19,84,20,True,-11.51365519435911,0.686443984428325
ood,test_ood,penobscot_000_il_0624,penobscot,19,85,20,True,-11.576297813476243,0.6901787366278574
ood,test_ood,penobscot_000_il_0624,penobscot,19,86,20,True,-9.597953045261873,0.5722298453034637
ood,test_ood,penobscot_000_il_0624,penobscot,19,87,20,True,-12.050057197442356,0.7184242654108749
ood,test_ood,penobscot_000_il_0624,penobscot,19,88,20,True,-6.151977545539578,0.36678082739031004
ood,test_ood,penobscot_000_il_0624,penobscot,19,89,20,True,-15.3345313296978,0.9142445737350112
ood,test_ood,penobscot_000_il_0624,penobscot,19,90,20,True,-9.534010247908363,0.5684175764930913
ood,test_ood,penobscot_000_il_0624,penobscot,19,91,20,True,-12.727599564231166,0.7588193331826953
ood,test_ood,penobscot_000_il_0624,penobscot,19,92,20,True,-9.790413689747385,0.5837043466165659
ood,test_ood,penobscot_000_il_0624,penobscot,19,93,20,True,-13.318508410645826,0.7940493115101295
ood,test_ood,penobscot_000_il_0624,penobscot,19,94,20,True,-10.768956665369565,0.6420450670725275
ood,test_ood,penobscot_000_il_0624,penobscot,19,95,20,True,-12.790036227072196,0.7625418062715196
ood,test_ood,penobscot_000_il_0624,penobscot,19,96,20,True,-13.126309377874165,0.782590407484266
ood,test_ood,penobscot_000_il_0624,penobscot,19,97,20,True,-12.78929191242059,0.7624974302409289
ood,test_ood,penobscot_000_il_0624,penobscot,19,98,20,True,-11.764236878096371,0.7013836614036818
ood,test_ood,penobscot_000_il_0624,penobscot,19,99,20,True,-11.574976717036057,0.6900999728739575
ood,test_ood,penobscot_000_il_0645,penobscot,20,0,20,True,-11.151646958624116,0.7125097104471911
ood,test_ood,penobscot_000_il_0645,penobscot,20,1,20,True,-5.608603418446876,0.3583492566181235
ood,test_ood,penobscot_000_il_0645,penobscot,20,2,20,True,-14.589834251931634,0.9321850500546064
ood,test_ood,penobscot_000_il_0645,penobscot,20,3,20,True,-7.221877416696932,0.4614258150520494
ood,test_ood,penobscot_000_il_0645,penobscot,20,4,20,True,-13.712658603967133,0.8761398605627376
ood,test_ood,penobscot_000_il_0645,penobscot,20,5,20,True,-13.69994216641857,0.8753273720335307
ood,test_ood,penobscot_000_il_0645,penobscot,20,6,20,True,-11.442217259679879,0.731075054367955
ood,test_ood,penobscot_000_il_0645,penobscot,20,7,20,True,-15.028283424742922,0.9601987859919685
ood,test_ood,penobscot_000_il_0645,penobscot,20,8,20,True,-8.299886300135643,0.5303027979988968
ood,test_ood,penobscot_000_il_0645,penobscot,20,9,20,True,-11.103578689057738,0.7094384951408321
ood,test_ood,penobscot_000_il_0645,penobscot,20,10,20,True,-12.59999290568134,0.8050485574169689
ood,test_ood,penobscot_000_il_0645,penobscot,20,11,20,True,-14.392152358064603,0.9195546045713117
ood,test_ood,penobscot_000_il_0645,penobscot,20,12,20,True,-8.846850891293514,0.5652498855382286
ood,test_ood,penobscot_000_il_0645,penobscot,20,13,20,True,-10.15537227590482,0.6488549526931155
ood,test_ood,penobscot_000_il_0645,penobscot,20,14,20,True,-9.549463542178945,0.610141760101363
ood,test_ood,penobscot_000_il_0645,penobscot,20,15,20,True,-14.376014463547936,0.9185235096494617
ood,test_ood,penobscot_000_il_0645,penobscot,20,16,20,True,-9.182426131118287,0.5866907200488554
ood,test_ood,penobscot_000_il_0645,penobscot,20,17,20,True,-11.753151725857089,0.7509415213827347
ood,test_ood,penobscot_000_il_0645,penobscot,20,18,20,True,-10.17310843327872,0.6499881650698892
ood,test_ood,penobscot_000_il_0645,penobscot,20,19,20,True,-7.2557693671274315,0.4635912659381223
ood,test_ood,penobscot_000_il_0645,penobscot,20,20,20,True,-11.01724442453918,0.7039223590900746
ood,test_ood,penobscot_000_il_0645,penobscot,20,21,20,True,-10.335410689660877,0.6603581072074802
ood,test_ood,penobscot_000_il_0645,penobscot,20,22,20,True,-8.440931514863767,0.5393145686798345
ood,test_ood,penobscot_000_il_0645,penobscot,20,23,20,True,-9.048839169580916,0.5781554778879743
ood,test_ood,penobscot_000_il_0645,penobscot,20,24,20,True,-12.344003137761776,0.7886926598446594
ood,test_ood,penobscot_000_il_0645,penobscot,20,25,20,True,-10.43218233281811,0.6665411163810387
ood,test_ood,penobscot_000_il_0645,penobscot,20,26,20,True,-5.9994771553776225,0.3833232657627153
ood,test_ood,penobscot_000_il_0645,penobscot,20,27,20,True,-8.521182651222063,0.5444420367696925
ood,test_ood,penobscot_000_il_0645,penobscot,20,28,20,True,-7.509278518394369,0.4797886700197885
ood,test_ood,penobscot_000_il_0645,penobscot,20,29,20,True,-5.36920881429545,0.3430536701707207
ood,test_ood,penobscot_000_il_0645,penobscot,20,30,20,True,-6.567727944160561,0.4196303876147036
ood,test_ood,penobscot_000_il_0645,penobscot,20,31,20,True,-9.344850331677137,0.5970684535387327
ood,test_ood,penobscot_000_il_0645,penobscot,20,32,20,True,-14.363588989414112,0.9177296115813014
ood,test_ood,penobscot_000_il_0645,penobscot,20,33,20,True,-15.001514756129662,0.9584884613741378
ood,test_ood,penobscot_000_il_0645,penobscot,20,34,20,True,-12.564099933130946,0.8027552556675629
ood,test_ood,penobscot_000_il_0645,penobscot,20,35,20,True,-11.602907558154243,0.7413420040357882
ood,test_ood,penobscot_000_il_0645,penobscot,20,36,20,True,-8.158971660171765,0.5212993701024652
ood,test_ood,penobscot_000_il_0645,penobscot,20,37,20,True,-8.222075061667745,0.5253312217648213
ood,test_ood,penobscot_000_il_0645,penobscot,20,38,20,True,-9.583017898430182,0.6122856411572748
ood,test_ood,penobscot_000_il_0645,penobscot,20,39,20,True,-6.208636669006232,0.39668704826459467
ood,test_ood,penobscot_000_il_0645,penobscot,20,40,20,True,-9.837892823198207,0.6285703083028996
ood,test_ood,penobscot_000_il_0645,penobscot,20,41,20,True,-8.23753094281803,0.526318740957632
ood,test_ood,penobscot_000_il_0645,penobscot,20,42,20,True,-9.459625123691797,0.6044017339168171
ood,test_ood,penobscot_000_il_0645,penobscot,20,43,20,True,-10.069638012672812,0.6433771523917348
ood,test_ood,penobscot_000_il_0645,penobscot,20,44,20,True,-8.838899382062959,0.5647418415192147
ood,test_ood,penobscot_000_il_0645,penobscot,20,45,20,True,-10.252167310190146,0.6550394563908428
ood,test_ood,penobscot_000_il_0645,penobscot,20,46,20,True,-10.587361214704051,0.6764559263288702
ood,test_ood,penobscot_000_il_0645,penobscot,20,47,20,True,-7.432793250205783,0.47490181371123397
ood,test_ood,penobscot_000_il_0645,penobscot,20,48,20,True,-9.30435858127921,0.5944813230943625
ood,test_ood,penobscot_000_il_0645,penobscot,20,49,20,True,-11.068935358186794,0.7072250364706135
ood,test_ood,penobscot_000_il_0645,penobscot,20,50,20,True,-6.974432227512063,0.44561585435729156
ood,test_ood,penobscot_000_il_0645,penobscot,20,51,20,True,-11.6843383710757,0.7465448449391472
ood,test_ood,penobscot_000_il_0645,penobscot,20,52,20,True,-11.467897605991073,0.7327158430498656
ood,test_ood,penobscot_000_il_0645,penobscot,20,53,20,True,-9.99406440962032,0.6385485449019022
ood,test_ood,penobscot_000_il_0645,penobscot,20,54,20,True,-10.548220673364803,0.673955128385764
ood,test_ood,penobscot_000_il_0645,penobscot,20,55,20,True,-10.435490595876969,0.6667524905002963
ood,test_ood,penobscot_000_il_0645,penobscot,20,56,20,True,-14.904730190325903,0.9523046265367854
ood,test_ood,penobscot_000_il_0645,penobscot,20,57,20,True,-8.23361948959845,0.5260688273429658
ood,test_ood,penobscot_000_il_0645,penobscot,20,58,20,True,-11.78345127182292,0.7528774435656099
ood,test_ood,penobscot_000_il_0645,penobscot,20,59,20,True,-6.334807728212026,0.4047484678194894
ood,test_ood,penobscot_000_il_0645,penobscot,20,60,20,True,-10.394944201686263,0.664161868712171
ood,test_ood,penobscot_000_il_0645,penobscot,20,61,20,True,-11.6399736604182,0.7437102603022828
ood,test_ood,penobscot_000_il_0645,penobscot,20,62,20,True,-5.833247045561757,0.37270236215520725
ood,test_ood,penobscot_000_il_0645,penobscot,20,63,20,True,-8.324399283690497,0.5318690006306396
ood,test_ood,penobscot_000_il_0645,penobscot,20,64,20,True,-7.453955901879033,0.47625395432974066
ood,test_ood,penobscot_000_il_0645,penobscot,20,65,20,True,-3.085026332253192,0.19711090450328278
ood,test_ood,penobscot_000_il_0645,penobscot,20,66,20,True,-8.859996272168903,0.5660897804484594
ood,test_ood,penobscot_000_il_0645,penobscot,20,67,20,True,-9.339853601852493,0.5967491985861908
ood,test_ood,penobscot_000_il_0645,penobscot,20,68,20,True,-9.742097036514615,0.6224496493109826
ood,test_ood,penobscot_000_il_0645,penobscot,20,69,20,True,-14.638879741960638,0.9353187026916528
ood,test_ood,penobscot_000_il_0645,penobscot,20,70,20,True,-9.332316991427545,0.5962676636047164
ood,test_ood,penobscot_000_il_0645,penobscot,20,71,20,True,-9.666666728615489,0.6176301973466624
ood,test_ood,penobscot_000_il_0645,penobscot,20,72,20,True,-9.141729340077813,0.5840904889881016
ood,test_ood,penobscot_000_il_0645,penobscot,20,73,20,True,-10.283149651639098,0.6570190042743688
ood,test_ood,penobscot_000_il_0645,penobscot,20,74,20,True,-6.853912223873257,0.4379154964447438
ood,test_ood,penobscot_000_il_0645,penobscot,20,75,20,True,-13.852982913627413,0.8851055706157646
ood,test_ood,penobscot_000_il_0645,penobscot,20,76,20,True,-9.784709005372294,0.6251722464040415
ood,test_ood,penobscot_000_il_0645,penobscot,20,77,20,True,-10.824049377818959,0.6915785907382613
ood,test_ood,penobscot_000_il_0645,penobscot,20,78,20,True,-11.359011581567355,0.7257588123958515
ood,test_ood,penobscot_000_il_0645,penobscot,20,79,20,True,-13.690758913967098,0.8747406285175781
ood,test_ood,penobscot_000_il_0645,penobscot,20,80,20,True,-10.639893032237241,0.6798123301173612
ood,test_ood,penobscot_000_il_0645,penobscot,20,81,20,True,-7.814540293743395,0.49929269305526713
ood,test_ood,penobscot_000_il_0645,penobscot,20,82,20,True,-11.505807189960024,0.7351379917062125
ood,test_ood,penobscot_000_il_0645,penobscot,20,83,20,True,-12.325904508847769,0.7875362881540152
ood,test_ood,penobscot_000_il_0645,penobscot,20,84,20,True,-5.855605987909659,0.3741309371089622
ood,test_ood,penobscot_000_il_0645,penobscot,20,85,20,True,-13.998981473638437,0.8944338242903227
ood,test_ood,penobscot_000_il_0645,penobscot,20,86,20,True,-10.361318305340447,0.662013416760833
ood,test_ood,penobscot_000_il_0645,penobscot,20,87,20,True,-5.872291025763454,0.3751969905389279
ood,test_ood,penobscot_000_il_0645,penobscot,20,88,20,True,-14.837383554987738,0.9480016628738906
ood,test_ood,penobscot_000_il_0645,penobscot,20,89,20,True,-12.185531749882038,0.7785674825402403
ood,test_ood,penobscot_000_il_0645,penobscot,20,90,20,True,-7.161208153842406,0.45754948727105793
ood,test_ood,penobscot_000_il_0645,penobscot,20,91,20,True,-8.935195210006123,0.5708944495366338
ood,test_ood,penobscot_000_il_0645,penobscot,20,92,20,True,-11.91879662198089,0.7615250340613666
ood,test_ood,penobscot_000_il_0645,penobscot,20,93,20,True,-11.275525969878503,0.7204246846897254
ood,test_ood,penobscot_000_il_0645,penobscot,20,94,20,True,-9.260415115413762,0.5916736529577444
ood,test_ood,penobscot_000_il_0645,penobscot,20,95,20,True,-8.389347753627256,0.5360187388424328
ood,test_ood,penobscot_000_il_0645,penobscot,20,96,20,True,-14.641168098339984,0.9354649121392167
ood,test_ood,penobscot_000_il_0645,penobscot,20,97,20,True,-7.486165957982106,0.4783119443138784
ood,test_ood,penobscot_000_il_0645,penobscot,20,98,20,True,-9.660838353796084,0.617257806284574
ood,test_ood,penobscot_000_il_0645,penobscot,20,99,20,True,-5.844222964917878,0.37340364414084914
ood,test_ood,penobscot_000_il_0648,penobscot,21,0,21,True,-10.751824477718639,0.7025585366165455
ood,test_ood,penobscot_000_il_0648,penobscot,21,1,21,True,-14.687839677897792,0.9597503355404331
ood,test_ood,penobscot_000_il_0648,penobscot,21,2,21,True,-9.149383655832558,0.5978499375158114
ood,test_ood,penobscot_000_il_0648,penobscot,21,3,21,True,-11.88703111175722,0.7767365622363209
ood,test_ood,penobscot_000_il_0648,penobscot,21,4,21,True,-14.852053074725227,0.9704805631410602
ood,test_ood,penobscot_000_il_0648,penobscot,21,5,21,True,-10.371339317082207,0.6776964215201722
ood,test_ood,penobscot_000_il_0648,penobscot,21,6,21,True,-12.244007847125825,0.8000625617749533
ood,test_ood,penobscot_000_il_0648,penobscot,21,7,21,True,-8.35479611769432,0.5459290510499831
ood,test_ood,penobscot_000_il_0648,penobscot,21,8,21,True,-12.400411013176907,0.8102824439624603
ood,test_ood,penobscot_000_il_0648,penobscot,21,9,21,True,-8.27813467118337,0.5409197473929848
ood,test_ood,penobscot_000_il_0648,penobscot,21,10,21,True,-10.184920188954205,0.6655152005444808
ood,test_ood,penobscot_000_il_0648,penobscot,21,11,21,True,-14.076804983221216,0.9198233778595728
ood,test_ood,penobscot_000_il_0648,penobscot,21,12,21,True,-12.400411013176907,0.8102824439624603
ood,test_ood,penobscot_000_il_0648,penobscot,21,13,21,True,-14.725480505330278,0.9622099073733631
ood,test_ood,penobscot_000_il_0648,penobscot,21,14,21,True,-13.984648788275553,0.9138015978728042
ood,test_ood,penobscot_000_il_0648,penobscot,21,15,21,True,-10.481613136795353,0.6849020649498374
ood,test_ood,penobscot_000_il_0648,penobscot,21,16,21,True,-10.605653238725512,0.693007241208473
ood,test_ood,penobscot_000_il_0648,penobscot,21,17,21,True,-9.184990903840777,0.6001766287769496
ood,test_ood,penobscot_000_il_0648,penobscot,21,18,21,True,-11.205965779201843,0.7322335791033694
ood,test_ood,penobscot_000_il_0648,penobscot,21,19,21,True,-14.573577952648826,0.9522841096316532
ood,test_ood,penobscot_000_il_0648,penobscot,21,20,21,True,-11.194077306234629,0.7314567483256946
ood,test_ood,penobscot_000_il_0648,penobscot,21,21,21,True,-10.617835732459637,0.6938032842417203
ood,test_ood,penobscot_000_il_0648,penobscot,21,22,21,True,-8.185360182062926,0.5348575660909295
ood,test_ood,penobscot_000_il_0648,penobscot,21,23,21,True,-11.644378834678044,0.7608808877836077
ood,test_ood,penobscot_000_il_0648,penobscot,21,24,21,True,-9.079136108855684,0.5932597385307696
ood,test_ood,penobscot_000_il_0648,penobscot,21,25,21,True,-13.92804843174779,0.9101031498804165
ood,test_ood,penobscot_000_il_0648,penobscot,21,26,21,True,-11.334054302746162,0.7406032921548762
ood,test_ood,penobscot_000_il_0648,penobscot,21,27,21,True,-14.219588742882573,0.9291533245535664
ood,test_ood,penobscot_000_il_0648,penobscot,21,28,21,True,-9.184990903840777,0.6001766287769496
ood,test_ood,penobscot_000_il_0648,penobscot,21,29,21,True,-11.1079859214455,0.7258312623964844
ood,test_ood,penobscot_000_il_0648,penobscot,21,30,21,True,-9.858481449658132,0.6441846511619017
ood,test_ood,penobscot_000_il_0648,penobscot,21,31,21,True,-11.250757310592162,0.7351604007615549
ood,test_ood,penobscot_000_il_0648,penobscot,21,32,21,True,-8.793212866011357,0.5745766010322311
ood,test_ood,penobscot_000_il_0648,penobscot,21,33,21,True,-8.378843850093764,0.5475004066574441
ood,test_ood,penobscot_000_il_0648,penobscot,21,34,21,True,-10.219680443993951,0.6677865465810302
ood,test_ood,penobscot_000_il_0648,penobscot,21,35,21,True,-10.459539339700608,0.6834596925769817
ood,test_ood,penobscot_000_il_0648,penobscot,21,36,21,True,-11.481719780841328,0.7502522259162404
ood,test_ood,penobscot_000_il_0648,penobscot,21,37,21,True,-11.019363933662248,0.7200404187886782
ood,test_ood,penobscot_000_il_0648,penobscot,21,38,21,True,-10.71631619087727,0.7002383117939838
ood,test_ood,penobscot_000_il_0648,penobscot,21,39,21,True,-9.10308805700862,0.5948248352897719
ood,test_ood,penobscot_000_il_0648,penobscot,21,40,21,True,-8.921581346940274,0.5829646073930124
ood,test_ood,penobscot_000_il_0648,penobscot,21,41,21,True,-8.603353892692835,0.5621706095900715
ood,test_ood,penobscot_000_il_0648,penobscot,21,42,21,True,-13.655794290445698,0.892313195115309
ood,test_ood,penobscot_000_il_0648,penobscot,21,43,21,True,-8.40235088173569,0.5490364311512196
ood,test_ood,penobscot_000_il_0648,penobscot,21,44,21,True,-14.866598150704865,0.9714309848407828
ood,test_ood,penobscot_000_il_0648,penobscot,21,45,21,True,-11.84800079237716,0.774186196563578
ood,test_ood,penobscot_000_il_0648,penobscot,21,46,21,True,-11.856826760005257,0.7747629134653344
ood,test_ood,penobscot_000_il_0648,penobscot,21,47,21,True,-6.23143519121627,0.4071818692757041
ood,test_ood,penobscot_000_il_0648,penobscot,21,48,21,True,-13.273721911837772,0.8673473661294789
ood,test_ood,penobscot_000_il_0648,penobscot,21,49,21,True,-9.978967945190687,0.6520576234336153
ood,test_ood,penobscot_000_il_0648,penobscot,21,50,21,True,-9.831595356334155,0.6424278279901531
ood,test_ood,penobscot_000_il_0648,penobscot,21,51,21,True,-8.23489507257479,0.5380943339773097
ood,test_ood,penobscot_000_il_0648,penobscot,21,52,21,True,-10.239755810491406,0.6690983351186611
ood,test_ood,penobscot_000_il_0648,penobscot,21,53,21,True,-10.78461820967405,0.7047013837566318
ood,test_ood,penobscot_000_il_0648,penobscot,21,54,21,True,-14.635920381589429,0.9563577629670845
ood,test_ood,penobscot_000_il_0648,penobscot,21,55,21,True,-7.330792204300891,0.47901736621229013
ood,test_ood,penobscot_000_il_0648,penobscot,21,56,21,True,-10.686800558092846,0.6983096661190744
ood,test_ood,penobscot_000_il_0648,penobscot,21,57,21,True,-13.756614909034216,0.8989011362041085
ood,test_ood,penobscot_000_il_0648,penobscot,21,58,21,True,-8.309148205569004,0.5429462707405739
ood,test_ood,penobscot_000_il_0648,penobscot,21,59,21,True,-6.780458445606161,0.4430568014764629
ood,test_ood,penobscot_000_il_0648,penobscot,21,60,21,True,-11.614676697141121,0.7589400552927531
ood,test_ood,penobscot_000_il_0648,penobscot,21,61,21,True,-10.460070944327438,0.6834944293204487
ood,test_ood,penobscot_000_il_0648,penobscot,21,62,21,True,-11.02097900097313,0.7201459524428804
ood,test_ood,penobscot_000_il_0648,penobscot,21,63,21,True,-6.480161647961802,0.4234344500196595
ood,test_ood,penobscot_000_il_0648,penobscot,21,64,21,True,-10.381533923022452,0.6783625696186281
ood,test_ood,penobscot_000_il_0648,penobscot,21,65,21,True,-11.3957849019426,0.7446369665815546
ood,test_ood,penobscot_000_il_0648,penobscot,21,66,21,True,-14.841140040696924,0.9697674706577464
ood,test_ood,penobscot_000_il_0648,penobscot,21,67,21,True,-12.02597251007764,0.7858154367735439
ood,test_ood,penobscot_000_il_0648,penobscot,21,68,21,True,-8.62928775576409,0.5638652109971082
ood,test_ood,penobscot_000_il_0648,penobscot,21,69,21,True,-10.0696450081376,0.6579827522134507
ood,test_ood,penobscot_000_il_0648,penobscot,21,70,21,True,-10.467422799630349,0.6839748230167682
ood,test_ood,penobscot_000_il_0648,penobscot,21,71,21,True,-13.867274928001692,0.9061320151259942
ood,test_ood,penobscot_000_il_0648,penobscot,21,72,21,True,-15.05451898443277,0.9837103320545731
ood,test_ood,penobscot_000_il_0648,penobscot,21,73,21,True,-13.769842717850356,0.8997654834619874
ood,test_ood,penobscot_000_il_0648,penobscot,21,74,21,True,-9.193643888089001,0.6007420423924151
ood,test_ood,penobscot_000_il_0648,penobscot,21,75,21,True,-14.867973016193757,0.9715208229410905
ood,test_ood,penobscot_000_il_0648,penobscot,21,76,21,True,-6.709368721060935,0.43841157192044944
ood,test_ood,penobscot_000_il_0648,penobscot,21,77,21,True,-9.567086949716405,0.6251440042576092
ood,test_ood,penobscot_000_il_0648,penobscot,21,78,21,True,-14.914125514803139,0.974536574542263
ood,test_ood,penobscot_000_il_0648,penobscot,21,79,21,True,-14.219588742882573,0.9291533245535664
ood,test_ood,penobscot_000_il_0648,penobscot,21,80,21,True,-5.043234570915301,0.3295410474100326
ood,test_ood,penobscot_000_il_0648,penobscot,21,81,21,True,-9.37610842776796,0.612664857933807
ood,test_ood,penobscot_000_il_0648,penobscot,21,82,21,True,-10.452428291431051,0.682995033980999
ood,test_ood,penobscot_000_il_0648,penobscot,21,83,21,True,-11.776857291880516,0.7695374531152189
ood,test_ood,penobscot_000_il_0648,penobscot,21,84,21,True,-10.059891100271171,0.6573454007340684
ood,test_ood,penobscot_000_il_0648,penobscot,21,85,21,True,-14.7425878149066,0.963327753596234
ood,test_ood,penobscot_000_il_0648,penobscot,21,86,21,True,-9.089500456109487,0.5939369780685528
ood,test_ood,penobscot_000_il_0648,penobscot,21,87,21,True,-14.865850393690856,0.97138212401027
ood,test_ood,penobscot_000_il_0648,penobscot,21,88,21,True,-14.705100367286928,0.9608782040899388
ood,test_ood,penobscot_000_il_0648,penobscot,21,89,21,True,-14.908856581804836,0.9741922856390641
ood,test_ood,penobscot_000_il_0648,penobscot,21,90,21,True,-14.864551359067125,0.9712972409407824
ood,test_ood,penobscot_000_il_0648,penobscot,21,91,21,True,-11.404406887845283,0.7452003546661605
ood,test_ood,penobscot_000_il_0648,penobscot,21,92,21,True,-9.56575351110774,0.6250568731219112
ood,test_ood,penobscot_000_il_0648,penobscot,21,93,21,True,-14.019612604735817,0.9160862452624409
ood,test_ood,penobscot_000_il_0648,penobscot,21,94,21,True,-12.21280177121106,0.7980234571491605
ood,test_ood,penobscot_000_il_0648,penobscot,21,95,21,True,-11.608741749021526,0.7585522468352732
ood,test_ood,penobscot_000_il_0648,penobscot,21,96,21,True,-8.90520084167834,0.5818942528843694
ood,test_ood,penobscot_000_il_0648,penobscot,21,97,21,True,-12.404857932264234,0.810573019852433
ood,test_ood,penobscot_000_il_0648,penobscot,21,98,21,True,-12.355521038597697,0.8073491897120323
ood,test_ood,penobscot_000_il_0648,penobscot,21,99,21,True,-10.46204776320393,0.6836236009768408
ood,test_ood,penobscot_000_il_0681,penobscot,22,0,21,True,-11.156893417326822,0.9447284607231062
ood,test_ood,penobscot_000_il_0681,penobscot,22,1,21,True,-7.10039305621947,0.60123756243057
ood,test_ood,penobscot_000_il_0681,penobscot,22,2,21,True,-7.669703077442292,0.649444833030538
ood,test_ood,penobscot_000_il_0681,penobscot,22,3,21,True,-4.879990119817587,0.41322125987861674
ood,test_ood,penobscot_000_il_0681,penobscot,22,4,21,True,-4.137068681016783,0.3503131544532766
ood,test_ood,penobscot_000_il_0681,penobscot,22,5,21,True,-3.240714773406855,0.2744129001688395
ood,test_ood,penobscot_000_il_0681,penobscot,22,6,21,True,-5.801285570365803,0.4912334806923346
ood,test_ood,penobscot_000_il_0681,penobscot,22,7,21,True,-11.31821746494857,0.9583888421112285
ood,test_ood,penobscot_000_il_0681,penobscot,22,8,21,True,-7.699496540087849,0.6519676439109428
ood,test_ood,penobscot_000_il_0681,penobscot,22,9,21,True,-6.177674769919635,0.52310486063893
ood,test_ood,penobscot_000_il_0681,penobscot,22,10,21,True,-7.872225026601587,0.6665937150835627
ood,test_ood,penobscot_000_il_0681,penobscot,22,11,21,True,-9.930602780743417,0.8408902665086295
ood,test_ood,penobscot_000_il_0681,penobscot,22,12,21,True,-6.610049739886842,0.5597169285823193
ood,test_ood,penobscot_000_il_0681,penobscot,22,13,21,True,-5.459057824383812,0.4622547785048428
ood,test_ood,penobscot_000_il_0681,penobscot,22,14,21,True,-6.16101908663308,0.5216945130228848
ood,test_ood,penobscot_000_il_0681,penobscot,22,15,21,True,-6.567899005310004,0.5561477451989517
ood,test_ood,penobscot_000_il_0681,penobscot,22,16,21,True,-5.472998090060951,0.4634351936296104
ood,test_ood,penobscot_000_il_0681,penobscot,22,17,21,True,-4.292228438321767,0.3634515643315373
ood,test_ood,penobscot_000_il_0681,penobscot,22,18,21,True,-3.2841775972494913,0.27809318688770024
ood,test_ood,penobscot_000_il_0681,penobscot,22,19,21,True,-7.0456322867019985,0.5966006034170592
ood,test_ood,penobscot_000_il_0681,penobscot,22,20,21,True,-8.163603734206038,0.6912666905818436
ood,test_ood,penobscot_000_il_0681,penobscot,22,21,21,True,-11.410727273366279,0.966222263623755
ood,test_ood,penobscot_000_il_0681,penobscot,22,22,21,True,-7.951838814463613,0.6733351446595072
ood,test_ood,penobscot_000_il_0681,penobscot,22,23,21,True,-9.716725219544106,0.822779829165808
ood,test_ood,penobscot_000_il_0681,penobscot,22,24,21,True,-7.166038895077817,0.6067962327501418
ood,test_ood,penobscot_000_il_0681,penobscot,22,25,21,True,-5.3703547087389545,0.45474369501861284
ood,test_ood,penobscot_000_il_0681,penobscot,22,26,21,True,-11.048059934423648,0.9355128049906088
ood,test_ood,penobscot_000_il_0681,penobscot,22,27,21,True,-7.578724658793746,0.6417410844874727
ood,test_ood,penobscot_000_il_0681,penobscot,22,28,21,True,-5.843808939069419,0.4948342174886314
ood,test_ood,penobscot_000_il_0681,penobscot,22,29,21,True,-10.906100162933413,0.9234921258115558
ood,test_ood,penobscot_000_il_0681,penobscot,22,30,21,True,-9.812817442115007,0.8309165975404063
ood,test_ood,penobscot_000_il_0681,penobscot,22,31,21,True,-6.517156981833761,0.5518510801740588
ood,test_ood,penobscot_000_il_0681,penobscot,22,32,21,True,-9.774907382461636,0.8277065003419667
ood,test_ood,penobscot_000_il_0681,penobscot,22,33,21,True,-5.59936097402593,0.4741351804803739
ood,test_ood,penobscot_000_il_0681,penobscot,22,34,21,True,-10.38000288035847,0.8789439655516615
ood,test_ood,penobscot_000_il_0681,penobscot,22,35,21,True,-11.131259773950763,0.9425578894409801
ood,test_ood,penobscot_000_il_0681,penobscot,22,36,21,True,-7.227908543964487,0.6120351479187148
ood,test_ood,penobscot_000_il_0681,penobscot,22,37,21,True,-10.219363422855633,0.8653415529676742
ood,test_ood,penobscot_000_il_0681,penobscot,22,38,21,True,-4.076988874666222,0.3452257971710102
ood,test_ood,penobscot_000_il_0681,penobscot,22,39,21,True,-6.043764110539193,0.5117657533822068
ood,test_ood,penobscot_000_il_0681,penobscot,22,40,21,True,-11.089667104233104,0.9390359611254597
ood,test_ood,penobscot_000_il_0681,penobscot,22,41,21,True,-7.486786466574541,0.6339560655249342
ood,test_ood,penobscot_000_il_0681,penobscot,22,42,21,True,-7.933039284356042,0.6717432632569957
ood,test_ood,penobscot_000_il_0681,penobscot,22,43,21,True,-7.476784942805435,0.6331091699060691
ood,test_ood,penobscot_000_il_0681,penobscot,22,44,21,True,-7.37085308015064,0.6241392136822362
ood,test_ood,penobscot_000_il_0681,penobscot,22,45,21,True,-7.441307465669553,0.6301050556682416
ood,test_ood,penobscot_000_il_0681,penobscot,22,46,21,True,-11.156893417326822,0.9447284607231062
ood,test_ood,penobscot_000_il_0681,penobscot,22,47,21,True,-6.352431061316812,0.5379026395544244
ood,test_ood,penobscot_000_il_0681,penobscot,22,48,21,True,-6.110969515435842,0.5174564825435773
ood,test_ood,penobscot_000_il_0681,penobscot,22,49,21,True,-6.899730584174448,0.5842461346872897
ood,test_ood,penobscot_000_il_0681,penobscot,22,50,21,True,-7.392514424462058,0.6259734239505478
ood,test_ood,penobscot_000_il_0681,penobscot,22,51,21,True,-9.724620255964307,0.8234483544734915
ood,test_ood,penobscot_000_il_0681,penobscot,22,52,21,True,-7.2867557286975515,0.617018130920454
ood,test_ood,penobscot_000_il_0681,penobscot,22,53,21,True,-4.0383798185680515,0.34195651128888904
ood,test_ood,penobscot_000_il_0681,penobscot,22,54,21,True,-6.595166560072999,0.5584566706386197
ood,test_ood,penobscot_000_il_0681,penobscot,22,55,21,True,-9.576317771134697,0.810890595519112
ood,test_ood,penobscot_000_il_0681,penobscot,22,56,21,True,-5.80111270198444,0.49121884277533356
ood,test_ood,penobscot_000_il_0681,penobscot,22,57,21,True,-7.040363332227443,0.5961544459551049
ood,test_ood,penobscot_000_il_0681,penobscot,22,58,21,True,-7.285663560563444,0.6169256497716619
ood,test_ood,penobscot_000_il_0681,penobscot,22,59,21,True,-10.21146250267038,0.864672529442423
ood,test_ood,penobscot_000_il_0681,penobscot,22,60,21,True,-11.263530986507643,0.9537581738178814
ood,test_ood,penobscot_000_il_0681,penobscot,22,61,21,True,-7.102945164745312,0.6014536664542467
ood,test_ood,penobscot_000_il_0681,penobscot,22,62,21,True,-4.886896271842698,0.41380604975946933
ood,test_ood,penobscot_000_il_0681,penobscot,22,63,21,True,-7.01447443314607,0.5939622604726322
ood,test_ood,penobscot_000_il_0681,penobscot,22,64,21,True,-10.963151620667752,0.9283230526503539
ood,test_ood,penobscot_000_il_0681,penobscot,22,65,21,True,-7.427950362147137,0.6289740207664601
ood,test_ood,penobscot_000_il_0681,penobscot,22,66,21,True,-6.105252872102049,0.5169724162846984
ood,test_ood,penobscot_000_il_0681,penobscot,22,67,21,True,-4.752820650472687,0.40245297407258734
ood,test_ood,penobscot_000_il_0681,penobscot,22,68,21,True,-3.5908015302123006,0.3040570771368397
ood,test_ood,penobscot_000_il_0681,penobscot,22,69,21,True,-2.374555832161497,0.20106945475835689
ood,test_ood,penobscot_000_il_0681,penobscot,22,70,21,True,-10.157527254352999,0.8601054728061678
ood,test_ood,penobscot_000_il_0681,penobscot,22,71,21,True,-5.240835954676981,0.4437764796314229
ood,test_ood,penobscot_000_il_0681,penobscot,22,72,21,True,-11.211748797506122,0.9493734310513776
ood,test_ood,penobscot_000_il_0681,penobscot,22,73,21,True,-6.586657676328545,0.5577361667903095
ood,test_ood,penobscot_000_il_0681,penobscot,22,74,21,True,-7.28763346239019,0.6170924544771424
ood,test_ood,penobscot_000_il_0681,penobscot,22,75,21,True,-7.728507377233992,0.6544241846787158
ood,test_ood,penobscot_000_il_0681,penobscot,22,76,21,True,-7.017637897178625,0.5942301320381512
ood,test_ood,penobscot_000_il_0681,penobscot,22,77,21,True,-4.53547479500137,0.3840488531579717
ood,test_ood,penobscot_000_il_0681,penobscot,22,78,21,True,-11.179837430392617,0.9466712830962943
ood,test_ood,penobscot_000_il_0681,penobscot,22,79,21,True,-6.740054613537829,0.5707253069522388
ood,test_ood,penobscot_000_il_0681,penobscot,22,80,21,True,-5.848083818194438,0.4951961999710743
ood,test_ood,penobscot_000_il_0681,penobscot,22,81,21,True,-6.2019826322269385,0.5251631692094312
ood,test_ood,penobscot_000_il_0681,penobscot,22,82,21,True,-10.978210588293711,0.9295981957186974
ood,test_ood,penobscot_000_il_0681,penobscot,22,83,21,True,-6.893469579349596,0.583715973715995
ood,test_ood,penobscot_000_il_0681,penobscot,22,84,21,True,-3.5384507274120045,0.29962418605352653
ood,test_ood,penobscot_000_il_0681,penobscot,22,85,21,True,-2.7293843193622007,0.23111514561466942
ood,test_ood,penobscot_000_il_0681,penobscot,22,86,21,True,-10.965053946513159,0.9284841352474981
ood,test_ood,penobscot_000_il_0681,penobscot,22,87,21,True,-7.37628777127399,0.6245994051699036
ood,test_ood,penobscot_000_il_0681,penobscot,22,88,21,True,-6.369752343030966,0.5393693478216334
ood,test_ood,penobscot_000_il_0681,penobscot,22,89,21,True,-3.5780866023030358,0.3029804195205476
ood,test_ood,penobscot_000_il_0681,penobscot,22,90,21,True,-7.10039305621947,0.60123756243057
ood,test_ood,penobscot_000_il_0681,penobscot,22,91,21,True,-7.780212184543679,0.6588023750220786
ood,test_ood,penobscot_000_il_0681,penobscot,22,92,21,True,-11.242553296845035,0.9519818531412222
ood,test_ood,penobscot_000_il_0681,penobscot,22,93,21,True,-2.7265260083327756,0.23087311338597535
ood,test_ood,penobscot_000_il_0681,penobscot,22,94,21,True,-8.405440169462079,0.711744591972511
ood,test_ood,penobscot_000_il_0681,penobscot,22,95,21,True,-7.133532539386925,0.6040437031501118
ood,test_ood,penobscot_000_il_0681,penobscot,22,96,21,True,-9.193918589089488,0.7785103103337844
ood,test_ood,penobscot_000_il_0681,penobscot,22,97,21,True,-6.905497320581418,0.5847344426602505
ood,test_ood,penobscot_000_il_0681,penobscot,22,98,21,True,-8.409040631774106,0.7120494670923764
ood,test_ood,penobscot_000_il_0681,penobscot,22,99,21,True,-10.793977756588523,0.9139979750299168
ood,test_ood,penobscot_000_il_0775,penobscot,23,0,22,True,-5.200222483328746,0.5680441476928969
ood,test_ood,penobscot_000_il_0775,penobscot,23,1,22,True,-5.576332286485828,0.6091283461590652
ood,test_ood,penobscot_000_il_0775,penobscot,23,2,22,True,-4.627051195931617,0.505434019669465
ood,test_ood,penobscot_000_il_0775,penobscot,23,3,22,True,-3.791361485645937,0.41414780052464784
ood,test_ood,penobscot_000_il_0775,penobscot,23,4,22,True,-1.3262255099004816,0.14486969390928103
ood,test_ood,penobscot_000_il_0775,penobscot,23,5,22,True,-4.434590547364229,0.48441066049005094
ood,test_ood,penobscot_000_il_0775,penobscot,23,6,22,True,-8.808425861226883,0.9621847482290468
ood,test_ood,penobscot_000_il_0775,penobscot,23,7,22,True,-5.569481294842829,0.60837998092639
ood,test_ood,penobscot_000_il_0775,penobscot,23,8,22,True,-8.77701579993917,0.9587536832024327
ood,test_ood,penobscot_000_il_0775,penobscot,23,9,22,True,-4.014764891152016,0.43855117893378803
ood,test_ood,penobscot_000_il_0775,penobscot,23,10,22,True,-5.705971545198835,0.62328943685456
ood,test_ood,penobscot_000_il_0775,penobscot,23,11,22,True,-5.705971545198835,0.62328943685456
ood,test_ood,penobscot_000_il_0775,penobscot,23,12,22,True,-8.59428864211894,0.9387935578506623
ood,test_ood,penobscot_000_il_0775,penobscot,23,13,22,True,-8.766224225835957,0.9575748700779219
ood,test_ood,penobscot_000_il_0775,penobscot,23,14,22,True,-7.185917126453987,0.7849506790477636
ood,test_ood,penobscot_000_il_0775,penobscot,23,15,22,True,-5.569481294842829,0.60837998092639
ood,test_ood,penobscot_000_il_0775,penobscot,23,16,22,True,-7.438397063150852,0.8125302202905297
ood,test_ood,penobscot_000_il_0775,penobscot,23,17,22,True,-4.065648961657322,0.4441094792861281
ood,test_ood,penobscot_000_il_0775,penobscot,23,18,22,True,-5.025576637517556,0.54896678110907
ood,test_ood,penobscot_000_il_0775,penobscot,23,19,22,True,-3.6075004901077126,0.39406382087968
ood,test_ood,penobscot_000_il_0775,penobscot,23,20,22,True,-8.449186947344973,0.9229434343605778
ood,test_ood,penobscot_000_il_0775,penobscot,23,21,22,True,-8.227589736062068,0.8987373548288141
ood,test_ood,penobscot_000_il_0775,penobscot,23,22,22,True,-5.50833860750327,0.6017010848159258
ood,test_ood,penobscot_000_il_0775,penobscot,23,23,22,True,-3.469256888622658,0.37896283836761896
ood,test_ood,penobscot_000_il_0775,penobscot,23,24,22,True,-5.776471466702967,0.630990466560811
ood,test_ood,penobscot_000_il_0775,penobscot,23,25,22,True,-8.931407862274703,0.975618636142638
ood,test_ood,penobscot_000_il_0775,penobscot,23,26,22,True,-4.670301209499753,0.5101584169762687
ood,test_ood,penobscot_000_il_0775,penobscot,23,27,22,True,-5.121406880464937,0.5594347579798217
ood,test_ood,penobscot_000_il_0775,penobscot,23,28,22,True,-6.1289186277883525,0.6694898861274478
ood,test_ood,penobscot_000_il_0775,penobscot,23,29,22,True,-5.025576637517556,0.54896678110907
ood,test_ood,penobscot_000_il_0775,penobscot,23,30,22,True,-8.52326853144563,0.931035705496112
ood,test_ood,penobscot_000_il_0775,penobscot,23,31,22,True,-5.047446665465111,0.5513557445477142
ood,test_ood,penobscot_000_il_0775,penobscot,23,32,22,True,-7.1036557173345924,0.7759648881165009
ood,test_ood,penobscot_000_il_0775,penobscot,23,33,22,True,-8.976670282297913,0.9805628578345034
ood,test_ood,penobscot_000_il_0775,penobscot,23,34,22,True,-4.280787321284089,0.46761002883415587
ood,test_ood,penobscot_000_il_0775,penobscot,23,35,22,True,-8.277711488213372,0.9042123836517035
ood,test_ood,penobscot_000_il_0775,penobscot,23,36,22,True,-3.982007910705934,0.43497298375115123
ood,test_ood,penobscot_000_il_0775,penobscot,23,37,22,True,-5.199149638494349,0.5679269559320608
ood,test_ood,penobscot_000_il_0775,penobscot,23,38,22,True,-6.918648911728306,0.755755746383639
ood,test_ood,penobscot_000_il_0775,penobscot,23,39,22,True,-8.736840657645226,0.9543651681848604
ood,test_ood,penobscot_000_il_0775,penobscot,23,40,22,True,-8.555585329399083,0.934565817526604
ood,test_ood,penobscot_000_il_0775,penobscot,23,41,22,True,-2.996581850643201,0.3273303764978574
ood,test_ood,penobscot_000_il_0775,penobscot,23,42,22,True,-8.52326853144563,0.931035705496112
ood,test_ood,penobscot_000_il_0775,penobscot,23,43,22,True,-3.887165425639295,0.4246129042031183
ood,test_ood,penobscot_000_il_0775,penobscot,23,44,22,True,-8.70237149780258,0.9505999437954666
ood,test_ood,penobscot_000_il_0775,penobscot,23,45,22,True,-8.440020924978691,0.9219421877063282
ood,test_ood,penobscot_000_il_0775,penobscot,23,46,22,True,-4.979461962885812,0.5439294637382646
ood,test_ood,penobscot_000_il_0775,penobscot,23,47,22,True,-5.495188910745006,0.6002646831405333
ood,test_ood,penobscot_000_il_0775,penobscot,23,48,22,True,-8.808425861226883,0.9621847482290468
ood,test_ood,penobscot_000_il_0775,penobscot,23,49,22,True,-4.61836171318979,0.5044848276235865
ood,test_ood,penobscot_000_il_0775,penobscot,23,50,22,True,-3.3508414143440857,0.3660277731130331
ood,test_ood,penobscot_000_il_0775,penobscot,23,51,22,True,-5.042146908411759,0.5507768277825179
ood,test_ood,penobscot_000_il_0775,penobscot,23,52,22,True,-4.639271029490043,0.5067688481236124
ood,test_ood,penobscot_000_il_0775,penobscot,23,53,22,True,-6.263819573423002,0.6842257350130801
ood,test_ood,penobscot_000_il_0775,penobscot,23,54,22,True,-6.918648911728306,0.755755746383639
ood,test_ood,penobscot_000_il_0775,penobscot,23,55,22,True,-3.8346605386826025,0.4188775546374715
ood,test_ood,penobscot_000_il_0775,penobscot,23,56,22,True,-7.482382381945716,0.8173349383590225
ood,test_ood,penobscot_000_il_0775,penobscot,23,57,22,True,-8.77544935397086,0.9585825731263102
ood,test_ood,penobscot_000_il_0775,penobscot,23,58,22,True,-8.78189044182853,0.959286162688883
ood,test_ood,penobscot_000_il_0775,penobscot,23,59,22,True,-7.624397636649898,0.8328479158472835
ood,test_ood,penobscot_000_il_0775,penobscot,23,60,22,True,-8.77701579993917,0.9587536832024327
ood,test_ood,penobscot_000_il_0775,penobscot,23,61,22,True,-3.8346605386826025,0.4188775546374715
ood,test_ood,penobscot_000_il_0775,penobscot,23,62,22,True,-5.168378739099191,0.5645657094898744
ood,test_ood,penobscot_000_il_0775,penobscot,23,63,22,True,-8.93983536787598,0.9765392112241469
ood,test_ood,penobscot_000_il_0775,penobscot,23,64,22,True,-8.883493959613613,0.9703847808437512
ood,test_ood,penobscot_000_il_0775,penobscot,23,65,22,True,-3.6241160223783284,0.3958788116608214
ood,test_ood,penobscot_000_il_0775,penobscot,23,66,22,True,-8.920744680958375,0.974453847950989
ood,test_ood,penobscot_000_il_0775,penobscot,23,67,22,True,-5.04628538995383,0.5512288930985393
ood,test_ood,penobscot_000_il_0775,penobscot,23,68,22,True,-5.733741210405046,0.626322844724002
ood,test_ood,penobscot_000_il_0775,penobscot,23,69,22,True,-4.933368344604766,0.5388944464492006
ood,test_ood,penobscot_000_il_0775,penobscot,23,70,22,True,-5.4982353219489735,0.6005974566057892
ood,test_ood,penobscot_000_il_0775,penobscot,23,71,22,True,-8.277711488213372,0.9042123836517035
ood,test_ood,penobscot_000_il_0775,penobscot,23,72,22,True,-6.8571030609934285,0.749032810886781
ood,test_ood,penobscot_000_il_0775,penobscot,23,73,22,True,-4.994759437020404,0.5456004769851971
ood,test_ood,penobscot_000_il_0775,penobscot,23,74,22,True,-7.293516983513934,0.7967043048380914
ood,test_ood,penobscot_000_il_0775,penobscot,23,75,22,True,-7.306310706145902,0.7981018218273342
ood,test_ood,penobscot_000_il_0775,penobscot,23,76,22,True,-3.8094543462534456,0.4161241666543793
ood,test_ood,penobscot_000_il_0775,penobscot,23,77,22,True,-3.9250937873906477,0.42875599307931633
ood,test_ood,penobscot_000_il_0775,penobscot,23,78,22,True,-4.326559300029804,0.4726099119618837
ood,test_ood,penobscot_000_il_0775,penobscot,23,79,22,True,-5.047446665465111,0.5513557445477142
ood,test_ood,penobscot_000_il_0775,penobscot,23,80,22,True,-3.6075004901077126,0.39406382087968
ood,test_ood,penobscot_000_il_0775,penobscot,23,81,22,True,-7.4167009587132675,0.8101602553144135
ood,test_ood,penobscot_000_il_0775,penobscot,23,82,22,True,-8.873394299873555,0.9692815486979304
ood,test_ood,penobscot_000_il_0775,penobscot,23,83,22,True,-5.203968294066539,0.5684533197763588
ood,test_ood,penobscot_000_il_0775,penobscot,23,84,22,True,-5.093804736542416,0.5564196492283728
ood,test_ood,penobscot_000_il_0775,penobscot,23,85,22,True,-5.582295566239922,0.609779742551475
ood,test_ood,penobscot_000_il_0775,penobscot,23,86,22,True,-6.623837894285213,0.7235521870800105
ood,test_ood,penobscot_000_il_0775,penobscot,23,87,22,True,-7.403620379865232,0.8087314037052977
ood,test_ood,penobscot_000_il_0775,penobscot,23,88,22,True,-4.243723375874986,0.46356136411883914
ood,test_ood,penobscot_000_il_0775,penobscot,23,89,22,True,-5.199149638494349,0.5679269559320608
ood,test_ood,penobscot_000_il_0775,penobscot,23,90,22,True,-4.6875272717565455,0.5120400987474112
ood,test_ood,penobscot_000_il_0775,penobscot,23,91,22,True,-5.249249062210012,0.573399545717537
ood,test_ood,penobscot_000_il_0775,penobscot,23,92,22,True,-5.074719011497203,0.5543348279632895
ood,test_ood,penobscot_000_il_0775,penobscot,23,93,22,True,-5.224522261153491,0.5706985238523472
ood,test_ood,penobscot_000_il_0775,penobscot,23,94,22,True,-4.397800973286934,0.4803919666134489
ood,test_ood,penobscot_000_il_0775,penobscot,23,95,22,True,-3.887165425639295,0.4246129042031183
ood,test_ood,penobscot_000_il_0775,penobscot,23,96,22,True,-6.918648911728306,0.755755746383639
ood,test_ood,penobscot_000_il_0775,penobscot,23,97,22,True,-8.70237149780258,0.9505999437954666
ood,test_ood,penobscot_000_il_0775,penobscot,23,98,22,True,-5.495188910745006,0.6002646831405333
ood,test_ood,penobscot_000_il_0775,penobscot,23,99,22,True,-5.495188910745006,0.6002646831405333
ood,test_ood,penobscot_000_il_0899,penobscot,24,0,22,True,-12.820358872606098,0.9676495513807057
ood,test_ood,penobscot_000_il_0899,penobscot,24,1,22,True,-12.87401175771817,0.9716991408442202
ood,test_ood,penobscot_000_il_0899,penobscot,24,2,22,True,-5.723611511152995,0.4320042961417345
ood,test_ood,penobscot_000_il_0899,penobscot,24,3,22,True,-12.906362032992032,0.9741408610539934
ood,test_ood,penobscot_000_il_0899,penobscot,24,4,22,True,-10.211593945817329,0.7707463105159885
ood,test_ood,penobscot_000_il_0899,penobscot,24,5,22,True,-7.80983830881984,0.5894676280890379
ood,test_ood,penobscot_000_il_0899,penobscot,24,6,22,True,-12.10510338338488,0.913663804168404
ood,test_ood,penobscot_000_il_0899,penobscot,24,7,22,True,-13.040281993514322,0.9842488144278428
ood,test_ood,penobscot_000_il_0899,penobscot,24,8,22,True,-6.979515821489638,0.5267969033183626
ood,test_ood,penobscot_000_il_0899,penobscot,24,9,22,True,-7.0120309622096055,0.529251067171606
ood,test_ood,penobscot_000_il_0899,penobscot,24,10,22,True,-9.84831975463844,0.7433272568361768
ood,test_ood,penobscot_000_il_0899,penobscot,24,11,22,True,-9.604090433743558,0.7248934208456007
ood,test_ood,penobscot_000_il_0899,penobscot,24,12,22,True,-9.660309855486759,0.7291367262607815
ood,test_ood,penobscot_000_il_0899,penobscot,24,13,22,True,-12.574036355045404,0.9490577259894626
ood,test_ood,penobscot_000_il_0899,penobscot,24,14,22,True,-5.723611511152995,0.4320042961417345
ood,test_ood,penobscot_000_il_0899,penobscot,24,15,22,True,-12.66322345390969,0.9557893516063845
ood,test_ood,penobscot_000_il_0899,penobscot,24,16,22,True,-7.548810142570173,0.5697658560498068
ood,test_ood,penobscot_000_il_0899,penobscot,24,17,22,True,-8.070321156509872,0.6091282408077823
ood,test_ood,penobscot_000_il_0899,penobscot,24,18,22,True,-13.040281993514322,0.9842488144278428
ood,test_ood,penobscot_000_il_0899,penobscot,24,19,22,True,-12.061530313928385,0.910375014710104
ood,test_ood,penobscot_000_il_0899,penobscot,24,20,22,True,-7.783666367960601,0.587492233555791
ood,test_ood,penobscot_000_il_0899,penobscot,24,21,22,True,-4.614909810130792,0.3483221844107175
ood,test_ood,penobscot_000_il_0899,penobscot,24,22,22,True,-8.116518590445423,0.6126151109232668
ood,test_ood,penobscot_000_il_0899,penobscot,24,23,22,True,-12.88980240255514,0.9728909803663691
ood,test_ood,penobscot_000_il_0899,penobscot,24,24,22,True,-9.63393455263148,0.7271459824579714
ood,test_ood,penobscot_000_il_0899,penobscot,24,25,22,True,-12.554675247868614,0.9475963966413512
ood,test_ood,penobscot_000_il_0899,penobscot,24,26,22,True,-12.928570634884458,0.9758171123876376
ood,test_ood,penobscot_000_il_0899,penobscot,24,27,22,True,-9.479342780050583,0.7154777709147916
ood,test_ood,penobscot_000_il_0899,penobscot,24,28,22,True,-12.906362032992032,0.9741408610539934
ood,test_ood,penobscot_000_il_0899,penobscot,24,29,22,True,-12.65061555356624,0.9548377379087947
ood,test_ood,penobscot_000_il_0899,penobscot,24,30,22,True,-12.554675247868614,0.9475963966413512
ood,test_ood,penobscot_000_il_0899,penobscot,24,31,22,True,-7.816453256814457,0.589966908298196
ood,test_ood,penobscot_000_il_0899,penobscot,24,32,22,True,-6.927739624514968,0.5228889617176176
ood,test_ood,penobscot_000_il_0899,penobscot,24,33,22,True,-12.884669281319454,0.9725035448421183
ood,test_ood,penobscot_000_il_0899,penobscot,24,34,22,True,-9.7421518717469,0.7353139628814691
ood,test_ood,penobscot_000_il_0899,penobscot,24,35,22,True,-12.916920965576967,0.9749378236414221
ood,test_ood,penobscot_000_il_0899,penobscot,24,36,22,True,-12.653208335816027,0.9550334348160158
ood,test_ood,penobscot_000_il_0899,penobscot,24,37,22,True,-7.041562729488236,0.531480053243104
ood,test_ood,penobscot_000_il_0899,penobscot,24,38,22,True,-6.540598939309938,0.4936685230323692
ood,test_ood,penobscot_000_il_0899,penobscot,24,39,22,True,-12.728305527378343,0.9607015884494139
ood,test_ood,penobscot_000_il_0899,penobscot,24,40,22,True,-9.803743429139438,0.7399627440483578
ood,test_ood,penobscot_000_il_0899,penobscot,24,41,22,True,-12.79140169381098,0.9654639338524619
ood,test_ood,penobscot_000_il_0899,penobscot,24,42,22,True,-7.783666367960601,0.587492233555791
ood,test_ood,penobscot_000_il_0899,penobscot,24,43,22,True,-7.914148014374966,0.5973406713312783
ood,test_ood,penobscot_000_il_0899,penobscot,24,44,22,True,-9.80166867762595,0.7398061468429906
ood,test_ood,penobscot_000_il_0899,penobscot,24,45,22,True,-7.783666367960601,0.587492233555791
ood,test_ood,penobscot_000_il_0899,penobscot,24,46,22,True,-8.166485035156095,0.6163864568184024
ood,test_ood,penobscot_000_il_0899,penobscot,24,47,22,True,-9.320385818594929,0.7034800855169147
ood,test_ood,penobscot_000_il_0899,penobscot,24,48,22,True,-12.073877833954882,0.9113069755337463
ood,test_ood,penobscot_000_il_0899,penobscot,24,49,22,True,-9.251117600655425,0.6982518886559579
ood,test_ood,penobscot_000_il_0899,penobscot,24,50,22,True,-12.916920965576967,0.9749378236414221
ood,test_ood,penobscot_000_il_0899,penobscot,24,51,22,True,-9.71388000378493,0.7331800709505223
ood,test_ood,penobscot_000_il_0899,penobscot,24,52,22,True,-12.870060316287427,0.9714008956417448
ood,test_ood,penobscot_000_il_0899,penobscot,24,53,22,True,-13.042572747990636,0.9844217150122458
ood,test_ood,penobscot_000_il_0899,penobscot,24,54,22,True,-12.932886375366788,0.9761428539977671
ood,test_ood,penobscot_000_il_0899,penobscot,24,55,22,True,-13.042572747990636,0.9844217150122458
ood,test_ood,penobscot_000_il_0899,penobscot,24,56,22,True,-12.320179631297968,0.9298972370132869
ood,test_ood,penobscot_000_il_0899,penobscot,24,57,22,True,-8.617964490181866,0.6504630295925691
ood,test_ood,penobscot_000_il_0899,penobscot,24,58,22,True,-12.961465167865914,0.9782999118473623
ood,test_ood,penobscot_000_il_0899,penobscot,24,59,22,True,-12.046533630901873,0.9092431014971432
ood,test_ood,penobscot_000_il_0899,penobscot,24,60,22,True,-7.6429594738691655,0.5768720189193136
ood,test_ood,penobscot_000_il_0899,penobscot,24,61,22,True,-12.928570634884458,0.9758171123876376
ood,test_ood,penobscot_000_il_0899,penobscot,24,62,22,True,-12.932886375366788,0.9761428539977671
ood,test_ood,penobscot_000_il_0899,penobscot,24,63,22,True,-6.7370875275826325,0.508499004470745
ood,test_ood,penobscot_000_il_0899,penobscot,24,64,22,True,-12.943775071864739,0.9769647063644648
ood,test_ood,penobscot_000_il_0899,penobscot,24,65,22,True,-12.679171086380702,0.9569930401738813
ood,test_ood,penobscot_000_il_0899,penobscot,24,66,22,True,-7.341547680523787,0.5541221887850949
ood,test_ood,penobscot_000_il_0899,penobscot,24,67,22,True,-12.89378691320621,0.9731917215532806
ood,test_ood,penobscot_000_il_0899,penobscot,24,68,22,True,-8.514864090338886,0.6426812618084861
ood,test_ood,penobscot_000_il_0899,penobscot,24,69,22,True,-12.870060316287427,0.9714008956417448
ood,test_ood,penobscot_000_il_0899,penobscot,24,70,22,True,-8.070321156509872,0.6091282408077823
ood,test_ood,penobscot_000_il_0899,penobscot,24,71,22,True,-12.040905475427156,0.9088183019908008
ood,test_ood,penobscot_000_il_0899,penobscot,24,72,22,True,-13.042572747990636,0.9844217150122458
ood,test_ood,penobscot_000_il_0899,penobscot,24,73,22,True,-12.708370062635309,0.9591969079871234
ood,test_ood,penobscot_000_il_0899,penobscot,24,74,22,True,-7.727192429304863,0.5832297178221879
ood,test_ood,penobscot_000_il_0899,penobscot,24,75,22,True,-11.665058841577615,0.880450310872427
ood,test_ood,penobscot_000_il_0899,penobscot,24,76,22,True,-9.67135820283045,0.7299706286855774
ood,test_ood,penobscot_000_il_0899,penobscot,24,77,22,True,-9.356849982895348,0.7062323120791653
ood,test_ood,penobscot_000_il_0899,penobscot,24,78,22,True,-7.473991031691897,0.5641186912710764
ood,test_ood,penobscot_000_il_0899,penobscot,24,79,22,True,-5.2283018444434575,0.3946195254384647
ood,test_ood,penobscot_000_il_0899,penobscot,24,80,22,True,-9.509600703014696,0.7177615654538426
ood,test_ood,penobscot_000_il_0899,penobscot,24,81,22,True,-12.53015514250808,0.9457456786397964
ood,test_ood,penobscot_000_il_0899,penobscot,24,82,22,True,-6.927739624514968,0.5228889617176176
ood,test_ood,penobscot_000_il_0899,penobscot,24,83,22,True,-7.816453256814457,0.589966908298196
ood,test_ood,penobscot_000_il_0899,penobscot,24,84,22,True,-9.122009208327903,0.6885071007637749
ood,test_ood,penobscot_000_il_0899,penobscot,24,85,22,True,-7.923201621601805,0.5980240156166048
ood,test_ood,penobscot_000_il_0899,penobscot,24,86,22,True,-13.06128643090549,0.9858341783494406
ood,test_ood,penobscot_000_il_0899,penobscot,24,87,22,True,-12.98274955930811,0.979906406020818
ood,test_ood,penobscot_000_il_0899,penobscot,24,88,22,True,-8.596817515039415,0.6488669072676805
ood,test_ood,penobscot_000_il_0899,penobscot,24,89,22,True,-12.66900870953111,0.9562260086502565
ood,test_ood,penobscot_000_il_0899,penobscot,24,90,22,True,-12.424374703770631,0.9377616280288684
ood,test_ood,penobscot_000_il_0899,penobscot,24,91,22,True,-12.891318733033422,0.973005429308215
ood,test_ood,penobscot_000_il_0899,penobscot,24,92,22,True,-8.092710095056834,0.6108181035141337
ood,test_ood,penobscot_000_il_0899,penobscot,24,93,22,True,-6.874709016082042,0.5188863401865452
ood,test_ood,penobscot_000_il_0899,penobscot,24,94,22,True,-12.905994684514532,0.9741131344830779
ood,test_ood,penobscot_000_il_0899,penobscot,24,95,22,True,-9.803743429139438,0.7399627440483578
ood,test_ood,penobscot_000_il_0899,penobscot,24,96,22,True,-7.755852417975696,0.5853929041616253
ood,test_ood,penobscot_000_il_0899,penobscot,24,97,22,True,-5.227347179369496,0.39454746963724124
ood,test_ood,penobscot_000_il_0899,penobscot,24,98,22,True,-7.10264927221132,0.5360907171292526
ood,test_ood,penobscot_000_il_0899,penobscot,24,99,22,True,-12.552523825711589,0.9474340125220173
ood,test_ood,penobscot_000_xl_0100,penobscot,25,0,20,True,-7.684558720832799,0.5876701599883025
ood,test_ood,penobscot_000_xl_0100,penobscot,25,1,20,True,-3.2024999673309757,0.24490848941811044
ood,test_ood,penobscot_000_xl_0100,penobscot,25,2,20,True,-8.473714705570725,0.648020199678858
ood,test_ood,penobscot_000_xl_0100,penobscot,25,3,20,True,-8.91113132650495,0.6814712675858646
ood,test_ood,penobscot_000_xl_0100,penobscot,25,4,20,True,-8.813383034230114,0.6739960492100837
ood,test_ood,penobscot_000_xl_0100,penobscot,25,5,20,True,-9.3815701493537,0.717447680589092
ood,test_ood,penobscot_000_xl_0100,penobscot,25,6,20,True,-8.121339005905412,0.621072564645904
ood,test_ood,penobscot_000_xl_0100,penobscot,25,7,20,True,-8.100508207799972,0.6194795468943292
ood,test_ood,penobscot_000_xl_0100,penobscot,25,8,20,True,-6.6844789025489995,0.5111898976645057
ood,test_ood,penobscot_000_xl_0100,penobscot,25,9,20,True,-7.528921584253302,0.5757679409700737
ood,test_ood,penobscot_000_xl_0100,penobscot,25,10,20,True,-8.177129347966648,0.6253390840956216
ood,test_ood,penobscot_000_xl_0100,penobscot,25,11,20,True,-9.26207798747222,0.7083096180872249
ood,test_ood,penobscot_000_xl_0100,penobscot,25,12,20,True,-10.475584711944686,0.801111523417754
ood,test_ood,penobscot_000_xl_0100,penobscot,25,13,20,True,-12.013438171966936,0.9187175723428246
ood,test_ood,penobscot_000_xl_0100,penobscot,25,14,20,True,-6.833746849487089,0.5226050382659333
ood,test_ood,penobscot_000_xl_0100,penobscot,25,15,20,True,-6.711300260298427,0.5132410384225272
ood,test_ood,penobscot_000_xl_0100,penobscot,25,16,20,True,-4.2207610998999066,0.3227791524484274
ood,test_ood,penobscot_000_xl_0100,penobscot,25,17,20,True,-8.039314465532355,0.6147998069619369
ood,test_ood,penobscot_000_xl_0100,penobscot,25,18,20,True,-8.88398090659547,0.6793949620761289
ood,test_ood,penobscot_000_xl_0100,penobscot,25,19,20,True,-7.927381282854986,0.6062398110322188
ood,test_ood,penobscot_000_xl_0100,penobscot,25,20,20,True,-6.098114487159824,0.46634817254774324
ood,test_ood,penobscot_000_xl_0100,penobscot,25,21,20,True,-8.64131202939411,0.660837063949527
ood,test_ood,penobscot_000_xl_0100,penobscot,25,22,20,True,-3.6996366276254635,0.2829265970681032
ood,test_ood,penobscot_000_xl_0100,penobscot,25,23,20,True,-10.102696162477079,0.772595185462087
ood,test_ood,penobscot_000_xl_0100,penobscot,25,24,20,True,-8.474602640642178,0.6480881037660616
ood,test_ood,penobscot_000_xl_0100,penobscot,25,25,20,True,-11.277831845755486,0.8624626977146767
ood,test_ood,penobscot_000_xl_0100,penobscot,25,26,20,True,-7.743549227079809,0.5921814093005094
ood,test_ood,penobscot_000_xl_0100,penobscot,25,27,20,True,-12.110682742930434,0.9261542690553092
ood,test_ood,penobscot_000_xl_0100,penobscot,25,28,20,True,-9.639380857559122,0.7371635374966647
ood,test_ood,penobscot_000_xl_0100,penobscot,25,29,20,True,-8.556555698684594,0.6543553948989607
ood,test_ood,penobscot_000_xl_0100,penobscot,25,30,20,True,-8.91829517597623,0.682019116944281
ood,test_ood,penobscot_000_xl_0100,penobscot,25,31,20,True,-9.035392188509146,0.690974012415743
ood,test_ood,penobscot_000_xl_0100,penobscot,25,32,20,True,-6.496947121144437,0.49684856252939386
ood,test_ood,penobscot_000_xl_0100,penobscot,25,33,20,True,-5.869767450794481,0.4488855251442066
ood,test_ood,penobscot_000_xl_0100,penobscot,25,34,20,True,-10.893223697623556,0.8330501133156855
ood,test_ood,penobscot_000_xl_0100,penobscot,25,35,20,True,-8.698461907356034,0.6652075527629114
ood,test_ood,penobscot_000_xl_0100,penobscot,25,36,20,True,-6.359384797031581,0.4863285995807595
ood,test_ood,penobscot_000_xl_0100,penobscot,25,37,20,True,-9.165671245219993,0.7009369936202241
ood,test_ood,penobscot_000_xl_0100,penobscot,25,38,20,True,-7.095240133115038,0.5426025170292746
ood,test_ood,penobscot_000_xl_0100,penobscot,25,39,20,True,-4.462402069329418,0.3412584421933796
ood,test_ood,penobscot_000_xl_0100,penobscot,25,40,20,True,-9.529666597470591,0.7287732318042334
ood,test_ood,penobscot_000_xl_0100,penobscot,25,41,20,True,-4.3792108478105884,0.3348964635507993
ood,test_ood,penobscot_000_xl_0100,penobscot,25,42,20,True,-7.50843247368095,0.5742010534849885
ood,test_ood,penobscot_000_xl_0100,penobscot,25,43,20,True,-7.703499711809673,0.5891186563303944
ood,test_ood,penobscot_000_xl_0100,penobscot,25,44,20,True,-9.201883207485258,0.7037062729544071
ood,test_ood,penobscot_000_xl_0100,penobscot,25,45,20,True,-8.564738249058559,0.6549811485514565
ood,test_ood,penobscot_000_xl_0100,penobscot,25,46,20,True,-4.963828868223548,0.3796046345817177
ood,test_ood,penobscot_000_xl_0100,penobscot,25,47,20,True,-6.4134077620009595,0.4904599603550002
ood,test_ood,penobscot_000_xl_0100,penobscot,25,48,20,True,-10.84314198232186,0.8292201562923829
ood,test_ood,penobscot_000_xl_0100,penobscot,25,49,20,True,-5.4934842265381345,0.4201095822914104
ood,test_ood,penobscot_000_xl_0100,penobscot,25,50,20,True,-8.36961262651846,0.6400590808073336
ood,test_ood,penobscot_000_xl_0100,penobscot,25,51,20,True,-7.768178693964045,0.594064927049557
ood,test_ood,penobscot_000_xl_0100,penobscot,25,52,20,True,-12.160272849454056,0.9299466307111023
ood,test_ood,penobscot_000_xl_0100,penobscot,25,53,20,True,-9.136352753200615,0.6986948866207767
ood,test_ood,penobscot_000_xl_0100,penobscot,25,54,20,True,-8.535271372839249,0.652727693995216
ood,test_ood,penobscot_000_xl_0100,penobscot,25,55,20,True,-8.535656900617699,0.6527571769075694
ood,test_ood,penobscot_000_xl_0100,penobscot,25,56,20,True,-6.268669077716539,0.479391191302676
ood,test_ood,penobscot_000_xl_0100,penobscot,25,57,20,True,-6.9431941361956495,0.5309749273938461
ood,test_ood,penobscot_000_xl_0100,penobscot,25,58,20,True,-8.31141797569292,0.635608693868602
ood,test_ood,penobscot_000_xl_0100,penobscot,25,59,20,True,-6.813695638270447,0.521071638765491
ood,test_ood,penobscot_000_xl_0100,penobscot,25,60,20,True,-7.2934604709218736,0.5577612505185613
ood,test_ood,penobscot_000_xl_0100,penobscot,25,61,20,True,-9.527356881891436,0.7285965982494335
ood,test_ood,penobscot_000_xl_0100,penobscot,25,62,20,True,-8.61274341271356,0.6586523030354371
ood,test_ood,penobscot_000_xl_0100,penobscot,25,63,20,True,-12.678687837049242,0.9695919805311863
ood,test_ood,penobscot_000_xl_0100,penobscot,25,64,20,True,-9.653444874957401,0.7382390713893421
ood,test_ood,penobscot_000_xl_0100,penobscot,25,65,20,True,-11.966645740736784,0.915139160550262
ood,test_ood,penobscot_000_xl_0100,penobscot,25,66,20,True,-4.265628635770235,0.32621035948855515
ood,test_ood,penobscot_000_xl_0100,penobscot,25,67,20,True,-7.6377170284108695,0.584087980987563
ood,test_ood,penobscot_000_xl_0100,penobscot,25,68,20,True,-12.048903908747779,0.9214297847111937
ood,test_ood,penobscot_000_xl_0100,penobscot,25,69,20,True,-7.664423188700319,0.5861303121167958
ood,test_ood,penobscot_000_xl_0100,penobscot,25,70,20,True,-7.544916608649786,0.5769911469975862
ood,test_ood,penobscot_000_xl_0100,penobscot,25,71,20,True,-7.129665506513617,0.5452351684836718
ood,test_ood,penobscot_000_xl_0100,penobscot,25,72,20,True,-7.649495570111915,0.584988735050007
ood,test_ood,penobscot_000_xl_0100,penobscot,25,73,20,True,-5.461381486829867,0.41765455229349063
ood,test_ood,penobscot_000_xl_0100,penobscot,25,74,20,True,-6.285316170990479,0.4806642637487378
ood,test_ood,penobscot_000_xl_0100,penobscot,25,75,20,True,-5.897943735604983,0.45104028280876496
ood,test_ood,penobscot_000_xl_0100,penobscot,25,76,20,True,-8.899691110941912,0.6805963867300515
ood,test_ood,penobscot_000_xl_0100,penobscot,25,77,20,True,-3.8347557049614993,0.29325971477599094
ood,test_ood,penobscot_000_xl_0100,penobscot,25,78,20,True,-4.274930747040967,0.3269217306182831
ood,test_ood,penobscot_000_xl_0100,penobscot,25,79,20,True,-6.902220129500671,0.5278414747201718
ood,test_ood,penobscot_000_xl_0100,penobscot,25,80,20,True,-4.46962091100697,0.3418104970344829
ood,test_ood,penobscot_000_xl_0100,penobscot,25,81,20,True,-6.93580851793153,0.530410118453663
ood,test_ood,penobscot_000_xl_0100,penobscot,25,82,20,True,-7.462830606946129,0.5707136891100943
ood,test_ood,penobscot_000_xl_0100,penobscot,25,83,20,True,-6.674200727313286,0.5104038828646208
ood,test_ood,penobscot_000_xl_0100,penobscot,25,84,20,True,-9.441372240782478,0.7220209951949538
ood,test_ood,penobscot_000_xl_0100,penobscot,25,85,20,True,-6.755974036944764,0.51665742788909
ood,test_ood,penobscot_000_xl_0100,penobscot,25,86,20,True,-7.928155071806067,0.6062989858909452
ood,test_ood,penobscot_000_xl_0100,penobscot,25,87,20,True,-11.341560904444744,0.8673363238364068
ood,test_ood,penobscot_000_xl_0100,penobscot,25,88,20,True,-11.119977209003379,0.8503908972372443
ood,test_ood,penobscot_000_xl_0100,penobscot,25,89,20,True,-6.728826551541233,0.5145813467932264
ood,test_ood,penobscot_000_xl_0100,penobscot,25,90,20,True,-6.831166036520516,0.5224076727666166
ood,test_ood,penobscot_000_xl_0100,penobscot,25,91,20,True,-7.517763111401962,0.5749146061509908
ood,test_ood,penobscot_000_xl_0100,penobscot,25,92,20,True,-10.701325603513054,0.8183748680915663
ood,test_ood,penobscot_000_xl_0100,penobscot,25,93,20,True,-7.253289349947476,0.5546891978545697
ood,test_ood,penobscot_000_xl_0100,penobscot,25,94,20,True,-5.825504558100498,0.44550055768205427
ood,test_ood,penobscot_000_xl_0100,penobscot,25,95,20,True,-8.187145428691343,0.6261050554383847
ood,test_ood,penobscot_000_xl_0100,penobscot,25,96,20,True,-8.536430450438079,0.6528163334789768
ood,test_ood,penobscot_000_xl_0100,penobscot,25,97,20,True,-10.654090830047167,0.8147626285488512
ood,test_ood,penobscot_000_xl_0100,penobscot,25,98,20,True,-8.556555698684594,0.6543553948989607
ood,test_ood,penobscot_000_xl_0100,penobscot,25,99,20,True,-8.63446206918377,0.6603132190081371
ood,test_ood,penobscot_000_xl_0112,penobscot,26,0,20,True,-3.4520892957960445,0.25299741474298004
ood,test_ood,penobscot_000_xl_0112,penobscot,26,1,20,True,-9.281414811868785,0.6802181958095964
ood,test_ood,penobscot_000_xl_0112,penobscot,26,2,20,True,-6.740440674442553,0.4939947720758926
ood,test_ood,penobscot_000_xl_0112,penobscot,26,3,20,True,-5.35987798953887,0.39281581630652374
ood,test_ood,penobscot_000_xl_0112,penobscot,26,4,20,True,-7.882825414229948,0.577718094690986
ood,test_ood,penobscot_000_xl_0112,penobscot,26,5,20,True,-9.42974283595617,0.6910888898770248
ood,test_ood,penobscot_000_xl_0112,penobscot,26,6,20,True,-13.00519224667367,0.9531271455378607
ood,test_ood,penobscot_000_xl_0112,penobscot,26,7,20,True,-11.066552394813405,0.8110477180920945
ood,test_ood,penobscot_000_xl_0112,penobscot,26,8,20,True,-12.817822355586332,0.9393951432679601
ood,test_ood,penobscot_000_xl_0112,penobscot,26,9,20,True,-13.02302834051447,0.9544343207712279
ood,test_ood,penobscot_000_xl_0112,penobscot,26,10,20,True,-5.675269059536023,0.4159302604894927
ood,test_ood,penobscot_000_xl_0112,penobscot,26,11,20,True,-1.4279267393044583,0.1046501821161886
ood,test_ood,penobscot_000_xl_0112,penobscot,26,12,20,True,-8.648274697095644,0.6338164957137302
ood,test_ood,penobscot_000_xl_0112,penobscot,26,13,20,True,-2.337035284545067,0.1712771120587953
ood,test_ood,penobscot_000_xl_0112,penobscot,26,14,20,True,-4.862624861402974,0.35637302902276335
ood,test_ood,penobscot_000_xl_0112,penobscot,26,15,20,True,-8.009673962774393,0.5870145966339474
ood,test_ood,penobscot_000_xl_0112,penobscot,26,16,20,True,-6.416357370421281,0.4702432896972081
ood,test_ood,penobscot_000_xl_0112,penobscot,26,17,20,True,-7.844121919442428,0.5748815851792868
ood,test_ood,penobscot_000_xl_0112,penobscot,26,18,20,True,-7.736441157873931,0.5669898558640685
ood,test_ood,penobscot_000_xl_0112,penobscot,26,19,20,True,-9.425085584890663,0.6907475683240692
ood,test_ood,penobscot_000_xl_0112,penobscot,26,20,20,True,-9.196238348530322,0.6739757660300932
ood,test_ood,penobscot_000_xl_0112,penobscot,26,21,20,True,-7.459634371224995,0.5467031844008541
ood,test_ood,penobscot_000_xl_0112,penobscot,26,22,20,True,-8.7912178147566,0.6442925396757343
ood,test_ood,penobscot_000_xl_0112,penobscot,26,23,20,True,-7.781139289613891,0.5702657015346374
ood,test_ood,penobscot_000_xl_0112,penobscot,26,24,20,True,-4.917093212791388,0.36036491651633495
ood,test_ood,penobscot_000_xl_0112,penobscot,26,25,20,True,-6.419903544182004,0.470503182393143
ood,test_ood,penobscot_000_xl_0112,penobscot,26,26,20,True,-7.647432154854435,0.5604665461454567
ood,test_ood,penobscot_000_xl_0112,penobscot,26,27,20,True,-3.404696596467798,0.24952408906095352
ood,test_ood,penobscot_000_xl_0112,penobscot,26,28,20,True,-4.734216870519507,0.3469622383559576
ood,test_ood,penobscot_000_xl_0112,penobscot,26,29,20,True,-5.5789507997030885,0.40887126848718536
ood,test_ood,penobscot_000_xl_0112,penobscot,26,30,20,True,-11.682287771109479,0.8561738562132639
ood,test_ood,penobscot_000_xl_0112,penobscot,26,31,20,True,-4.733825133955473,0.3469335286878499
ood,test_ood,penobscot_000_xl_0112,penobscot,26,32,20,True,-9.120890835802957,0.6684536823601975
ood,test_ood,penobscot_000_xl_0112,penobscot,26,33,20,True,-8.00508882891626,0.5866785604213932
ood,test_ood,penobscot_000_xl_0112,penobscot,26,34,20,True,-12.635008768715137,0.9259970643380124
ood,test_ood,penobscot_000_xl_0112,penobscot,26,35,20,True,-7.530847015523948,0.5519222310015859
ood,test_ood,penobscot_000_xl_0112,penobscot,26,36,20,True,-5.215102770171308,0.38220550090609473
ood,test_ood,penobscot_000_xl_0112,penobscot,26,37,20,True,-12.975744071296585,0.9509689417369412
ood,test_ood,penobscot_000_xl_0112,penobscot,26,38,20,True,-12.032110110333916,0.8818117061816597
ood,test_ood,penobscot_000_xl_0112,penobscot,26,39,20,True,-7.928224619343222,0.5810453207679683
ood,test_ood,penobscot_000_xl_0112,penobscot,26,40,20,True,-9.394025669770267,0.6884712430166197
ood,test_ood,penobscot_000_xl_0112,penobscot,26,41,20,True,-10.48227297419434,0.7682269303783565
ood,test_ood,penobscot_000_xl_0112,penobscot,26,42,20,True,-7.256751975774716,0.5318342985906603
ood,test_ood,penobscot_000_xl_0112,penobscot,26,43,20,True,-6.015928618479625,0.4408965867734541
ood,test_ood,penobscot_000_xl_0112,penobscot,26,44,20,True,-12.861123330927844,0.9425685938593439
ood,test_ood,penobscot_000_xl_0112,penobscot,26,45,20,True,-5.252218002826654,0.3849256095431517
ood,test_ood,penobscot_000_xl_0112,penobscot,26,46,20,True,-9.519737527161492,0.6976844389096835
ood,test_ood,penobscot_000_xl_0112,penobscot,26,47,20,True,-7.544978296217418,0.5529578871437403
ood,test_ood,penobscot_000_xl_0112,penobscot,26,48,20,True,-8.674605925162792,0.6357462640531846
ood,test_ood,penobscot_000_xl_0112,penobscot,26,49,20,True,-8.75462510127154,0.641610725528741
ood,test_ood,penobscot_000_xl_0112,penobscot,26,50,20,True,-7.987263030025096,0.5853721396863663
ood,test_ood,penobscot_000_xl_0112,penobscot,26,51,20,True,-4.245121732393407,0.3111173354851211
ood,test_ood,penobscot_000_xl_0112,penobscot,26,52,20,True,-8.009249989318787,0.5869835243820452
ood,test_ood,penobscot_000_xl_0112,penobscot,26,53,20,True,-4.427092113813941,0.32445361740437906
ood,test_ood,penobscot_000_xl_0112,penobscot,26,54,20,True,-9.672625615841707,0.7088893319083076
ood,test_ood,penobscot_000_xl_0112,penobscot,26,55,20,True,-6.439900081943994,0.4719686926752074
ood,test_ood,penobscot_000_xl_0112,penobscot,26,56,20,True,-3.7058909588521844,0.2715980820805455
ood,test_ood,penobscot_000_xl_0112,penobscot,26,57,20,True,-7.993920794260637,0.5858600752509566
ood,test_ood,penobscot_000_xl_0112,penobscot,26,58,20,True,-8.36785267549753,0.6132648701843094
ood,test_ood,penobscot_000_xl_0112,penobscot,26,59,20,True,-5.906482222460927,0.43287545728546906
ood,test_ood,penobscot_000_xl_0112,penobscot,26,60,20,True,-12.954419299798001,0.9494060875935978
ood,test_ood,penobscot_000_xl_0112,penobscot,26,61,20,True,-11.940774072311946,0.8751178522536733
ood,test_ood,penobscot_000_xl_0112,penobscot,26,62,20,True,-8.110086639325637,0.5943736610723513
ood,test_ood,penobscot_000_xl_0112,penobscot,26,63,20,True,-8.764483160156075,0.6423332049313476
ood,test_ood,penobscot_000_xl_0112,penobscot,26,64,20,True,-9.602590152718804,0.7037565587984116
ood,test_ood,penobscot_000_xl_0112,penobscot,26,65,20,True,-8.794587006777906,0.6445394616983487
ood,test_ood,penobscot_000_xl_0112,penobscot,26,66,20,True,-8.467225744522297,0.620547743657182
ood,test_ood,penobscot_000_xl_0112,penobscot,26,67,20,True,-9.063120412214008,0.6642197919349383
ood,test_ood,penobscot_000_xl_0112,penobscot,26,68,20,True,-4.6831343017935225,0.34321848878324435
ood,test_ood,penobscot_000_xl_0112,penobscot,26,69,20,True,-4.517943624171559,0.33111196117143155
ood,test_ood,penobscot_000_xl_0112,penobscot,26,70,20,True,-7.711547331947581,0.5651654321418612
ood,test_ood,penobscot_000_xl_0112,penobscot,26,71,20,True,-7.604338640545491,0.5573082999999613
ood,test_ood,penobscot_000_xl_0112,penobscot,26,72,20,True,-7.990385076281674,0.5856009488404584
ood,test_ood,penobscot_000_xl_0112,penobscot,26,73,20,True,-13.018835101442459,0.9541270058225939
ood,test_ood,penobscot_000_xl_0112,penobscot,26,74,20,True,-7.3956663178246025,0.54201508083524
ood,test_ood,penobscot_000_xl_0112,penobscot,26,75,20,True,-9.622776233401472,0.7052359603401758
ood,test_ood,penobscot_000_xl_0112,penobscot,26,76,20,True,-5.9078870119161415,0.43297841177765484
ood,test_ood,penobscot_000_xl_0112,penobscot,26,77,20,True,-9.867009687870482,0.7231353908820379
ood,test_ood,penobscot_000_xl_0112,penobscot,26,78,20,True,-4.430735232545574,0.32472061502284366
ood,test_ood,penobscot_000_xl_0112,penobscot,26,79,20,True,-6.1019864468551726,0.44720361021109334
ood,test_ood,penobscot_000_xl_0112,penobscot,26,80,20,True,-7.803185766800434,0.5718814481896204
ood,test_ood,penobscot_000_xl_0112,penobscot,26,81,20,True,-9.299773448926462,0.6815636672953583
ood,test_ood,penobscot_000_xl_0112,penobscot,26,82,20,True,-9.388475151726723,0.6880644555336856
ood,test_ood,penobscot_000_xl_0112,penobscot,26,83,20,True,-8.425221464883183,0.6174693255612836
ood,test_ood,penobscot_000_xl_0112,penobscot,26,84,20,True,-6.2087642146967035,0.4550291607404009
ood,test_ood,penobscot_000_xl_0112,penobscot,26,85,20,True,-4.88393881641235,0.3579350904450698
ood,test_ood,penobscot_000_xl_0112,penobscot,26,86,20,True,-12.961292704353287,0.9499098270493207
ood,test_ood,penobscot_000_xl_0112,penobscot,26,87,20,True,-8.265499873753114,0.6057636174604667
ood,test_ood,penobscot_000_xl_0112,penobscot,26,88,20,True,-7.896227911836314,0.5787003396316482
ood,test_ood,penobscot_000_xl_0112,penobscot,26,89,20,True,-11.421389522356524,0.8370530928755798
ood,test_ood,penobscot_000_xl_0112,penobscot,26,90,20,True,-8.010734095762608,0.5870922918736471
ood,test_ood,penobscot_000_xl_0112,penobscot,26,91,20,True,-3.149007854160198,0.2307851210795966
ood,test_ood,penobscot_000_xl_0112,penobscot,26,92,20,True,-7.435317983374902,0.5449210800765388
ood,test_ood,penobscot_000_xl_0112,penobscot,26,93,20,True,-6.565181210399162,0.48115032121935875
ood,test_ood,penobscot_000_xl_0112,penobscot,26,94,20,True,-11.517968389104645,0.8441311842899123
ood,test_ood,penobscot_000_xl_0112,penobscot,26,95,20,True,-7.058239362767409,0.517285666275186
ood,test_ood,penobscot_000_xl_0112,penobscot,26,96,20,True,-7.949987751228425,0.5826403015555084
ood,test_ood,penobscot_000_xl_0112,penobscot,26,97,20,True,-6.711016561821189,0.491838331791055
ood,test_ood,penobscot_000_xl_0112,penobscot,26,98,20,True,-10.077254405950598,0.7385438480741542
ood,test_ood,penobscot_000_xl_0112,penobscot,26,99,20,True,-5.913893952016772,0.43341864961212395
ood,test_ood,penobscot_000_xl_0132,penobscot,27,0,20,True,-6.855046111996543,0.49969784506701753
ood,test_ood,penobscot_000_xl_0132,penobscot,27,1,20,True,-8.302241037665299,0.6051909626819446
ood,test_ood,penobscot_000_xl_0132,penobscot,27,2,20,True,-9.963538917660824,0.7262910920006062
ood,test_ood,penobscot_000_xl_0132,penobscot,27,3,20,True,-10.333182405330895,0.7532362140631031
ood,test_ood,penobscot_000_xl_0132,penobscot,27,4,20,True,-9.3548914214687,0.6819237985814728
ood,test_ood,penobscot_000_xl_0132,penobscot,27,5,20,True,-9.249244118743029,0.6742226498734026
ood,test_ood,penobscot_000_xl_0132,penobscot,27,6,20,True,-7.372853758344209,0.537443377454661
ood,test_ood,penobscot_000_xl_0132,penobscot,27,7,20,True,-7.016374229625971,0.5114578407564795
ood,test_ood,penobscot_000_xl_0132,penobscot,27,8,20,True,-11.662421048667163,0.8501309212325469
ood,test_ood,penobscot_000_xl_0132,penobscot,27,9,20,True,-12.175265330535062,0.8875146497031483
ood,test_ood,penobscot_000_xl_0132,penobscot,27,10,20,True,-7.640223481204021,0.5569332644906358
ood,test_ood,penobscot_000_xl_0132,penobscot,27,11,20,True,-8.417937048436613,0.6136246108763895
ood,test_ood,penobscot_000_xl_0132,penobscot,27,12,20,True,-9.67669745692999,0.7053818147380895
ood,test_ood,penobscot_000_xl_0132,penobscot,27,13,20,True,-12.031721923767714,0.8770510685888366
ood,test_ood,penobscot_000_xl_0132,penobscot,27,14,20,True,-7.871637982294892,0.5738021995237641
ood,test_ood,penobscot_000_xl_0132,penobscot,27,15,20,True,-13.251314627345117,0.9659531468360664
ood,test_ood,penobscot_000_xl_0132,penobscot,27,16,20,True,-9.050580634362875,0.6597410966618878
ood,test_ood,penobscot_000_xl_0132,penobscot,27,17,20,True,-8.455422242954697,0.6163570900773422
ood,test_ood,penobscot_000_xl_0132,penobscot,27,18,20,True,-10.123965744294217,0.737985388180373
ood,test_ood,penobscot_000_xl_0132,penobscot,27,19,20,True,-3.863175875966972,0.28160578773602823
ood,test_ood,penobscot_000_xl_0132,penobscot,27,20,20,True,-12.721348406377349,0.9273213164662524
ood,test_ood,penobscot_000_xl_0132,penobscot,27,21,20,True,-13.110753581830547,0.95570696462278
ood,test_ood,penobscot_000_xl_0132,penobscot,27,22,20,True,-10.059089006754505,0.7332562054128291
ood,test_ood,penobscot_000_xl_0132,penobscot,27,23,20,True,-5.390735597326206,0.3929570884426059
ood,test_ood,penobscot_000_xl_0132,penobscot,27,24,20,True,-12.937123822710761,0.9430502421071099
ood,test_ood,penobscot_000_xl_0132,penobscot,27,25,20,True,-9.093083292827565,0.6628393233546677
ood,test_ood,penobscot_000_xl_0132,penobscot,27,26,20,True,-9.030695702945373,0.658291586736456
ood,test_ood,penobscot_000_xl_0132,penobscot,27,27,20,True,-12.573440042794156,0.9165395522968521
ood,test_ood,penobscot_000_xl_0132,penobscot,27,28,20,True,-6.138665501185013,0.44747735790736887
ood,test_ood,penobscot_000_xl_0132,penobscot,27,29,20,True,-13.023933994559087,0.9493782601968193
ood,test_ood,penobscot_000_xl_0132,penobscot,27,30,20,True,-9.236939892842907,0.6733257346569249
ood,test_ood,penobscot_000_xl_0132,penobscot,27,31,20,True,-8.871693485856973,0.6467011373154221
ood,test_ood,penobscot_000_xl_0132,penobscot,27,32,20,True,-8.445469197453512,0.6156315639018012
ood,test_ood,penobscot_000_xl_0132,penobscot,27,33,20,True,-13.07480974477619,0.9530868425074718
ood,test_ood,penobscot_000_xl_0132,penobscot,27,34,20,True,-8.650989115129057,0.630612916076967
ood,test_ood,penobscot_000_xl_0132,penobscot,27,35,20,True,-6.809457425735829,0.4963746627117525
ood,test_ood,penobscot_000_xl_0132,penobscot,27,36,20,True,-12.947271913727835,0.9437899861044413
ood,test_ood,penobscot_000_xl_0132,penobscot,27,37,20,True,-6.132448211813703,0.4470241492709506
ood,test_ood,penobscot_000_xl_0132,penobscot,27,38,20,True,-7.390759677694889,0.5387486275094809
ood,test_ood,penobscot_000_xl_0132,penobscot,27,39,20,True,-10.600040532845625,0.7726888084117195
ood,test_ood,penobscot_000_xl_0132,penobscot,27,40,20,True,-5.1553043273894925,0.3757953514788113
ood,test_ood,penobscot_000_xl_0132,penobscot,27,41,20,True,-6.0675105345585,0.44229052430943583
ood,test_ood,penobscot_000_xl_0132,penobscot,27,42,20,True,-12.786337044480314,0.9320586562132542
ood,test_ood,penobscot_000_xl_0132,penobscot,27,43,20,True,-4.579477206565928,0.33382049577315415
ood,test_ood,penobscot_000_xl_0132,penobscot,27,44,20,True,-6.991745320131125,0.5096625190620875
ood,test_ood,penobscot_000_xl_0132,penobscot,27,45,20,True,-13.141925774355995,0.957979258226133
ood,test_ood,penobscot_000_xl_0132,penobscot,27,46,20,True,-7.527650443620379,0.5487272650890054
ood,test_ood,penobscot_000_xl_0132,penobscot,27,47,20,True,-11.350049909037608,0.8273606607873467
ood,test_ood,penobscot_000_xl_0132,penobscot,27,48,20,True,-8.720091757782704,0.6356501457408251
ood,test_ood,penobscot_000_xl_0132,penobscot,27,49,20,True,-7.25969237614261,0.5291944907357243
ood,test_ood,penobscot_000_xl_0132,penobscot,27,50,20,True,-8.940607639996166,0.651724627129401
ood,test_ood,penobscot_000_xl_0132,penobscot,27,51,20,True,-6.077599499641388,0.4430259583281879
ood,test_ood,penobscot_000_xl_0132,penobscot,27,52,20,True,-6.989468589131928,0.5094965570020944
ood,test_ood,penobscot_000_xl_0132,penobscot,27,53,20,True,-8.042747266733713,0.5862751923101154
ood,test_ood,penobscot_000_xl_0132,penobscot,27,54,20,True,-10.386035645061986,0.7570889452580423
ood,test_ood,penobscot_000_xl_0132,penobscot,27,55,20,True,-9.789830002550264,0.7136285994175481
ood,test_ood,penobscot_000_xl_0132,penobscot,27,56,20,True,-8.842887576653466,0.644601333678945
ood,test_ood,penobscot_000_xl_0132,penobscot,27,57,20,True,-2.9653931697323572,0.21616201444633826
ood,test_ood,penobscot_000_xl_0132,penobscot,27,58,20,True,-13.12856935535551,0.9570056435073828
ood,test_ood,penobscot_000_xl_0132,penobscot,27,59,20,True,-7.208963151421845,0.5254965893852837
ood,test_ood,penobscot_000_xl_0132,penobscot,27,60,20,True,-11.623147894685284,0.8472681089198205
ood,test_ood,penobscot_000_xl_0132,penobscot,27,61,20,True,-6.290824432204487,0.45856896673040376
ood,test_ood,penobscot_000_xl_0132,penobscot,27,62,20,True,-7.712705679016809,0.5622168464623731
ood,test_ood,penobscot_000_xl_0132,penobscot,27,63,20,True,-11.82201743519782,0.8617646825708241
ood,test_ood,penobscot_000_xl_0132,penobscot,27,64,20,True,-8.561459479070367,0.624086662937711
ood,test_ood,penobscot_000_xl_0132,penobscot,27,65,20,True,-9.39969228029113,0.6851895523408155
ood,test_ood,penobscot_000_xl_0132,penobscot,27,66,20,True,-4.705255346661537,0.3429890796944676
ood,test_ood,penobscot_000_xl_0132,penobscot,27,67,20,True,-4.645557623057338,0.33863742058772295
ood,test_ood,penobscot_000_xl_0132,penobscot,27,68,20,True,-11.544120167790357,0.8415073913134385
ood,test_ood,penobscot_000_xl_0132,penobscot,27,69,20,True,-5.856170227222194,0.42688489545933384
ood,test_ood,penobscot_000_xl_0132,penobscot,27,70,20,True,-12.352023764950404,0.9003994366661703
ood,test_ood,penobscot_000_xl_0132,penobscot,27,71,20,True,-10.463112201453276,0.7627074325015507
ood,test_ood,penobscot_000_xl_0132,penobscot,27,72,20,True,-8.796699906767113,0.64123448847706
ood,test_ood,penobscot_000_xl_0132,penobscot,27,73,20,True,-12.771148429962807,0.9309514838004136
ood,test_ood,penobscot_000_xl_0132,penobscot,27,74,20,True,-8.967922768878216,0.6537157604955502
ood,test_ood,penobscot_000_xl_0132,penobscot,27,75,20,True,-6.710487907298245,0.4891602903672641
ood,test_ood,penobscot_000_xl_0132,penobscot,27,76,20,True,-8.600834749027435,0.6269569189834063
ood,test_ood,penobscot_000_xl_0132,penobscot,27,77,20,True,-11.979306444062484,0.8732302478636457
ood,test_ood,penobscot_000_xl_0132,penobscot,27,78,20,True,-7.260383823759653,0.5292448937349995
ood,test_ood,penobscot_000_xl_0132,penobscot,27,79,20,True,-10.394896687269311,0.7577348699715607
ood,test_ood,penobscot_000_xl_0132,penobscot,27,80,20,True,-5.577863482597889,0.4065977554045052
ood,test_ood,penobscot_000_xl_0132,penobscot,27,81,20,True,-9.257621583613052,0.6748333242692105
ood,test_ood,penobscot_000_xl_0132,penobscot,27,82,20,True,-8.971541410527204,0.6539795409872531
ood,test_ood,penobscot_000_xl_0132,penobscot,27,83,20,True,-11.20921745323097,0.8170946941501684
ood,test_ood,penobscot_000_xl_0132,penobscot,27,84,20,True,-3.7936711360568984,0.2765392472361435
ood,test_ood,penobscot_000_xl_0132,penobscot,27,85,20,True,-10.051904949862193,0.732732524362508
ood,test_ood,penobscot_000_xl_0132,penobscot,27,86,20,True,-9.389019908778847,0.6844115909734789
ood,test_ood,penobscot_000_xl_0132,penobscot,27,87,20,True,-6.59922252540526,0.48104961238580113
ood,test_ood,penobscot_000_xl_0132,penobscot,27,88,20,True,-6.030172209116588,0.4395687511139087
ood,test_ood,penobscot_000_xl_0132,penobscot,27,89,20,True,-5.81368303698766,0.4237877963215186
ood,test_ood,penobscot_000_xl_0132,penobscot,27,90,20,True,-4.568313781098876,0.33300673908088485
ood,test_ood,penobscot_000_xl_0132,penobscot,27,91,20,True,-6.65541397678942,0.48514568215821513
ood,test_ood,penobscot_000_xl_0132,penobscot,27,92,20,True,-4.06539696049431,0.29634667182557295
ood,test_ood,penobscot_000_xl_0132,penobscot,27,93,20,True,-5.534178919251691,0.4034133738831924
ood,test_ood,penobscot_000_xl_0132,penobscot,27,94,20,True,-9.057758931626905,0.6602643578647277
ood,test_ood,penobscot_000_xl_0132,penobscot,27,95,20,True,-9.775259832977188,0.7125665084820568
ood,test_ood,penobscot_000_xl_0132,penobscot,27,96,20,True,-9.23489868665604,0.673176941152658
ood,test_ood,penobscot_000_xl_0132,penobscot,27,97,20,True,-8.251411906641447,0.6014857786723433
ood,test_ood,penobscot_000_xl_0132,penobscot,27,98,20,True,-6.695632596662065,0.48807741410481137
ood,test_ood,penobscot_000_xl_0132,penobscot,27,99,20,True,-8.778433643456308,0.639902971188232
ood,test_ood,penobscot_000_xl_0233,penobscot,28,0,20,True,-16.40475911678847,0.7597511808322774
ood,test_ood,penobscot_000_xl_0233,penobscot,28,1,20,True,-20.561253477135285,0.9522502889212485
ood,test_ood,penobscot_000_xl_0233,penobscot,28,2,20,True,-18.38962836744276,0.8516761366482392
ood,test_ood,penobscot_000_xl_0233,penobscot,28,3,20,True,-14.996732541722771,0.6945414544697234
ood,test_ood,penobscot_000_xl_0233,penobscot,28,4,20,True,-16.355253623201698,0.7574584402353277
ood,test_ood,penobscot_000_xl_0233,penobscot,28,5,20,True,-12.280548902014209,0.5687472435986842
ood,test_ood,penobscot_000_xl_0233,penobscot,28,6,20,True,-15.567811183376666,0.7209897350726742
ood,test_ood,penobscot_000_xl_0233,penobscot,28,7,20,True,-18.237343881431993,0.8446234077879466
ood,test_ood,penobscot_000_xl_0233,penobscot,28,8,20,True,-17.091661855611452,0.7915636057037652
ood,test_ood,penobscot_000_xl_0233,penobscot,28,9,20,True,-12.37721772829798,0.5732242526419685
ood,test_ood,penobscot_000_xl_0233,penobscot,28,10,20,True,-18.596975296322263,0.8612789642750669
ood,test_ood,penobscot_000_xl_0233,penobscot,28,11,20,True,-13.958514246985683,0.6464586042570105
ood,test_ood,penobscot_000_xl_0233,penobscot,28,12,20,True,-13.09018299080815,0.6062437073153476
ood,test_ood,penobscot_000_xl_0233,penobscot,28,13,20,True,-18.217926599910072,0.8437241381028633
ood,test_ood,penobscot_000_xl_0233,penobscot,28,14,20,True,-16.81844512684652,0.7789101597845345
ood,test_ood,penobscot_000_xl_0233,penobscot,28,15,20,True,-18.458174066647402,0.8548506834697407
ood,test_ood,penobscot_000_xl_0233,penobscot,28,16,20,True,-20.406664403830902,0.9450908280507393
ood,test_ood,penobscot_000_xl_0233,penobscot,28,17,20,True,-19.472424414204642,0.9018235096923191
ood,test_ood,penobscot_000_xl_0233,penobscot,28,18,20,True,-18.017749324777686,0.8344533575888127
ood,test_ood,penobscot_000_xl_0233,penobscot,28,19,20,True,-10.474909577261112,0.48512293681234187
ood,test_ood,penobscot_000_xl_0233,penobscot,28,20,20,True,-18.83895401507543,0.8724856888603035
ood,test_ood,penobscot_000_xl_0233,penobscot,28,21,20,True,-15.414692777840482,0.7138983850208337
ood,test_ood,penobscot_000_xl_0233,penobscot,28,22,20,True,-15.522939582356287,0.7189116032562685
ood,test_ood,penobscot_000_xl_0233,penobscot,28,23,20,True,-16.16178622411512,0.7484984132174276
ood,test_ood,penobscot_000_xl_0233,penobscot,28,24,20,True,-18.75098338728142,0.8684115181962153
ood,test_ood,penobscot_000_xl_0233,penobscot,28,25,20,True,-20.252849054925,0.937967200563775
ood,test_ood,penobscot_000_xl_0233,penobscot,28,26,20,True,-16.362149441194816,0.757777805233362
ood,test_ood,penobscot_000_xl_0233,penobscot,28,27,20,True,-21.086373101610985,0.97657007636423
ood,test_ood,penobscot_000_xl_0233,penobscot,28,28,20,True,-16.98571899431571,0.7866570896496636
ood,test_ood,penobscot_000_xl_0233,penobscot,28,29,20,True,-13.480940384244988,0.6243407966397958
ood,test_ood,penobscot_000_xl_0233,penobscot,28,30,20,True,-15.580051992449373,0.72155664185144
ood,test_ood,penobscot_000_xl_0233,penobscot,28,31,20,True,-17.925354129981233,0.8301742726080403
ood,test_ood,penobscot_000_xl_0233,penobscot,28,32,20,True,-11.22708416383268,0.5199582871074246
ood,test_ood,penobscot_000_xl_0233,penobscot,28,33,20,True,-8.245272684175106,0.3818620934016203
ood,test_ood,penobscot_000_xl_0233,penobscot,28,34,20,True,-20.601992188869314,0.9541370148478631
ood,test_ood,penobscot_000_xl_0233,penobscot,28,35,20,True,-18.11933950526831,0.8391582885810469
ood,test_ood,penobscot_000_xl_0233,penobscot,28,36,20,True,-20.14890309767068,0.9331531668309729
ood,test_ood,penobscot_000_xl_0233,penobscot,28,37,20,True,-17.968393578428845,0.8321675522135283
ood,test_ood,penobscot_000_xl_0233,penobscot,28,38,20,True,-20.423987465427132,0.94589310843838
ood,test_ood,penobscot_000_xl_0233,penobscot,28,39,20,True,-16.507972314203833,0.7645312783671171
ood,test_ood,penobscot_000_xl_0233,penobscot,28,40,20,True,-18.03137843336871,0.8350845604776816
ood,test_ood,penobscot_000_xl_0233,penobscot,28,41,20,True,-12.760706308054822,0.5909847024743456
ood,test_ood,penobscot_000_xl_0233,penobscot,28,42,20,True,-19.643001926901313,0.9097234407898809
ood,test_ood,penobscot_000_xl_0233,penobscot,28,43,20,True,-8.90907939716008,0.41260487544702085
ood,test_ood,penobscot_000_xl_0233,penobscot,28,44,20,True,-21.09792390881283,0.9771050271884814
ood,test_ood,penobscot_000_xl_0233,penobscot,28,45,20,True,-17.608736581609367,0.8155108109543076
ood,test_ood,penobscot_000_xl_0233,penobscot,28,46,20,True,-18.75228837348497,0.8684719558291033
ood,test_ood,penobscot_000_xl_0233,penobscot,28,47,20,True,-15.03273873987026,0.6962090041950854
ood,test_ood,penobscot_000_xl_0233,penobscot,28,48,20,True,-15.284689195740395,0.7078775483654579
ood,test_ood,penobscot_000_xl_0233,penobscot,28,49,20,True,-17.894147748968468,0.8287290161031955
ood,test_ood,penobscot_000_xl_0233,penobscot,28,50,20,True,-15.673081286109595,0.7258650937590342
ood,test_ood,penobscot_000_xl_0233,penobscot,28,51,20,True,-12.639823198513051,0.5853862609146002
ood,test_ood,penobscot_000_xl_0233,penobscot,28,52,20,True,-14.950208810477067,0.6923868077907316
ood,test_ood,penobscot_000_xl_0233,penobscot,28,53,20,True,-21.029278110431576,0.9739258444886297
ood,test_ood,penobscot_000_xl_0233,penobscot,28,54,20,True,-15.740549994838448,0.7289897620800412
ood,test_ood,penobscot_000_xl_0233,penobscot,28,55,20,True,-12.115379539981195,0.561097779382323
ood,test_ood,penobscot_000_xl_0233,penobscot,28,56,20,True,-17.32771763938378,0.8024960222779153
ood,test_ood,penobscot_000_xl_0233,penobscot,28,57,20,True,-15.845083048224446,0.7338309859090906
ood,test_ood,penobscot_000_xl_0233,penobscot,28,58,20,True,-10.566010177852595,0.48934206544331793
ood,test_ood,penobscot_000_xl_0233,penobscot,28,59,20,True,-19.053741358567223,0.8824331033077801
ood,test_ood,penobscot_000_xl_0233,penobscot,28,60,20,True,-19.12381539357186,0.8856784317189711
ood,test_ood,penobscot_000_xl_0233,penobscot,28,61,20,True,-12.753793455377405,0.5906645485514995
ood,test_ood,penobscot_000_xl_0233,penobscot,28,62,20,True,-21.338125078304827,0.9882294283978889
ood,test_ood,penobscot_000_xl_0233,penobscot,28,63,20,True,-17.20617996883741,0.7968672661312486
ood,test_ood,penobscot_000_xl_0233,penobscot,28,64,20,True,-20.28247643664873,0.9393393291082616
ood,test_ood,penobscot_000_xl_0233,penobscot,28,65,20,True,-15.40336902570348,0.713373949764193
ood,test_ood,penobscot_000_xl_0233,penobscot,28,66,20,True,-16.395738714110692,0.7593334202582128
ood,test_ood,penobscot_000_xl_0233,penobscot,28,67,20,True,-18.919629100626175,0.8762219821563262
ood,test_ood,penobscot_000_xl_0233,penobscot,28,68,20,True,-13.889301907349303,0.6432531834158661
ood,test_ood,penobscot_000_xl_0233,penobscot,28,69,20,True,-17.32544915890445,0.8023909624772441
ood,test_ood,penobscot_000_xl_0233,penobscot,28,70,20,True,-16.826929565824912,0.7793030983511201
ood,test_ood,penobscot_000_xl_0233,penobscot,28,71,20,True,-17.82875721331806,0.8257005939043709
ood,test_ood,penobscot_000_xl_0233,penobscot,28,72,20,True,-11.49542097189942,0.5323857299816595
ood,test_ood,penobscot_000_xl_0233,penobscot,28,73,20,True,-17.583190410471516,0.8143276949116061
ood,test_ood,penobscot_000_xl_0233,penobscot,28,74,20,True,-15.315112531138745,0.7092865397946645
ood,test_ood,penobscot_000_xl_0233,penobscot,28,75,20,True,-21.032741418221047,0.9740862401496634
ood,test_ood,penobscot_000_xl_0233,penobscot,28,76,20,True,-14.431458794280768,0.6683620150731987
ood,test_ood,penobscot_000_xl_0233,penobscot,28,77,20,True,-12.066510340384983,0.5588345073747775
ood,test_ood,penobscot_000_xl_0233,penobscot,28,78,20,True,-12.60481889854792,0.5837651119514622
ood,test_ood,penobscot_000_xl_0233,penobscot,28,79,20,True,-20.301273995266982,0.9402098976582358
ood,test_ood,penobscot_000_xl_0233,penobscot,28,80,20,True,-18.568331235782196,0.8599523761390133
ood,test_ood,penobscot_000_xl_0233,penobscot,28,81,20,True,-17.3175365039327,0.8020245048587258
ood,test_ood,penobscot_000_xl_0233,penobscot,28,82,20,True,-15.132656077097238,0.7008364610448559
ood,test_ood,penobscot_000_xl_0233,penobscot,28,83,20,True,-21.09851346729289,0.9771323313231053
ood,test_ood,penobscot_000_xl_0233,penobscot,28,84,20,True,-21.135881728571142,0.9788629620766376
ood,test_ood,penobscot_000_xl_0233,penobscot,28,85,20,True,-15.66441949001387,0.7254639412785251
ood,test_ood,penobscot_000_xl_0233,penobscot,28,86,20,True,-18.888976543945184,0.8748023748357848
ood,test_ood,penobscot_000_xl_0233,penobscot,28,87,20,True,-16.987867486304758,0.7867565924411444
ood,test_ood,penobscot_000_xl_0233,penobscot,28,88,20,True,-16.347601438377417,0.7571040457321964
ood,test_ood,penobscot_000_xl_0233,penobscot,28,89,20,True,-12.148040630744152,0.5626104076445099
ood,test_ood,penobscot_000_xl_0233,penobscot,28,90,20,True,-19.740320900672323,0.9142305600175108
ood,test_ood,penobscot_000_xl_0233,penobscot,28,91,20,True,-11.722714071210454,0.5429123216473588
ood,test_ood,penobscot_000_xl_0233,penobscot,28,92,20,True,-16.862895268218956,0.7809687726026475
ood,test_ood,penobscot_000_xl_0233,penobscot,28,93,20,True,-20.91485495701732,0.96862658192085
ood,test_ood,penobscot_000_xl_0233,penobscot,28,94,20,True,-16.732342373454223,0.7749224957111402
ood,test_ood,penobscot_000_xl_0233,penobscot,28,95,20,True,-16.437049113657533,0.7612466226778842
ood,test_ood,penobscot_000_xl_0233,penobscot,28,96,20,True,-17.009847415586865,0.7877745456526364
ood,test_ood,penobscot_000_xl_0233,penobscot,28,97,20,True,-13.230245538291628,0.6127304033456505
ood,test_ood,penobscot_000_xl_0233,penobscot,28,98,20,True,-12.637991511292388,0.5853014302554663
ood,test_ood,penobscot_000_xl_0233,penobscot,28,99,20,True,-13.714337994360687,0.6351501056108347
ood,test_ood,penobscot_000_xl_0244,penobscot,29,0,20,True,-18.286150545466857,0.8017530198051195
ood,test_ood,penobscot_000_xl_0244,penobscot,29,1,20,True,-13.604042501963477,0.5964668250098315
ood,test_ood,penobscot_000_xl_0244,penobscot,29,2,20,True,-22.428475157911777,0.9833725060268435
ood,test_ood,penobscot_000_xl_0244,penobscot,29,3,20,True,-22.43404302912651,0.9836166283504126
ood,test_ood,penobscot_000_xl_0244,penobscot,29,4,20,True,-16.72799324273369,0.7334358898716461
ood,test_ood,penobscot_000_xl_0244,penobscot,29,5,20,True,-15.623132720827298,0.6849934767076845
ood,test_ood,penobscot_000_xl_0244,penobscot,29,6,20,True,-19.826885185038975,0.8693062561696494
ood,test_ood,penobscot_000_xl_0244,penobscot,29,7,20,True,-17.15211486004013,0.7520314267832879
ood,test_ood,penobscot_000_xl_0244,penobscot,29,8,20,True,-19.946300297343193,0.8745419905393422
ood,test_ood,penobscot_000_xl_0244,penobscot,29,9,20,True,-17.99547906358389,0.7890085803567269
ood,test_ood,penobscot_000_xl_0244,penobscot,29,10,20,True,-16.56557220898678,0.7263145685217715
ood,test_ood,penobscot_000_xl_0244,penobscot,29,11,20,True,-17.378352602166107,0.7619507803668863
ood,test_ood,penobscot_000_xl_0244,penobscot,29,12,20,True,-22.15461065855923,0.9713649657395981
ood,test_ood,penobscot_000_xl_0244,penobscot,29,13,20,True,-19.187103498731474,0.841255141872102
ood,test_ood,penobscot_000_xl_0244,penobscot,29,14,20,True,-16.45882938030193,0.7216344481745269
ood,test_ood,penobscot_000_xl_0244,penobscot,29,15,20,True,-18.21782231556355,0.7987571807122115
ood,test_ood,penobscot_000_xl_0244,penobscot,29,16,20,True,-16.330293219237202,0.7159988030434441
ood,test_ood,penobscot_000_xl_0244,penobscot,29,17,20,True,-21.136377135723556,0.9267206979495857
ood,test_ood,penobscot_000_xl_0244,penobscot,29,18,20,True,-14.876980872452979,0.6522785815645082
ood,test_ood,penobscot_000_xl_0244,penobscot,29,19,20,True,-19.754361067907922,0.866126449147174
ood,test_ood,penobscot_000_xl_0244,penobscot,29,20,20,True,-19.051316800525512,0.8353015982290424
ood,test_ood,penobscot_000_xl_0244,penobscot,29,21,20,True,-18.055328179330125,0.7916326541968117
ood,test_ood,penobscot_000_xl_0244,penobscot,29,22,20,True,-18.027349878369023,0.7904059505650763
ood,test_ood,penobscot_000_xl_0244,penobscot,29,23,20,True,-16.566784729621222,0.72636773127343
ood,test_ood,penobscot_000_xl_0244,penobscot,29,24,20,True,-17.882033276736898,0.7840345700004961
ood,test_ood,penobscot_000_xl_0244,penobscot,29,25,20,True,-8.94034679058191,0.39198791564313107
ood,test_ood,penobscot_000_xl_0244,penobscot,29,26,20,True,-21.60850006555446,0.9474208438753232
ood,test_ood,penobscot_000_xl_0244,penobscot,29,27,20,True,-15.131194981001082,0.6634245539603243
ood,test_ood,penobscot_000_xl_0244,penobscot,29,28,20,True,-19.727495729825115,0.8649485431749782
ood,test_ood,penobscot_000_xl_0244,penobscot,29,29,20,True,-18.37885739582913,0.805817735178088
ood,test_ood,penobscot_000_xl_0244,penobscot,29,30,20,True,-19.711981012167403,0.8642683031374389
ood,test_ood,penobscot_000_xl_0244,penobscot,29,31,20,True,-18.260231857825808,0.8006166195532499
ood,test_ood,penobscot_000_xl_0244,penobscot,29,32,20,True,-20.9704590147499,0.919446047431957
ood,test_ood,penobscot_000_xl_0244,penobscot,29,33,20,True,-18.106557248535957,0.79387878362878
ood,test_ood,penobscot_000_xl_0244,penobscot,29,34,20,True,-22.153504877917022,0.9713164829839236
ood,test_ood,penobscot_000_xl_0244,penobscot,29,35,20,True,-19.850592290973236,0.8703456900147536
ood,test_ood,penobscot_000_xl_0244,penobscot,29,36,20,True,-20.049491159684727,0.8790663755537228
ood,test_ood,penobscot_000_xl_0244,penobscot,29,37,20,True,-18.646747185468268,0.8175633153801156
ood,test_ood,penobscot_000_xl_0244,penobscot,29,38,20,True,-15.813415836462314,0.6933364060846997
ood,test_ood,penobscot_000_xl_0244,penobscot,29,39,20,True,-14.318054570235649,0.6277725572081495
ood,test_ood,penobscot_000_xl_0244,penobscot,29,40,20,True,-18.195443390155,0.7977759807061366
ood,test_ood,penobscot_000_xl_0244,penobscot,29,41,20,True,-16.916682245730613,0.741708925663441
ood,test_ood,penobscot_000_xl_0244,penobscot,29,42,20,True,-15.494927754891048,0.6793723527681308
ood,test_ood,penobscot_000_xl_0244,penobscot,29,43,20,True,-11.4651452379699,0.5026872547172268
ood,test_ood,penobscot_000_xl_0244,penobscot,29,44,20,True,-11.196699452831705,0.4909172969913861
ood,test_ood,penobscot_000_xl_0244,penobscot,29,45,20,True,-16.208444498063162,0.7106563675254945
ood,test_ood,penobscot_000_xl_0244,penobscot,29,46,20,True,-13.263966218014524,0.5815562407979035
ood,test_ood,penobscot_000_xl_0244,penobscot,29,47,20,True,-15.43247403148,0.6766340803680222
ood,test_ood,penobscot_000_xl_0244,penobscot,29,48,20,True,-16.334077839591203,0.7161647390500463
ood,test_ood,penobscot_000_xl_0244,penobscot,29,49,20,True,-16.72562565778772,0.733332083530593
ood,test_ood,penobscot_000_xl_0244,penobscot,29,50,20,True,-20.61748080608797,0.9039697806246566
ood,test_ood,penobscot_000_xl_0244,penobscot,29,51,20,True,-18.0499666723082,0.7913975798745889
ood,test_ood,penobscot_000_xl_0244,penobscot,29,52,20,True,-14.058972741082496,0.616413160467775
ood,test_ood,penobscot_000_xl_0244,penobscot,29,53,20,True,-17.450719597526426,0.7651236984132569
ood,test_ood,penobscot_000_xl_0244,penobscot,29,54,20,True,-19.436263145874634,0.8521795023061861
ood,test_ood,penobscot_000_xl_0244,penobscot,29,55,20,True,-17.063793315371743,0.7481589843588609
ood,test_ood,penobscot_000_xl_0244,penobscot,29,56,20,True,-16.03210417558885,0.7029247574358993
ood,test_ood,penobscot_000_xl_0244,penobscot,29,57,20,True,-20.531983652041376,0.9002211731049299
ood,test_ood,penobscot_000_xl_0244,penobscot,29,58,20,True,-22.345247900769987,0.9797234217333716
ood,test_ood,penobscot_000_xl_0244,penobscot,29,59,20,True,-14.224797339228925,0.6236837104936702
ood,test_ood,penobscot_000_xl_0244,penobscot,29,60,20,True,-14.845560081488847,0.6509009425705864
ood,test_ood,penobscot_000_xl_0244,penobscot,29,61,20,True,-19.756763893853687,0.8662318006235984
ood,test_ood,penobscot_000_xl_0244,penobscot,29,62,20,True,-19.990971951500274,0.8765006112742568
ood,test_ood,penobscot_000_xl_0244,penobscot,29,63,20,True,-19.711223673698008,0.8642350977668861
ood,test_ood,penobscot_000_xl_0244,penobscot,29,64,20,True,-22.06752418455341,0.9675466747688037
ood,test_ood,penobscot_000_xl_0244,penobscot,29,65,20,True,-22.428311939937185,0.9833653497637642
ood,test_ood,penobscot_000_xl_0244,penobscot,29,66,20,True,-17.313419444907716,0.7591037976305278
ood,test_ood,penobscot_000_xl_0244,penobscot,29,67,20,True,-20.142304957215607,0.883135780006286
ood,test_ood,penobscot_000_xl_0244,penobscot,29,68,20,True,-16.24252049257988,0.7121504234471449
ood,test_ood,penobscot_000_xl_0244,penobscot,29,69,20,True,-18.7762604513048,0.8232418014962114
ood,test_ood,penobscot_000_xl_0244,penobscot,29,70,20,True,-16.827041358771375,0.7377786369108205
ood,test_ood,penobscot_000_xl_0244,penobscot,29,71,20,True,-17.06578668486383,0.7482463832898655
ood,test_ood,penobscot_000_xl_0244,penobscot,29,72,20,True,-16.901894782572136,0.7410605719701319
ood,test_ood,penobscot_000_xl_0244,penobscot,29,73,20,True,-18.405759786383985,0.8069972657093337
ood,test_ood,penobscot_000_xl_0244,penobscot,29,74,20,True,-16.977274213880797,0.7443655697351147
ood,test_ood,penobscot_000_xl_0244,penobscot,29,75,20,True,-12.299504527309324,0.539269589428245
ood,test_ood,penobscot_000_xl_0244,penobscot,29,76,20,True,-20.07417533401486,0.8801486487889435
ood,test_ood,penobscot_000_xl_0244,penobscot,29,77,20,True,-20.242561921534296,0.8875315287834352
ood,test_ood,penobscot_000_xl_0244,penobscot,29,78,20,True,-18.689888308153673,0.819454830234749
ood,test_ood,penobscot_000_xl_0244,penobscot,29,79,20,True,-19.71476633794962,0.8643904252511925
ood,test_ood,penobscot_000_xl_0244,penobscot,29,80,20,True,-16.62430192547617,0.7288895625004436
ood,test_ood,penobscot_000_xl_0244,penobscot,29,81,20,True,-13.713057376079593,0.601246562785092
ood,test_ood,penobscot_000_xl_0244,penobscot,29,82,20,True,-19.402289441339164,0.8506899312705791
ood,test_ood,penobscot_000_xl_0244,penobscot,29,83,20,True,-15.398055931381629,0.6751250248879633
ood,test_ood,penobscot_000_xl_0244,penobscot,29,84,20,True,-16.810723019675127,0.7370631622341743
ood,test_ood,penobscot_000_xl_0244,penobscot,29,85,20,True,-13.246628985757308,0.5807960929317507
ood,test_ood,penobscot_000_xl_0244,penobscot,29,86,20,True,-20.324811714512606,0.8911377563344304
ood,test_ood,penobscot_000_xl_0244,penobscot,29,87,20,True,-18.140430177379393,0.7953639361720857
ood,test_ood,penobscot_000_xl_0244,penobscot,29,88,20,True,-13.971950062685497,0.6125976666041079
ood,test_ood,penobscot_000_xl_0244,penobscot,29,89,20,True,-15.060597556925092,0.6603292224523256
ood,test_ood,penobscot_000_xl_0244,penobscot,29,90,20,True,-18.497466050632696,0.8110181105620345
ood,test_ood,penobscot_000_xl_0244,penobscot,29,91,20,True,-21.732012364984886,0.952836218686178
ood,test_ood,penobscot_000_xl_0244,penobscot,29,92,20,True,-18.69969551904545,0.8198848256528003
ood,test_ood,penobscot_000_xl_0244,penobscot,29,93,20,True,-19.151369914700325,0.8396884092328731
ood,test_ood,penobscot_000_xl_0244,penobscot,29,94,20,True,-22.16894856359485,0.9719936086369322
ood,test_ood,penobscot_000_xl_0244,penobscot,29,95,20,True,-19.986336962686785,0.8762973910137248
ood,test_ood,penobscot_000_xl_0244,penobscot,29,96,20,True,-19.639965772844246,0.8611108077719839
ood,test_ood,penobscot_000_xl_0244,penobscot,29,97,20,True,-19.101669954027585,0.8375093232926974
ood,test_ood,penobscot_000_xl_0244,penobscot,29,98,20,True,-16.94359132850804,0.7428887496139956
ood,test_ood,penobscot_000_xl_0244,penobscot,29,99,20,True,-17.271325264104885,0.7572581857566139
ood,test_ood,penobscot_000_xl_0260,penobscot,30,0,20,True,-14.833269240871658,0.6588791994476396
ood,test_ood,penobscot_000_xl_0260,penobscot,30,1,20,True,-10.932832218384956,0.4856256313272138
ood,test_ood,penobscot_000_xl_0260,penobscot,30,2,20,True,-17.777962674130123,0.7896795793516209
ood,test_ood,penobscot_000_xl_0260,penobscot,30,3,20,True,-15.960915803109037,0.7089681482910697
ood,test_ood,penobscot_000_xl_0260,penobscot,30,4,20,True,-19.002723712058454,0.8440822574855387
ood,test_ood,penobscot_000_xl_0260,penobscot,30,5,20,True,-14.96890330680485,0.6649039309703203
ood,test_ood,penobscot_000_xl_0260,penobscot,30,6,20,True,-10.036057391164125,0.4457917773972938
ood,test_ood,penobscot_000_xl_0260,penobscot,30,7,20,True,-16.795646286508138,0.7460460536216832
ood,test_ood,penobscot_000_xl_0260,penobscot,30,8,20,True,-16.960986212897147,0.7533902901865905
ood,test_ood,penobscot_000_xl_0260,penobscot,30,9,20,True,-18.86747727787848,0.8380747441832715
ood,test_ood,penobscot_000_xl_0260,penobscot,30,10,20,True,-14.744581292305062,0.6549397681865119
ood,test_ood,penobscot_000_xl_0260,penobscot,30,11,20,True,-11.112277392026998,0.49359640907243485
ood,test_ood,penobscot_000_xl_0260,penobscot,30,12,20,True,-17.376628831228345,0.7718527256197577
ood,test_ood,penobscot_000_xl_0260,penobscot,30,13,20,True,-16.92803320891204,0.7519265502293003
ood,test_ood,penobscot_000_xl_0260,penobscot,30,14,20,True,-20.06143341012788,0.8911090987694121
ood,test_ood,penobscot_000_xl_0260,penobscot,30,15,20,True,-20.300420864704222,0.901724685946608
ood,test_ood,penobscot_000_xl_0260,penobscot,30,16,20,True,-20.79838356634435,0.9238436983425665
ood,test_ood,penobscot_000_xl_0260,penobscot,30,17,20,True,-19.06910266920683,0.8470307453364555
ood,test_ood,penobscot_000_xl_0260,penobscot,30,18,20,True,-14.680057076357624,0.6520736661116373
ood,test_ood,penobscot_000_xl_0260,penobscot,30,19,20,True,-17.38454109005979,0.7722041803584286
ood,test_ood,penobscot_000_xl_0260,penobscot,30,20,20,True,-18.861163348290766,0.8377942856542332
ood,test_ood,penobscot_000_xl_0260,penobscot,30,21,20,True,-21.88942456911758,0.9723066643144247
ood,test_ood,penobscot_000_xl_0260,penobscot,30,22,20,True,-14.216273982984317,0.6314728782261748
ood,test_ood,penobscot_000_xl_0260,penobscot,30,23,20,True,-15.929277906332882,0.7075628240997821
ood,test_ood,penobscot_000_xl_0260,penobscot,30,24,20,True,-20.001866393968456,0.8884631906231175
ood,test_ood,penobscot_000_xl_0260,penobscot,30,25,20,True,-19.63528739859751,0.8721801129628795
ood,test_ood,penobscot_000_xl_0260,penobscot,30,26,20,True,-19.806322048618288,0.8797773035385746
ood,test_ood,penobscot_000_xl_0260,penobscot,30,27,20,True,-17.820579146446477,0.7915725610475046
ood,test_ood,penobscot_000_xl_0260,penobscot,30,28,20,True,-21.661230200964347,0.9621704953980691
ood,test_ood,penobscot_000_xl_0260,penobscot,30,29,20,True,-14.871609386084987,0.6605822309085165
ood,test_ood,penobscot_000_xl_0260,penobscot,30,30,20,True,-16.683948251245344,0.7410845369891234
ood,test_ood,penobscot_000_xl_0260,penobscot,30,31,20,True,-16.653124245022447,0.73971536501401
ood,test_ood,penobscot_000_xl_0260,penobscot,30,32,20,True,-16.178257767235024,0.7186222641170756
ood,test_ood,penobscot_000_xl_0260,penobscot,30,33,20,True,-22.03066110981666,0.9785802522441948
ood,test_ood,penobscot_000_xl_0260,penobscot,30,34,20,True,-19.325155374869325,0.8584043541467405
ood,test_ood,penobscot_000_xl_0260,penobscot,30,35,20,True,-22.028058043592115,0.9784646266081813
ood,test_ood,penobscot_000_xl_0260,penobscot,30,36,20,True,-18.188016779166887,0.8078937785325002
ood,test_ood,penobscot_000_xl_0260,penobscot,30,37,20,True,-21.38652494751083,0.949968358799564
ood,test_ood,penobscot_000_xl_0260,penobscot,30,38,20,True,-16.74398197390801,0.7437511757782884
ood,test_ood,penobscot_000_xl_0260,penobscot,30,39,20,True,-10.354748101691413,0.4599477046452833
ood,test_ood,penobscot_000_xl_0260,penobscot,30,40,20,True,-19.0349541920868,0.8455139036408161
ood,test_ood,penobscot_000_xl_0260,penobscot,30,41,20,True,-17.484411718990025,0.7766403352592356
ood,test_ood,penobscot_000_xl_0260,penobscot,30,42,20,True,-14.891504454762199,0.6614659502498252
ood,test_ood,penobscot_000_xl_0260,penobscot,30,43,20,True,-18.483120091363162,0.8210019767952589
ood,test_ood,penobscot_000_xl_0260,penobscot,30,44,20,True,-19.466900403400402,0.8647005286048233
ood,test_ood,penobscot_000_xl_0260,penobscot,30,45,20,True,-16.467137431218823,0.7314540140604998
ood,test_ood,penobscot_000_xl_0260,penobscot,30,46,20,True,-17.190588623062155,0.7635890029412894
ood,test_ood,penobscot_000_xl_0260,penobscot,30,47,20,True,-21.844577511399613,0.9703146022135507
ood,test_ood,penobscot_000_xl_0260,penobscot,30,48,20,True,-19.075979655523703,0.8473362142904332
ood,test_ood,penobscot_000_xl_0260,penobscot,30,49,20,True,-19.608193279205313,0.8709766188844685
ood,test_ood,penobscot_000_xl_0260,penobscot,30,50,20,True,-14.761362318852099,0.655685164845716
ood,test_ood,penobscot_000_xl_0260,penobscot,30,51,20,True,-22.03066110981666,0.9785802522441948
ood,test_ood,penobscot_000_xl_0260,penobscot,30,52,20,True,-17.455956501311192,0.7753763825364821
ood,test_ood,penobscot_000_xl_0260,penobscot,30,53,20,True,-20.630223605939527,0.916374198646209
ood,test_ood,penobscot_000_xl_0260,penobscot,30,54,20,True,-19.250692256019057,0.8550967758010812
ood,test_ood,penobscot_000_xl_0260,penobscot,30,55,20,True,-13.975144031246689,0.620762123436801
ood,test_ood,penobscot_000_xl_0260,penobscot,30,56,20,True,-19.536170774856252,0.8677774502293907
ood,test_ood,penobscot_000_xl_0260,penobscot,30,57,20,True,-17.866653167391597,0.7936191236455872
ood,test_ood,penobscot_000_xl_0260,penobscot,30,58,20,True,-14.4260228462376,0.640789715995463
ood,test_ood,penobscot_000_xl_0260,penobscot,30,59,20,True,-18.055234719549507,0.8019957303193221
ood,test_ood,penobscot_000_xl_0260,penobscot,30,60,20,True,-11.503115071412683,0.5109570335663296
ood,test_ood,penobscot_000_xl_0260,penobscot,30,61,20,True,-21.76582167010758,0.9668163453680989
ood,test_ood,penobscot_000_xl_0260,penobscot,30,62,20,True,-16.8774427215143,0.7496793706429931
ood,test_ood,penobscot_000_xl_0260,penobscot,30,63,20,True,-20.192379447031627,0.8969255926633037
ood,test_ood,penobscot_000_xl_0260,penobscot,30,64,20,True,-19.09908354078246,0.848362466101563
ood,test_ood,penobscot_000_xl_0260,penobscot,30,65,20,True,-13.318909294688646,0.5916128232486998
ood,test_ood,penobscot_000_xl_0260,penobscot,30,66,20,True,-17.862066541964666,0.7934153902648748
ood,test_ood,penobscot_000_xl_0260,penobscot,30,67,20,True,-16.093152361368343,0.7148419658715888
ood,test_ood,penobscot_000_xl_0260,penobscot,30,68,20,True,-15.8355355608414,0.7033988815090559
ood,test_ood,penobscot_000_xl_0260,penobscot,30,69,20,True,-17.459153940212758,0.7755184096209728
ood,test_ood,penobscot_000_xl_0260,penobscot,30,70,20,True,-14.467894282998003,0.6426496039462867
ood,test_ood,penobscot_000_xl_0260,penobscot,30,71,20,True,-11.727593352444455,0.5209281375554666
ood,test_ood,penobscot_000_xl_0260,penobscot,30,72,20,True,-12.808288698570117,0.5689315596561106
ood,test_ood,penobscot_000_xl_0260,penobscot,30,73,20,True,-17.689496915114866,0.7857500175313656
ood,test_ood,penobscot_000_xl_0260,penobscot,30,74,20,True,-17.266317332070322,0.7669527975543495
ood,test_ood,penobscot_000_xl_0260,penobscot,30,75,20,True,-12.774100300106742,0.5674129446937478
ood,test_ood,penobscot_000_xl_0260,penobscot,30,76,20,True,-19.039719171069486,0.8457255593106832
ood,test_ood,penobscot_000_xl_0260,penobscot,30,77,20,True,-13.063386158018004,0.5802627373710697
ood,test_ood,penobscot_000_xl_0260,penobscot,30,78,20,True,-21.85224399997116,0.9706551400795178
ood,test_ood,penobscot_000_xl_0260,penobscot,30,79,20,True,-21.577930595637486,0.9584704090326948
ood,test_ood,penobscot_000_xl_0260,penobscot,30,80,20,True,-18.604695961755773,0.8264022571283169
ood,test_ood,penobscot_000_xl_0260,penobscot,30,81,20,True,-21.290305361679216,0.9456943796345914
ood,test_ood,penobscot_000_xl_0260,penobscot,30,82,20,True,-19.258965095137942,0.8554642471607187
ood,test_ood,penobscot_000_xl_0260,penobscot,30,83,20,True,-16.847729537015358,0.7483595402739899
ood,test_ood,penobscot_000_xl_0260,penobscot,30,84,20,True,-20.76440554564266,0.9223344281530212
ood,test_ood,penobscot_000_xl_0260,penobscot,30,85,20,True,-14.98496729569295,0.6656174775234541
ood,test_ood,penobscot_000_xl_0260,penobscot,30,86,20,True,-22.141344895565254,0.9834967169130165
ood,test_ood,penobscot_000_xl_0260,penobscot,30,87,20,True,-16.57750803332771,0.7363565674207315
ood,test_ood,penobscot_000_xl_0260,penobscot,30,88,20,True,-8.458596709584812,0.3757225287265249
ood,test_ood,penobscot_000_xl_0260,penobscot,30,89,20,True,-19.447844233519156,0.863854072321181
ood,test_ood,penobscot_000_xl_0260,penobscot,30,90,20,True,-22.09708699043621,0.9815308243894519
ood,test_ood,penobscot_000_xl_0260,penobscot,30,91,20,True,-20.989071692425092,0.9323138769536344
ood,test_ood,penobscot_000_xl_0260,penobscot,30,92,20,True,-17.384002213105205,0.7721802439752437
ood,test_ood,penobscot_000_xl_0260,penobscot,30,93,20,True,-20.301760712815593,0.9017842006791097
ood,test_ood,penobscot_000_xl_0260,penobscot,30,94,20,True,-19.107766426345034,0.8487481513200712
ood,test_ood,penobscot_000_xl_0260,penobscot,30,95,20,True,-16.0713931449782,0.7138754429262459
ood,test_ood,penobscot_000_xl_0260,penobscot,30,96,20,True,-16.46721838513318,0.7314576099535842
ood,test_ood,penobscot_000_xl_0260,penobscot,30,97,20,True,-17.590757579431884,0.7813641135615559
ood,test_ood,penobscot_000_xl_0260,penobscot,30,98,20,True,-19.22871192453714,0.8541204311413017
ood,test_ood,penobscot_000_xl_0260,penobscot,30,99,20,True,-9.103708949892013,0.4043777785939171
ood,test_ood,penobscot_000_xl_0278,penobscot,31,0,20,True,-18.367857269498117,0.7940360588011851
ood,test_ood,penobscot_000_xl_0278,penobscot,31,1,20,True,-15.074554356525326,0.6516677233395479
ood,test_ood,penobscot_000_xl_0278,penobscot,31,2,20,True,-22.749272317966703,0.9834431020949864
ood,test_ood,penobscot_000_xl_0278,penobscot,31,3,20,True,-19.785324308508656,0.8553126641570838
ood,test_ood,penobscot_000_xl_0278,penobscot,31,4,20,True,-14.178265647314078,0.6129214752732622
ood,test_ood,penobscot_000_xl_0278,penobscot,31,5,20,True,-18.199592460783272,0.7867620298501465
ood,test_ood,penobscot_000_xl_0278,penobscot,31,6,20,True,-13.305259547329733,0.5751817262774935
ood,test_ood,penobscot_000_xl_0278,penobscot,31,7,20,True,-17.46609750444995,0.7550532989006398
ood,test_ood,penobscot_000_xl_0278,penobscot,31,8,20,True,-14.906683697706411,0.6444107333509397
ood,test_ood,penobscot_000_xl_0278,penobscot,31,9,20,True,-22.505072990424434,0.9728864503985708
ood,test_ood,penobscot_000_xl_0278,penobscot,31,10,20,True,-12.856331164344665,0.5557747089711581
ood,test_ood,penobscot_000_xl_0278,penobscot,31,11,20,True,-15.120974714442804,0.6536744592101574
ood,test_ood,penobscot_000_xl_0278,penobscot,31,12,20,True,-14.792095188506078,0.639457112093199
ood,test_ood,penobscot_000_xl_0278,penobscot,31,13,20,True,-15.165252877710667,0.655588588753757
ood,test_ood,penobscot_000_xl_0278,penobscot,31,14,20,True,-21.862046223191353,0.9450886276876276
ood,test_ood,penobscot_000_xl_0278,penobscot,31,15,20,True,-13.781244738332544,0.5957583999507604
ood,test_ood,penobscot_000_xl_0278,penobscot,31,16,20,True,-19.452700381152916,0.8409334478736954
ood,test_ood,penobscot_000_xl_0278,penobscot,31,17,20,True,-10.584721404074177,0.45757381189783447
ood,test_ood,penobscot_000_xl_0278,penobscot,31,18,20,True,-19.86208161225072,0.858630855607143
ood,test_ood,penobscot_000_xl_0278,penobscot,31,19,20,True,-17.598226493390456,0.7607651889753698
ood,test_ood,penobscot_000_xl_0278,penobscot,31,20,20,True,-15.439326249707497,0.6674366849649631
ood,test_ood,penobscot_000_xl_0278,penobscot,31,21,20,True,-17.302202239162725,0.7479681637868695
ood,test_ood,penobscot_000_xl_0278,penobscot,31,22,20,True,-22.090135908948753,0.9549488651924541
ood,test_ood,penobscot_000_xl_0278,penobscot,31,23,20,True,-16.292938561237328,0.7043380472548842
ood,test_ood,penobscot_000_xl_0278,penobscot,31,24,20,True,-17.192888743535125,0.7432425795247323
ood,test_ood,penobscot_000_xl_0278,penobscot,31,25,20,True,-18.34259481451882,0.7929439716898203
ood,test_ood,penobscot_000_xl_0278,penobscot,31,26,20,True,-15.502483772200213,0.6701669626183636
ood,test_ood,penobscot_000_xl_0278,penobscot,31,27,20,True,-20.876710250409253,0.9024928974974668
ood,test_ood,penobscot_000_xl_0278,penobscot,31,28,20,True,-15.990996722440448,0.6912852069508828
ood,test_ood,penobscot_000_xl_0278,penobscot,31,29,20,True,-19.16728446094966,0.8285950172624311
ood,test_ood,penobscot_000_xl_0278,penobscot,31,30,20,True,-21.929274892551717,0.9479948995991587
ood,test_ood,penobscot_000_xl_0278,penobscot,31,31,20,True,-20.731656055107354,0.8962222552630366
ood,test_ood,penobscot_000_xl_0278,penobscot,31,32,20,True,-20.078246649770705,0.8679755947307428
ood,test_ood,penobscot_000_xl_0278,penobscot,31,33,20,True,-14.673312399790046,0.6343221735959297
ood,test_ood,penobscot_000_xl_0278,penobscot,31,34,20,True,-21.410110614255768,0.9255516090530675
ood,test_ood,penobscot_000_xl_0278,penobscot,31,35,20,True,-16.3885398248515,0.7084708565130806
ood,test_ood,penobscot_000_xl_0278,penobscot,31,36,20,True,-18.473672004739264,0.7986103928729931
ood,test_ood,penobscot_000_xl_0278,penobscot,31,37,20,True,-18.81588873495427,0.8134043026757982
ood,test_ood,penobscot_000_xl_0278,penobscot,31,38,20,True,-13.771184576264968,0.5953235026558917
ood,test_ood,penobscot_000_xl_0278,penobscot,31,39,20,True,-19.786922685370143,0.855381761430922
ood,test_ood,penobscot_000_xl_0278,penobscot,31,40,20,True,-15.52122895914016,0.6709773105071183
ood,test_ood,penobscot_000_xl_0278,penobscot,31,41,20,True,-18.583229565344745,0.8033465279789372
ood,test_ood,penobscot_000_xl_0278,penobscot,31,42,20,True,-15.32545254859166,0.6625139646112245
ood,test_ood,penobscot_000_xl_0278,penobscot,31,43,20,True,-19.765662090758415,0.8544626733464723
ood,test_ood,penobscot_000_xl_0278,penobscot,31,44,20,True,-20.108363343003877,0.8692775288675407
ood,test_ood,penobscot_000_xl_0278,penobscot,31,45,20,True,-14.869177297668738,0.6427893447682232
ood,test_ood,penobscot_000_xl_0278,penobscot,31,46,20,True,-22.826700481183888,0.9867902945660042
ood,test_ood,penobscot_000_xl_0278,penobscot,31,47,20,True,-14.248875724222675,0.6159739242528859
ood,test_ood,penobscot_000_xl_0278,penobscot,31,48,20,True,-21.664411668423547,0.936544954865684
ood,test_ood,penobscot_000_xl_0278,penobscot,31,49,20,True,-18.69510189798919,0.8081827298721982
ood,test_ood,penobscot_000_xl_0278,penobscot,31,50,20,True,-18.475153272749242,0.7986744275720554
ood,test_ood,penobscot_000_xl_0278,penobscot,31,51,20,True,-15.573923862647819,0.6732552927935779
ood,test_ood,penobscot_000_xl_0278,penobscot,31,52,20,True,-11.826545371824462,0.5112574285881025
ood,test_ood,penobscot_000_xl_0278,penobscot,31,53,20,True,-21.885486894178307,0.9461019597128633
ood,test_ood,penobscot_000_xl_0278,penobscot,31,54,20,True,-13.914209856885696,0.6015064356168095
ood,test_ood,penobscot_000_xl_0278,penobscot,31,55,20,True,-22.11306202071018,0.9559399530019677
ood,test_ood,penobscot_000_xl_0278,penobscot,31,56,20,True,-22.603602450151456,0.9771458445526936
ood,test_ood,penobscot_000_xl_0278,penobscot,31,57,20,True,-22.18752938239536,0.9591591510561689
ood,test_ood,penobscot_000_xl_0278,penobscot,31,58,20,True,-20.569919258915714,0.8892304300148949
ood,test_ood,penobscot_000_xl_0278,penobscot,31,59,20,True,-17.551510409405736,0.7587456689700913
ood,test_ood,penobscot_000_xl_0278,penobscot,31,60,20,True,-14.914647509250127,0.6447550061443541
ood,test_ood,penobscot_000_xl_0278,penobscot,31,61,20,True,-18.902211222874694,0.8171359936993379
ood,test_ood,penobscot_000_xl_0278,penobscot,31,62,20,True,-19.23633528711658,0.8315800603767196
ood,test_ood,penobscot_000_xl_0278,penobscot,31,63,20,True,-20.704235198417024,0.8950368611990541
ood,test_ood,penobscot_000_xl_0278,penobscot,31,64,20,True,-19.249708896251896,0.8321581968318297
ood,test_ood,penobscot_000_xl_0278,penobscot,31,65,20,True,-18.555615405684616,0.8021527774950391
ood,test_ood,penobscot_000_xl_0278,penobscot,31,66,20,True,-22.750749801544348,0.9835069731943601
ood,test_ood,penobscot_000_xl_0278,penobscot,31,67,20,True,-18.317118678241062,0.7918426472105049
ood,test_ood,penobscot_000_xl_0278,penobscot,31,68,20,True,-11.101170882440728,0.47989974259052803
ood,test_ood,penobscot_000_xl_0278,penobscot,31,69,20,True,-18.630867671917628,0.8054059066988873
ood,test_ood,penobscot_000_xl_0278,penobscot,31,70,20,True,-19.26713575370419,0.8329115537969712
ood,test_ood,penobscot_000_xl_0278,penobscot,31,71,20,True,-22.455851736205478,0.9707586327584496
ood,test_ood,penobscot_000_xl_0278,penobscot,31,72,20,True,-18.27468528406841,0.7900082663910087
ood,test_ood,penobscot_000_xl_0278,penobscot,31,73,20,True,-17.023380010628017,0.735914776165031
ood,test_ood,penobscot_000_xl_0278,penobscot,31,74,20,True,-19.599151933111386,0.8472644973486673
ood,test_ood,penobscot_000_xl_0278,penobscot,31,75,20,True,-14.983741200231965,0.6477419022896302
ood,test_ood,penobscot_000_xl_0278,penobscot,31,76,20,True,-19.570677778009905,0.8460335695620051
ood,test_ood,penobscot_000_xl_0278,penobscot,31,77,20,True,-20.610231825563634,0.890973128200732
ood,test_ood,penobscot_000_xl_0278,penobscot,31,78,20,True,-14.694299909889764,0.6352294563322401
ood,test_ood,penobscot_000_xl_0278,penobscot,31,79,20,True,-16.398128458529477,0.708885369800245
ood,test_ood,penobscot_000_xl_0278,penobscot,31,80,20,True,-20.126322582589776,0.8700539005265006
ood,test_ood,penobscot_000_xl_0278,penobscot,31,81,20,True,-10.629004660745542,0.4594881616274898
ood,test_ood,penobscot_000_xl_0278,penobscot,31,82,20,True,-18.26755105376399,0.7896998561050192
ood,test_ood,penobscot_000_xl_0278,penobscot,31,83,20,True,-22.54027220944595,0.9744081003512381
ood,test_ood,penobscot_000_xl_0278,penobscot,31,84,20,True,-18.75820755741167,0.8109107655031743
ood,test_ood,penobscot_000_xl_0278,penobscot,31,85,20,True,-14.279928767511308,0.6173163364757659
ood,test_ood,penobscot_000_xl_0278,penobscot,31,86,20,True,-17.692749217563314,0.7648513733499622
ood,test_ood,penobscot_000_xl_0278,penobscot,31,87,20,True,-18.68132181943986,0.807587021886191
ood,test_ood,penobscot_000_xl_0278,penobscot,31,88,20,True,-22.52304019155956,0.9736631662325249
ood,test_ood,penobscot_000_xl_0278,penobscot,31,89,20,True,-14.452850863546512,0.6247916983321239
ood,test_ood,penobscot_000_xl_0278,penobscot,31,90,20,True,-21.7200576684462,0.9389505120244608
ood,test_ood,penobscot_000_xl_0278,penobscot,31,91,20,True,-22.64520623092163,0.9789443614743617
ood,test_ood,penobscot_000_xl_0278,penobscot,31,92,20,True,-20.321033499013716,0.8784711854832803
ood,test_ood,penobscot_000_xl_0278,penobscot,31,93,20,True,-14.127633805719606,0.6107326784332365
ood,test_ood,penobscot_000_xl_0278,penobscot,31,94,20,True,-17.927658418353502,0.775006416109431
ood,test_ood,penobscot_000_xl_0278,penobscot,31,95,20,True,-16.313279754648413,0.7052173899463301
ood,test_ood,penobscot_000_xl_0278,penobscot,31,96,20,True,-22.157281286308887,0.9578515364198869
ood,test_ood,penobscot_000_xl_0278,penobscot,31,97,20,True,-21.803443741005044,0.942555262836821
ood,test_ood,penobscot_000_xl_0278,penobscot,31,98,20,True,-18.087046595986852,0.7818967113970398
ood,test_ood,penobscot_000_xl_0278,penobscot,31,99,20,True,-14.174297918761605,0.6127499517528009
ood,test_ood,penobscot_000_xl_0342,penobscot,32,0,21,True,-22.0576921849779,0.8499084392614638
ood,test_ood,penobscot_000_xl_0342,penobscot,32,1,21,True,-25.3325236209244,0.9760914892028895
ood,test_ood,penobscot_000_xl_0342,penobscot,32,2,21,True,-23.917469456929005,0.9215678125686305
ood,test_ood,penobscot_000_xl_0342,penobscot,32,3,21,True,-22.761043049571928,0.8770093630828336
ood,test_ood,penobscot_000_xl_0342,penobscot,32,4,21,True,-22.65172079294358,0.8727970498576623
ood,test_ood,penobscot_000_xl_0342,penobscot,32,5,21,True,-22.999296107639942,0.8861895294861786
ood,test_ood,penobscot_000_xl_0342,penobscot,32,6,21,True,-21.813191068959362,0.8404875279453414
ood,test_ood,penobscot_000_xl_0342,penobscot,32,7,21,True,-25.39779668243565,0.9786065358981475
ood,test_ood,penobscot_000_xl_0342,penobscot,32,8,21,True,-20.180934894138655,0.777594806150922
ood,test_ood,penobscot_000_xl_0342,penobscot,32,9,21,True,-22.671232340687947,0.8735488524012797
ood,test_ood,penobscot_000_xl_0342,penobscot,32,10,21,True,-22.819577476116557,0.8792647623644271
ood,test_ood,penobscot_000_xl_0342,penobscot,32,11,21,True,-24.954599562006326,0.9615296372928713
ood,test_ood,penobscot_000_xl_0342,penobscot,32,12,21,True,-25.744057785438414,0.9919483774272654
ood,test_ood,penobscot_000_xl_0342,penobscot,32,13,21,True,-20.11455274101655,0.7750370248707369
ood,test_ood,penobscot_000_xl_0342,penobscot,32,14,21,True,-24.83711364375641,0.9570027687257696
ood,test_ood,penobscot_000_xl_0342,penobscot,32,15,21,True,-19.989431040595207,0.7702159407685993
ood,test_ood,penobscot_000_xl_0342,penobscot,32,16,21,True,-23.635345747915505,0.9106972591491926
ood,test_ood,penobscot_000_xl_0342,penobscot,32,17,21,True,-24.93388973162613,0.9607316635307847
ood,test_ood,penobscot_000_xl_0342,penobscot,32,18,21,True,-20.363231085090007,0.7846188896241827
ood,test_ood,penobscot_000_xl_0342,penobscot,32,19,21,True,-25.53820855446063,0.984016768029676
ood,test_ood,penobscot_000_xl_0342,penobscot,32,20,21,True,-23.55444480854777,0.9075800522113046
ood,test_ood,penobscot_000_xl_0342,penobscot,32,21,21,True,-20.836815290824422,0.8028666378373314
ood,test_ood,penobscot_000_xl_0342,penobscot,32,22,21,True,-25.465026412427868,0.981196975297269
ood,test_ood,penobscot_000_xl_0342,penobscot,32,23,21,True,-20.292182272041234,0.7818812965295259
ood,test_ood,penobscot_000_xl_0342,penobscot,32,24,21,True,-25.518507851849304,0.9832576771298517
ood,test_ood,penobscot_000_xl_0342,penobscot,32,25,21,True,-25.751674619486327,0.9922418628691461
ood,test_ood,penobscot_000_xl_0342,penobscot,32,26,21,True,-23.57880621663096,0.908518725493557
ood,test_ood,penobscot_000_xl_0342,penobscot,32,27,21,True,-22.7054039826903,0.8748655253640566
ood,test_ood,penobscot_000_xl_0342,penobscot,32,28,21,True,-23.301404537293728,0.8978301173492029
ood,test_ood,penobscot_000_xl_0342,penobscot,32,29,21,True,-20.39854573475055,0.7859796039964911
ood,test_ood,penobscot_000_xl_0342,penobscot,32,30,21,True,-17.57079370213647,0.6770230415191971
ood,test_ood,penobscot_000_xl_0342,penobscot,32,31,21,True,-17.77402245658305,0.6848536809195591
ood,test_ood,penobscot_000_xl_0342,penobscot,32,32,21,True,-21.140254844057473,0.8145585154343058
ood,test_ood,penobscot_000_xl_0342,penobscot,32,33,21,True,-25.056388595446094,0.9654516866994561
ood,test_ood,penobscot_000_xl_0342,penobscot,32,34,21,True,-25.1443363461158,0.9688404154423096
ood,test_ood,penobscot_000_xl_0342,penobscot,32,35,21,True,-24.915410805655142,0.9600196491006471
ood,test_ood,penobscot_000_xl_0342,penobscot,32,36,21,True,-22.83605470107408,0.8798996489350421
ood,test_ood,penobscot_000_xl_0342,penobscot,32,37,21,True,-23.482486930894417,0.9048074318040533
ood,test_ood,penobscot_000_xl_0342,penobscot,32,38,21,True,-21.44300243988674,0.8262237311107057
ood,test_ood,penobscot_000_xl_0342,penobscot,32,39,21,True,-25.66598770069268,0.9889402465982182
ood,test_ood,penobscot_000_xl_0342,penobscot,32,40,21,True,-18.52783884616162,0.7138990998955642
ood,test_ood,penobscot_000_xl_0342,penobscot,32,41,21,True,-25.511888802123202,0.9830026374740739
ood,test_ood,penobscot_000_xl_0342,penobscot,32,42,21,True,-15.966215072112199,0.6151967675971689
ood,test_ood,penobscot_000_xl_0342,penobscot,32,43,21,True,-23.509923394057637,0.9058645905217629
ood,test_ood,penobscot_000_xl_0342,penobscot,32,44,21,True,-20.234988587052985,0.7796775575736853
ood,test_ood,penobscot_000_xl_0342,penobscot,32,45,21,True,-19.544824679648883,0.753084742493244
ood,test_ood,penobscot_000_xl_0342,penobscot,32,46,21,True,-25.11973832437466,0.9678926251616398
ood,test_ood,penobscot_000_xl_0342,penobscot,32,47,21,True,-21.390293057438996,0.8241927775279416
ood,test_ood,penobscot_000_xl_0342,penobscot,32,48,21,True,-25.626759621325405,0.9874287432446188
ood,test_ood,penobscot_000_xl_0342,penobscot,32,49,21,True,-19.871712487914778,0.765680108527324
ood,test_ood,penobscot_000_xl_0342,penobscot,32,50,21,True,-23.262662724820743,0.8963373504225023
ood,test_ood,penobscot_000_xl_0342,penobscot,32,51,21,True,-25.06101730189527,0.9656300361224616
ood,test_ood,penobscot_000_xl_0342,penobscot,32,52,21,True,-23.01834784706214,0.8869236150823391
ood,test_ood,penobscot_000_xl_0342,penobscot,32,53,21,True,-21.49823673607343,0.8283519725455786
ood,test_ood,penobscot_000_xl_0342,penobscot,32,54,21,True,-21.554489775551907,0.8305194673399537
ood,test_ood,penobscot_000_xl_0342,penobscot,32,55,21,True,-25.721892664219816,0.9910943296228552
ood,test_ood,penobscot_000_xl_0342,penobscot,32,56,21,True,-21.109477707793786,0.8133726367110267
ood,test_ood,penobscot_000_xl_0342,penobscot,32,57,21,True,-22.695612556196902,0.8744882503554402
ood,test_ood,penobscot_000_xl_0342,penobscot,32,58,21,True,-20.502751057726243,0.7899947558387734
ood,test_ood,penobscot_000_xl_0342,penobscot,32,59,21,True,-21.554489775551907,0.8305194673399537
ood,test_ood,penobscot_000_xl_0342,penobscot,32,60,21,True,-18.992130055878896,0.7317887782039035
ood,test_ood,penobscot_000_xl_0342,penobscot,32,61,21,True,-20.74596586255616,0.7993661040942839
ood,test_ood,penobscot_000_xl_0342,penobscot,32,62,21,True,-23.018886300596044,0.8869443623209339
ood,test_ood,penobscot_000_xl_0342,penobscot,32,63,21,True,-25.265000450026584,0.9734897431856507
ood,test_ood,penobscot_000_xl_0342,penobscot,32,64,21,True,-25.30773794135368,0.9751364682485975
ood,test_ood,penobscot_000_xl_0342,penobscot,32,65,21,True,-19.077194978687814,0.735066428248801
ood,test_ood,penobscot_000_xl_0342,penobscot,32,66,21,True,-21.879738077995917,0.8430516613149373
ood,test_ood,penobscot_000_xl_0342,penobscot,32,67,21,True,-23.646337797336763,0.9111207955504428
ood,test_ood,penobscot_000_xl_0342,penobscot,32,68,21,True,-21.412650705932407,0.8250542436313414
ood,test_ood,penobscot_000_xl_0342,penobscot,32,69,21,True,-20.418529410995284,0.7867495981983069
ood,test_ood,penobscot_000_xl_0342,penobscot,32,70,21,True,-23.085474962026662,0.8895101006055378
ood,test_ood,penobscot_000_xl_0342,penobscot,32,71,21,True,-25.30773794135368,0.9751364682485975
ood,test_ood,penobscot_000_xl_0342,penobscot,32,72,21,True,-21.04509424591467,0.8108918673204193
ood,test_ood,penobscot_000_xl_0342,penobscot,32,73,21,True,-21.67132488256277,0.8350212593958866
ood,test_ood,penobscot_000_xl_0342,penobscot,32,74,21,True,-22.51353016284277,0.8674724047513384
ood,test_ood,penobscot_000_xl_0342,penobscot,32,75,21,True,-25.615738713912698,0.9870040949115189
ood,test_ood,penobscot_000_xl_0342,penobscot,32,76,21,True,-20.90458701358087,0.8054779608456931
ood,test_ood,penobscot_000_xl_0342,penobscot,32,77,21,True,-23.245522940399756,0.8956769346680183
ood,test_ood,penobscot_000_xl_0342,penobscot,32,78,21,True,-25.389875485325966,0.978301322994816
ood,test_ood,penobscot_000_xl_0342,penobscot,32,79,21,True,-25.406657648703,0.9789479591960828
ood,test_ood,penobscot_000_xl_0342,penobscot,32,80,21,True,-20.684241697071478,0.7969878004752168
ood,test_ood,penobscot_000_xl_0342,penobscot,32,81,21,True,-21.758570646450657,0.8383829397746089
ood,test_ood,penobscot_000_xl_0342,penobscot,32,82,21,True,-21.06374822525597,0.811610626759758
ood,test_ood,penobscot_000_xl_0342,penobscot,32,83,21,True,-23.604364367519462,0.9095035106628258
ood,test_ood,penobscot_000_xl_0342,penobscot,32,84,21,True,-23.680864454252973,0.9124511476492249
ood,test_ood,penobscot_000_xl_0342,penobscot,32,85,21,True,-25.59582872061807,0.986236939799151
ood,test_ood,penobscot_000_xl_0342,penobscot,32,86,21,True,-21.199118880047006,0.8168266149497467
ood,test_ood,penobscot_000_xl_0342,penobscot,32,87,21,True,-21.413552927248,0.825089007264081
ood,test_ood,penobscot_000_xl_0342,penobscot,32,88,21,True,-17.156425939123274,0.6610569714612128
ood,test_ood,penobscot_000_xl_0342,penobscot,32,89,21,True,-23.240475680068513,0.8954824578789372
ood,test_ood,penobscot_000_xl_0342,penobscot,32,90,21,True,-21.355006582448773,0.8228331487583277
ood,test_ood,penobscot_000_xl_0342,penobscot,32,91,21,True,-24.8973566493785,0.9593240015390353
ood,test_ood,penobscot_000_xl_0342,penobscot,32,92,21,True,-22.678270826866445,0.8738200534295901
ood,test_ood,penobscot_000_xl_0342,penobscot,32,93,21,True,-20.555214888711557,0.7920162480391574
ood,test_ood,penobscot_000_xl_0342,penobscot,32,94,21,True,-21.468750488406762,0.8272158332557611
ood,test_ood,penobscot_000_xl_0342,penobscot,32,95,21,True,-21.612760849356928,0.8327647193353297
ood,test_ood,penobscot_000_xl_0342,penobscot,32,96,21,True,-22.590936387135066,0.8704549562678655
ood,test_ood,penobscot_000_xl_0342,penobscot,32,97,21,True,-17.325684155589073,0.6675786866697783
ood,test_ood,penobscot_000_xl_0342,penobscot,32,98,21,True,-21.265935428256938,0.8194011339760217
ood,test_ood,penobscot_000_xl_0342,penobscot,32,99,21,True,-16.29473819769637,0.6278551443024479
ood,test_ood,penobscot_000_xl_0364,penobscot,33,0,21,True,-25.77462685441798,0.9841866336504428
ood,test_ood,penobscot_000_xl_0364,penobscot,33,1,21,True,-20.806548573007248,0.794483936222045
ood,test_ood,penobscot_000_xl_0364,penobscot,33,2,21,True,-25.945401127547097,0.990707533368385
ood,test_ood,penobscot_000_xl_0364,penobscot,33,3,21,True,-25.790589435544497,0.9847961539772359
ood,test_ood,penobscot_000_xl_0364,penobscot,33,4,21,True,-23.873163434530255,0.9115805434517794
ood,test_ood,penobscot_000_xl_0364,penobscot,33,5,21,True,-21.832803233900073,0.8336707739472656
ood,test_ood,penobscot_000_xl_0364,penobscot,33,6,21,True,-21.74248072008752,0.8302218700576331
ood,test_ood,penobscot_000_xl_0364,penobscot,33,7,21,True,-23.850197134994172,0.910703590890817
ood,test_ood,penobscot_000_xl_0364,penobscot,33,8,21,True,-25.676354200017407,0.9804341590380776
ood,test_ood,penobscot_000_xl_0364,penobscot,33,9,21,True,-25.825703444593007,0.9861369585814935
ood,test_ood,penobscot_000_xl_0364,penobscot,33,10,21,True,-23.6637225191809,0.9035831842430265
ood,test_ood,penobscot_000_xl_0364,penobscot,33,11,21,True,-25.85011210487074,0.9870689867084707
ood,test_ood,penobscot_000_xl_0364,penobscot,33,12,21,True,-20.889312076485375,0.7976442044322243
ood,test_ood,penobscot_000_xl_0364,penobscot,33,13,21,True,-21.152940389131068,0.8077106726307055
ood,test_ood,penobscot_000_xl_0364,penobscot,33,14,21,True,-25.987012894134857,0.9922964504343649
ood,test_ood,penobscot_000_xl_0364,penobscot,33,15,21,True,-25.081637388655132,0.9577253012200393
ood,test_ood,penobscot_000_xl_0364,penobscot,33,16,21,True,-19.944093600838258,0.7615516784427793
ood,test_ood,penobscot_000_xl_0364,penobscot,33,17,21,True,-24.654437513337676,0.9414129639140772
ood,test_ood,penobscot_000_xl_0364,penobscot,33,18,21,True,-21.919474745537237,0.8369802667967011
ood,test_ood,penobscot_000_xl_0364,penobscot,33,19,21,True,-25.29717295557798,0.9659553805627932
ood,test_ood,penobscot_000_xl_0364,penobscot,33,20,21,True,-21.47897746372476,0.8201601770484427
ood,test_ood,penobscot_000_xl_0364,penobscot,33,21,21,True,-16.26160455862008,0.6209383336061642
ood,test_ood,penobscot_000_xl_0364,penobscot,33,22,21,True,-18.953033386672963,0.723708716779998
ood,test_ood,penobscot_000_xl_0364,penobscot,33,23,21,True,-24.20313432789341,0.9241802580694151
ood,test_ood,penobscot_000_xl_0364,penobscot,33,24,21,True,-25.13130888968646,0.9596219737757473
ood,test_ood,penobscot_000_xl_0364,penobscot,33,25,21,True,-25.3592963433551,0.9683275199630128
ood,test_ood,penobscot_000_xl_0364,penobscot,33,26,21,True,-25.040168098267515,0.9561418245110653
ood,test_ood,penobscot_000_xl_0364,penobscot,33,27,21,True,-23.52773521342357,0.8983906012648735
ood,test_ood,penobscot_000_xl_0364,penobscot,33,28,21,True,-21.499301457902398,0.8209362349725788
ood,test_ood,penobscot_000_xl_0364,penobscot,33,29,21,True,-23.850197134994172,0.910703590890817
ood,test_ood,penobscot_000_xl_0364,penobscot,33,30,21,True,-23.2441566642378,0.8875623468239839
ood,test_ood,penobscot_000_xl_0364,penobscot,33,31,21,True,-25.478267425023645,0.9728703499729477
ood,test_ood,penobscot_000_xl_0364,penobscot,33,32,21,True,-22.484042636966382,0.858537908568634
ood,test_ood,penobscot_000_xl_0364,penobscot,33,33,21,True,-21.770792727192415,0.8313029448340731
ood,test_ood,penobscot_000_xl_0364,penobscot,33,34,21,True,-25.720084861924818,0.9821039846837814
ood,test_ood,penobscot_000_xl_0364,penobscot,33,35,21,True,-17.786556912514406,0.6791676042813019
ood,test_ood,penobscot_000_xl_0364,penobscot,33,36,21,True,-22.03634774174276,0.8414429828371641
ood,test_ood,penobscot_000_xl_0364,penobscot,33,37,21,True,-23.29966295148192,0.8896818167312608
ood,test_ood,penobscot_000_xl_0364,penobscot,33,38,21,True,-22.308277390055355,0.8518264319041153
ood,test_ood,penobscot_000_xl_0364,penobscot,33,39,21,True,-25.214643992351988,0.9628040681129632
ood,test_ood,penobscot_000_xl_0364,penobscot,33,40,21,True,-25.84742584055781,0.9869664135288015
ood,test_ood,penobscot_000_xl_0364,penobscot,33,41,21,True,-18.602354459088755,0.7103182799298096
ood,test_ood,penobscot_000_xl_0364,penobscot,33,42,21,True,-23.476976311497058,0.896452407043983
ood,test_ood,penobscot_000_xl_0364,penobscot,33,43,21,True,-25.80843222340325,0.9854774687220366
ood,test_ood,penobscot_000_xl_0364,penobscot,33,44,21,True,-23.80722713461364,0.9090628105892695
ood,test_ood,penobscot_000_xl_0364,penobscot,33,45,21,True,-24.05079854262961,0.9183634194967326
ood,test_ood,penobscot_000_xl_0364,penobscot,33,46,21,True,-25.01340878129804,0.9551200381536633
ood,test_ood,penobscot_000_xl_0364,penobscot,33,47,21,True,-19.05699318748521,0.7276783512183269
ood,test_ood,penobscot_000_xl_0364,penobscot,33,48,21,True,-25.29809447252099,0.9659905680618447
ood,test_ood,penobscot_000_xl_0364,penobscot,33,49,21,True,-25.697942950853346,0.9812585108368423
ood,test_ood,penobscot_000_xl_0364,penobscot,33,50,21,True,-23.612655811475754,0.9016332366673814
ood,test_ood,penobscot_000_xl_0364,penobscot,33,51,21,True,-19.921821834817983,0.7607012461727505
ood,test_ood,penobscot_000_xl_0364,penobscot,33,52,21,True,-23.830936040842484,0.9099681190828006
ood,test_ood,penobscot_000_xl_0364,penobscot,33,53,21,True,-19.353039613570296,0.738982683076888
ood,test_ood,penobscot_000_xl_0364,penobscot,33,54,21,True,-19.383900483357092,0.740161084444968
ood,test_ood,penobscot_000_xl_0364,penobscot,33,55,21,True,-25.07080060904679,0.9573115061454263
ood,test_ood,penobscot_000_xl_0364,penobscot,33,56,21,True,-23.724593462454,0.9059074998998723
ood,test_ood,penobscot_000_xl_0364,penobscot,33,57,21,True,-17.527959656289468,0.669293243557758
ood,test_ood,penobscot_000_xl_0364,penobscot,33,58,21,True,-25.76359803524509,0.983765505675391
ood,test_ood,penobscot_000_xl_0364,penobscot,33,59,21,True,-24.06531643689581,0.9189177754362483
ood,test_ood,penobscot_000_xl_0364,penobscot,33,60,21,True,-19.730432800362895,0.7533931857844512
ood,test_ood,penobscot_000_xl_0364,penobscot,33,61,21,True,-25.96951273181334,0.9916282186131703
ood,test_ood,penobscot_000_xl_0364,penobscot,33,62,21,True,-24.026276153846155,0.9174270487239501
ood,test_ood,penobscot_000_xl_0364,penobscot,33,63,21,True,-25.867275654673826,0.9877243652091027
ood,test_ood,penobscot_000_xl_0364,penobscot,33,64,21,True,-21.996428044394595,0.8399186762867205
ood,test_ood,penobscot_000_xl_0364,penobscot,33,65,21,True,-21.76538409370936,0.8310964198352666
ood,test_ood,penobscot_000_xl_0364,penobscot,33,66,21,True,-20.41574844509168,0.779561498566756
ood,test_ood,penobscot_000_xl_0364,penobscot,33,67,21,True,-18.636314212000297,0.7116150100468506
ood,test_ood,penobscot_000_xl_0364,penobscot,33,68,21,True,-21.7837310892138,0.831796987406821
ood,test_ood,penobscot_000_xl_0364,penobscot,33,69,21,True,-25.814020165190243,0.9856908404867348
ood,test_ood,penobscot_000_xl_0364,penobscot,33,70,21,True,-19.08444846245821,0.728726712259759
ood,test_ood,penobscot_000_xl_0364,penobscot,33,71,21,True,-25.86576416887381,0.9876666501496477
ood,test_ood,penobscot_000_xl_0364,penobscot,33,72,21,True,-25.934499940963452,0.990291278957132
ood,test_ood,penobscot_000_xl_0364,penobscot,33,73,21,True,-15.65553244790584,0.5977958813890131
ood,test_ood,penobscot_000_xl_0364,penobscot,33,74,21,True,-14.56875044507608,0.5562978481907723
ood,test_ood,penobscot_000_xl_0364,penobscot,33,75,21,True,-20.054614911075685,0.7657718596653273
ood,test_ood,penobscot_000_xl_0364,penobscot,33,76,21,True,-23.683838474744142,0.904351298353864
ood,test_ood,penobscot_000_xl_0364,penobscot,33,77,21,True,-19.35432187294015,0.7390316452806791
ood,test_ood,penobscot_000_xl_0364,penobscot,33,78,21,True,-21.324367786522807,0.8142565114553522
ood,test_ood,penobscot_000_xl_0364,penobscot,33,79,21,True,-25.79593354269639,0.9850002150818793
ood,test_ood,penobscot_000_xl_0364,penobscot,33,80,21,True,-21.676219949949406,0.8276917475199276
ood,test_ood,penobscot_000_xl_0364,penobscot,33,81,21,True,-18.035832027401916,0.688686005364649
ood,test_ood,penobscot_000_xl_0364,penobscot,33,82,21,True,-20.11815725106235,0.7681981807926511
ood,test_ood,penobscot_000_xl_0364,penobscot,33,83,21,True,-25.499738788846827,0.9736902194282991
ood,test_ood,penobscot_000_xl_0364,penobscot,33,84,21,True,-25.376974917846994,0.9690025643318488
ood,test_ood,penobscot_000_xl_0364,penobscot,33,85,21,True,-23.274929140749038,0.8887373729548275
ood,test_ood,penobscot_000_xl_0364,penobscot,33,86,21,True,-15.897804162059165,0.6070468623684103
ood,test_ood,penobscot_000_xl_0364,penobscot,33,87,21,True,-21.11593113861246,0.8062974995171797
ood,test_ood,penobscot_000_xl_0364,penobscot,33,88,21,True,-25.919220377697485,0.9897078392037918
ood,test_ood,penobscot_000_xl_0364,penobscot,33,89,21,True,-25.79544704046109,0.9849816383242053
ood,test_ood,penobscot_000_xl_0364,penobscot,33,90,21,True,-20.838559518878807,0.7957062524648852
ood,test_ood,penobscot_000_xl_0364,penobscot,33,91,21,True,-22.497139564222863,0.859038005847269
ood,test_ood,penobscot_000_xl_0364,penobscot,33,92,21,True,-22.159150372597352,0.8461321179523634
ood,test_ood,penobscot_000_xl_0364,penobscot,33,93,21,True,-16.53735509371102,0.6314676806415775
ood,test_ood,penobscot_000_xl_0364,penobscot,33,94,21,True,-21.89686663785774,0.8361169915486847
ood,test_ood,penobscot_000_xl_0364,penobscot,33,95,21,True,-23.018950850847506,0.8789630156828966
ood,test_ood,penobscot_000_xl_0364,penobscot,33,96,21,True,-25.886710709150368,0.9884664795740595
ood,test_ood,penobscot_000_xl_0364,penobscot,33,97,21,True,-25.214441108288426,0.9627963211226902
ood,test_ood,penobscot_000_xl_0364,penobscot,33,98,21,True,-21.49035226792844,0.8205945162270808
ood,test_ood,penobscot_000_xl_0364,penobscot,33,99,21,True,-21.55800954899116,0.8231779635866547
ood,test_ood,penobscot_000_xl_0426,penobscot,34,0,21,True,-26.892260309258916,0.9873422994131303
ood,test_ood,penobscot_000_xl_0426,penobscot,34,1,21,True,-22.15102987852611,0.8132692649528955
ood,test_ood,penobscot_000_xl_0426,penobscot,34,2,21,True,-24.504310840366074,0.8996693596012522
ood,test_ood,penobscot_000_xl_0426,penobscot,34,3,21,True,-25.140688776622973,0.9230338089875811
ood,test_ood,penobscot_000_xl_0426,penobscot,34,4,21,True,-21.533533864738494,0.7905980604085309
ood,test_ood,penobscot_000_xl_0426,penobscot,34,5,21,True,-23.246272540284068,0.8534808126487632
ood,test_ood,penobscot_000_xl_0426,penobscot,34,6,21,True,-20.770587165213975,0.7625866720025202
ood,test_ood,penobscot_000_xl_0426,penobscot,34,7,21,True,-25.35275412336685,0.9308197326947029
ood,test_ood,penobscot_000_xl_0426,penobscot,34,8,21,True,-21.04223410446488,0.7725601182857316
ood,test_ood,penobscot_000_xl_0426,penobscot,34,9,21,True,-25.179532877195133,0.9244599599743891
ood,test_ood,penobscot_000_xl_0426,penobscot,34,10,21,True,-19.929520776153314,0.7317071396395101
ood,test_ood,penobscot_000_xl_0426,penobscot,34,11,21,True,-26.781225479252402,0.9832656846878212
ood,test_ood,penobscot_000_xl_0426,penobscot,34,12,21,True,-27.009989152212462,0.9916646830719328
ood,test_ood,penobscot_000_xl_0426,penobscot,34,13,21,True,-18.684609890572894,0.686000562274936
ood,test_ood,penobscot_000_xl_0426,penobscot,34,14,21,True,-24.36166979032418,0.8944323307788522
ood,test_ood,penobscot_000_xl_0426,penobscot,34,15,21,True,-22.89178385698775,0.8404658534130305
ood,test_ood,penobscot_000_xl_0426,penobscot,34,16,21,True,-23.135265788459215,0.8494052288065452
ood,test_ood,penobscot_000_xl_0426,penobscot,34,17,21,True,-24.63398027376947,0.904430138913507
ood,test_ood,penobscot_000_xl_0426,penobscot,34,18,21,True,-22.728136781977412,0.834457593881298
ood,test_ood,penobscot_000_xl_0426,penobscot,34,19,21,True,-24.820529740634985,0.9112792537685304
ood,test_ood,penobscot_000_xl_0426,penobscot,34,20,21,True,-21.970987699364827,0.806659063462943
ood,test_ood,penobscot_000_xl_0426,penobscot,34,21,21,True,-26.31125906405582,0.9660109907464798
ood,test_ood,penobscot_000_xl_0426,penobscot,34,22,21,True,-26.660372557258576,0.9788286012846422
ood,test_ood,penobscot_000_xl_0426,penobscot,34,23,21,True,-22.576763384724195,0.8288999592163343
ood,test_ood,penobscot_000_xl_0426,penobscot,34,24,21,True,-21.46357733118999,0.7880296245872781
ood,test_ood,penobscot_000_xl_0426,penobscot,34,25,21,True,-26.896751875290185,0.9875072060845032
ood,test_ood,penobscot_000_xl_0426,penobscot,34,26,21,True,-25.005305596952383,0.9180632509764421
ood,test_ood,penobscot_000_xl_0426,penobscot,34,27,21,True,-26.893249632260613,0.987378622148227
ood,test_ood,penobscot_000_xl_0426,penobscot,34,28,21,True,-26.506610919481904,0.9731832829938742
ood,test_ood,penobscot_000_xl_0426,penobscot,34,29,21,True,-22.751459488486674,0.8353138809471143
ood,test_ood,penobscot_000_xl_0426,penobscot,34,30,21,True,-24.991647860452602,0.9175618107551521
ood,test_ood,penobscot_000_xl_0426,penobscot,34,31,21,True,-23.483615118260083,0.862194783285393
ood,test_ood,penobscot_000_xl_0426,penobscot,34,32,21,True,-26.415944100746565,0.9698544744719739
ood,test_ood,penobscot_000_xl_0426,penobscot,34,33,21,True,-26.240760816251083,0.963422666028079
ood,test_ood,penobscot_000_xl_0426,penobscot,34,34,21,True,-21.04223410446488,0.7725601182857316
ood,test_ood,penobscot_000_xl_0426,penobscot,34,35,21,True,-26.7195899416732,0.9810027520559343
ood,test_ood,penobscot_000_xl_0426,penobscot,34,36,21,True,-25.179532877195133,0.9244599599743891
ood,test_ood,penobscot_000_xl_0426,penobscot,34,37,21,True,-16.553869201057566,0.6077709754850572
ood,test_ood,penobscot_000_xl_0426,penobscot,34,38,21,True,-17.69331573652873,0.6496054568359269
ood,test_ood,penobscot_000_xl_0426,penobscot,34,39,21,True,-23.33539503332957,0.8567529216571191
ood,test_ood,penobscot_000_xl_0426,penobscot,34,40,21,True,-26.959917286317758,0.9898263076196708
ood,test_ood,penobscot_000_xl_0426,penobscot,34,41,21,True,-26.196000861316694,0.9617793159965708
ood,test_ood,penobscot_000_xl_0426,penobscot,34,42,21,True,-26.13668222071224,0.9596014476307679
ood,test_ood,penobscot_000_xl_0426,penobscot,34,43,21,True,-22.01250722733878,0.8081834420666351
ood,test_ood,penobscot_000_xl_0426,penobscot,34,44,21,True,-23.031467863991246,0.845594315174149
ood,test_ood,penobscot_000_xl_0426,penobscot,34,45,21,True,-26.995827434212785,0.9911447393017685
ood,test_ood,penobscot_000_xl_0426,penobscot,34,46,21,True,-24.64965425749528,0.905005605124039
ood,test_ood,penobscot_000_xl_0426,penobscot,34,47,21,True,-21.059758251165732,0.7732035127456948
ood,test_ood,penobscot_000_xl_0426,penobscot,34,48,21,True,-26.58964394577439,0.9762318188240379
ood,test_ood,penobscot_000_xl_0426,penobscot,34,49,21,True,-21.373651976076253,0.7847280387082004
ood,test_ood,penobscot_000_xl_0426,penobscot,34,50,21,True,-20.911645644945004,0.7677655971701229
ood,test_ood,penobscot_000_xl_0426,penobscot,34,51,21,True,-23.27353156342485,0.854481620549552
ood,test_ood,penobscot_000_xl_0426,penobscot,34,52,21,True,-21.213280621469465,0.7788400463938111
ood,test_ood,penobscot_000_xl_0426,penobscot,34,53,21,True,-23.4922310086407,0.8625111134458952
ood,test_ood,penobscot_000_xl_0426,penobscot,34,54,21,True,-17.318594448685474,0.6358476628192287
ood,test_ood,penobscot_000_xl_0426,penobscot,34,55,21,True,-23.45767685642895,0.8612424667904376
ood,test_ood,penobscot_000_xl_0426,penobscot,34,56,21,True,-26.781517608455083,0.9832764101350459
ood,test_ood,penobscot_000_xl_0426,penobscot,34,57,21,True,-26.741423073856524,0.981804349790203
ood,test_ood,penobscot_000_xl_0426,penobscot,34,58,21,True,-26.280204429771054,0.9648708279758702
ood,test_ood,penobscot_000_xl_0426,penobscot,34,59,21,True,-24.398263130198984,0.8957758456756924
ood,test_ood,penobscot_000_xl_0426,penobscot,34,60,21,True,-21.430495969581134,0.7868150510533697
ood,test_ood,penobscot_000_xl_0426,penobscot,34,61,21,True,-26.886190695876792,0.9871194551462543
ood,test_ood,penobscot_000_xl_0426,penobscot,34,62,21,True,-15.327146737318355,0.5627321812683805
ood,test_ood,penobscot_000_xl_0426,penobscot,34,63,21,True,-22.111647044917085,0.8118233345236278
ood,test_ood,penobscot_000_xl_0426,penobscot,34,64,21,True,-26.83786672074122,0.9853452530457818
ood,test_ood,penobscot_000_xl_0426,penobscot,34,65,21,True,-23.028081723284092,0.8454699939042558
ood,test_ood,penobscot_000_xl_0426,penobscot,34,66,21,True,-17.083440423084575,0.6272140443102963
ood,test_ood,penobscot_000_xl_0426,penobscot,34,67,21,True,-22.876615510638473,0.8399089515464502
ood,test_ood,penobscot_000_xl_0426,penobscot,34,68,21,True,-21.895874538092244,0.8039013034043163
ood,test_ood,penobscot_000_xl_0426,penobscot,34,69,21,True,-26.876940618509614,0.9867798409765107
ood,test_ood,penobscot_000_xl_0426,penobscot,34,70,21,True,-24.70202336466042,0.9069283231883457
ood,test_ood,penobscot_000_xl_0426,penobscot,34,71,21,True,-21.507179526184455,0.7896304677655839
ood,test_ood,penobscot_000_xl_0426,penobscot,34,72,21,True,-26.7195899416732,0.9810027520559343
ood,test_ood,penobscot_000_xl_0426,penobscot,34,73,21,True,-23.80718967741183,0.874074738543541
ood,test_ood,penobscot_000_xl_0426,penobscot,34,74,21,True,-20.48987828703187,0.7522805190030054
ood,test_ood,penobscot_000_xl_0426,penobscot,34,75,21,True,-21.724770217250846,0.7976192530434958
ood,test_ood,penobscot_000_xl_0426,penobscot,34,76,21,True,-22.86347914189951,0.8394266532060538
ood,test_ood,penobscot_000_xl_0426,penobscot,34,77,21,True,-26.089188729365638,0.9578577365252655
ood,test_ood,penobscot_000_xl_0426,penobscot,34,78,21,True,-24.00945315114166,0.8815007890481519
ood,test_ood,penobscot_000_xl_0426,penobscot,34,79,21,True,-26.359103273116613,0.9677675783610741
ood,test_ood,penobscot_000_xl_0426,penobscot,34,80,21,True,-26.81885463799832,0.9846472294034351
ood,test_ood,penobscot_000_xl_0426,penobscot,34,81,21,True,-21.32089485346002,0.7827910747581525
ood,test_ood,penobscot_000_xl_0426,penobscot,34,82,21,True,-23.741243684204214,0.8716535486613256
ood,test_ood,penobscot_000_xl_0426,penobscot,34,83,21,True,-24.702345139990555,0.9069401370853815
ood,test_ood,penobscot_000_xl_0426,penobscot,34,84,21,True,-26.953076463627525,0.989575148604877
ood,test_ood,penobscot_000_xl_0426,penobscot,34,85,21,True,-22.704042260757163,0.8335729698403551
ood,test_ood,penobscot_000_xl_0426,penobscot,34,86,21,True,-26.782933887343347,0.983328408443781
ood,test_ood,penobscot_000_xl_0426,penobscot,34,87,21,True,-17.149431560124857,0.6296368916365139
ood,test_ood,penobscot_000_xl_0426,penobscot,34,88,21,True,-21.241968573886886,0.7798933170590338
ood,test_ood,penobscot_000_xl_0426,penobscot,34,89,21,True,-24.311874817405524,0.8926041213797415
ood,test_ood,penobscot_000_xl_0426,penobscot,34,90,21,True,-26.844245548671175,0.9855794500438586
ood,test_ood,penobscot_000_xl_0426,penobscot,34,91,21,True,-26.706700345709528,0.9805295139134012
ood,test_ood,penobscot_000_xl_0426,penobscot,34,92,21,True,-23.952964869432137,0.8794268365684573
ood,test_ood,penobscot_000_xl_0426,penobscot,34,93,21,True,-25.121610531313664,0.9223333562039236
ood,test_ood,penobscot_000_xl_0426,penobscot,34,94,21,True,-22.737186616484884,0.8347898561868519
ood,test_ood,penobscot_000_xl_0426,penobscot,34,95,21,True,-24.996901991052653,0.9177547147851
ood,test_ood,penobscot_000_xl_0426,penobscot,34,96,21,True,-22.2870067899676,0.8182616216706203
ood,test_ood,penobscot_000_xl_0426,penobscot,34,97,21,True,-26.165170629179144,0.9606473920920694
ood,test_ood,penobscot_000_xl_0426,penobscot,34,98,21,True,-23.35941161661915,0.8576346842273339
ood,test_ood,penobscot_000_xl_0426,penobscot,34,99,21,True,-26.498201982623797,0.9728745510777904
ood,test_ood,penobscot_000_xl_0432,penobscot,35,0,21,True,-16.808733484553574,0.638236009073749
ood,test_ood,penobscot_000_xl_0432,penobscot,35,1,21,True,-19.903952320244994,0.7557630148244774
ood,test_ood,penobscot_000_xl_0432,penobscot,35,2,21,True,-19.825733458096977,0.7527930055458179
ood,test_ood,penobscot_000_xl_0432,penobscot,35,3,21,True,-22.34697824370896,0.8485259298226959
ood,test_ood,penobscot_000_xl_0432,penobscot,35,4,21,True,-25.67450428608855,0.9748737562861791
ood,test_ood,penobscot_000_xl_0432,penobscot,35,5,21,True,-21.588352701437096,0.8197205389271864
ood,test_ood,penobscot_000_xl_0432,penobscot,35,6,21,True,-25.221183751044187,0.9576609490640431
ood,test_ood,penobscot_000_xl_0432,penobscot,35,7,21,True,-20.11484750341579,0.7637708103055288
ood,test_ood,penobscot_000_xl_0432,penobscot,35,8,21,True,-25.475936493321083,0.9673340379782559
ood,test_ood,penobscot_000_xl_0432,penobscot,35,9,21,True,-21.50021619393255,0.8163739516988807
ood,test_ood,penobscot_000_xl_0432,penobscot,35,10,21,True,-20.820548911746585,0.7905666453911808
ood,test_ood,penobscot_000_xl_0432,penobscot,35,11,21,True,-22.014660129979074,0.8359076449980372
ood,test_ood,penobscot_000_xl_0432,penobscot,35,12,21,True,-24.24781896652154,0.9207018018434893
ood,test_ood,penobscot_000_xl_0432,penobscot,35,13,21,True,-25.95821480569539,0.9856463864746767
ood,test_ood,penobscot_000_xl_0432,penobscot,35,14,21,True,-22.901261938994256,0.8695723586865143
ood,test_ood,penobscot_000_xl_0432,penobscot,35,15,21,True,-21.559396073941315,0.8186210413126801
ood,test_ood,penobscot_000_xl_0432,penobscot,35,16,21,True,-22.89642682378677,0.8693887669461685
ood,test_ood,penobscot_000_xl_0432,penobscot,35,17,21,True,-22.000478094801025,0.8353691460361194
ood,test_ood,penobscot_000_xl_0432,penobscot,35,18,21,True,-24.208702346549472,0.919216524238108
ood,test_ood,penobscot_000_xl_0432,penobscot,35,19,21,True,-22.51897984442326,0.8550569165442756
ood,test_ood,penobscot_000_xl_0432,penobscot,35,20,21,True,-23.577356516572593,0.8952440076151224
ood,test_ood,penobscot_000_xl_0432,penobscot,35,21,21,True,-18.660395043669755,0.7085445236760898
ood,test_ood,penobscot_000_xl_0432,penobscot,35,22,21,True,-26.122101746999018,0.9918692555238556
ood,test_ood,penobscot_000_xl_0432,penobscot,35,23,21,True,-25.91249048922722,0.9839102113317316
ood,test_ood,penobscot_000_xl_0432,penobscot,35,24,21,True,-21.314255372451598,0.8093129263899157
ood,test_ood,penobscot_000_xl_0432,penobscot,35,25,21,True,-21.35560981874468,0.81088317537886
ood,test_ood,penobscot_000_xl_0432,penobscot,35,26,21,True,-23.62411302167053,0.897019375476084
ood,test_ood,penobscot_000_xl_0432,penobscot,35,27,21,True,-23.344135107639758,0.8863884741863465
ood,test_ood,penobscot_000_xl_0432,penobscot,35,28,21,True,-22.43668308056423,0.8519320673000811
ood,test_ood,penobscot_000_xl_0432,penobscot,35,29,21,True,-15.97660558060299,0.6066396967790496
ood,test_ood,penobscot_000_xl_0432,penobscot,35,30,21,True,-24.30114162310696,0.9227264897572789
ood,test_ood,penobscot_000_xl_0432,penobscot,35,31,21,True,-19.759251864744517,0.7502686662279787
ood,test_ood,penobscot_000_xl_0432,penobscot,35,32,21,True,-22.352876731449946,0.8487498983494645
ood,test_ood,penobscot_000_xl_0432,penobscot,35,33,21,True,-23.99769021370778,0.9112042881196174
ood,test_ood,penobscot_000_xl_0432,penobscot,35,34,21,True,-23.910667859280743,0.9079000058403633
ood,test_ood,penobscot_000_xl_0432,penobscot,35,35,21,True,-23.632812507221054,0.8973496992892291
ood,test_ood,penobscot_000_xl_0432,penobscot,35,36,21,True,-22.43890211660318,0.8520163252072454
ood,test_ood,penobscot_000_xl_0432,penobscot,35,37,21,True,-25.633676211340322,0.9733234938878005
ood,test_ood,penobscot_000_xl_0432,penobscot,35,38,21,True,-20.083199893428343,0.762569134741235
ood,test_ood,penobscot_000_xl_0432,penobscot,35,39,21,True,-25.4276147154239,0.9654992359270017
ood,test_ood,penobscot_000_xl_0432,penobscot,35,40,21,True,-21.589208990146012,0.8197530526373182
ood,test_ood,penobscot_000_xl_0432,penobscot,35,41,21,True,-25.4276147154239,0.9654992359270017
ood,test_ood,penobscot_000_xl_0432,penobscot,35,42,21,True,-19.44049984665499,0.7381654928332306
ood,test_ood,penobscot_000_xl_0432,penobscot,35,43,21,True,-21.458640228740606,0.8147952915266626
ood,test_ood,penobscot_000_xl_0432,penobscot,35,44,21,True,-19.759251864744517,0.7502686662279787
ood,test_ood,penobscot_000_xl_0432,penobscot,35,45,21,True,-19.68470184491577,0.7474379647253584
ood,test_ood,penobscot_000_xl_0432,penobscot,35,46,21,True,-19.502059183377327,0.7405029316073647
ood,test_ood,penobscot_000_xl_0432,penobscot,35,47,21,True,-20.0983904771861,0.7631459287966564
ood,test_ood,penobscot_000_xl_0432,penobscot,35,48,21,True,-23.009241070351106,0.8736723802570732
ood,test_ood,penobscot_000_xl_0432,penobscot,35,49,21,True,-20.40824331774825,0.7749111959741202
ood,test_ood,penobscot_000_xl_0432,penobscot,35,50,21,True,-26.109378932389617,0.9913861638960453
ood,test_ood,penobscot_000_xl_0432,penobscot,35,51,21,True,-22.159301357106642,0.8413997446636223
ood,test_ood,penobscot_000_xl_0432,penobscot,35,52,21,True,-17.399771822487033,0.6606780300837723
ood,test_ood,penobscot_000_xl_0432,penobscot,35,53,21,True,-22.411107252032707,0.8509609403115
ood,test_ood,penobscot_000_xl_0432,penobscot,35,54,21,True,-23.75321197226333,0.9019213271357779
ood,test_ood,penobscot_000_xl_0432,penobscot,35,55,21,True,-19.18096949118356,0.7283109955588346
ood,test_ood,penobscot_000_xl_0432,penobscot,35,56,21,True,-19.161645045566353,0.7275772367030814
ood,test_ood,penobscot_000_xl_0432,penobscot,35,57,21,True,-25.922732450063712,0.9842991037021994
ood,test_ood,penobscot_000_xl_0432,penobscot,35,58,21,True,-18.98063933803903,0.720704359546812
ood,test_ood,penobscot_000_xl_0432,penobscot,35,59,21,True,-19.71328781586921,0.7485233883257497
ood,test_ood,penobscot_000_xl_0432,penobscot,35,60,21,True,-23.613920470634056,0.8966323592204107
ood,test_ood,penobscot_000_xl_0432,penobscot,35,61,21,True,-17.854962314499403,0.677961840506328
ood,test_ood,penobscot_000_xl_0432,penobscot,35,62,21,True,-23.414676819482054,0.8890669782319267
ood,test_ood,penobscot_000_xl_0432,penobscot,35,63,21,True,-19.759251864744517,0.7502686662279787
ood,test_ood,penobscot_000_xl_0432,penobscot,35,64,21,True,-20.684185700227097,0.7853888661144339
ood,test_ood,penobscot_000_xl_0432,penobscot,35,65,21,True,-20.40711778343507,0.7748684588738635
ood,test_ood,penobscot_000_xl_0432,penobscot,35,66,21,True,-18.584057972258226,0.7056459669319517
ood,test_ood,penobscot_000_xl_0432,penobscot,35,67,21,True,-25.901734248603226,0.9835017915007666
ood,test_ood,penobscot_000_xl_0432,penobscot,35,68,21,True,-20.194076146868838,0.7667791614848889
ood,test_ood,penobscot_000_xl_0432,penobscot,35,69,21,True,-24.48828929425862,0.9298325803412628
ood,test_ood,penobscot_000_xl_0432,penobscot,35,70,21,True,-22.386177081410416,0.8500143292763428
ood,test_ood,penobscot_000_xl_0432,penobscot,35,71,21,True,-19.512480640623743,0.7408986395462053
ood,test_ood,penobscot_000_xl_0432,penobscot,35,72,21,True,-25.913985183810823,0.9839669656319118
ood,test_ood,penobscot_000_xl_0432,penobscot,35,73,21,True,-21.24201774425213,0.8065700275528712
ood,test_ood,penobscot_000_xl_0432,penobscot,35,74,21,True,-21.811443112284174,0.8281913932965838
ood,test_ood,penobscot_000_xl_0432,penobscot,35,75,21,True,-19.88643754399437,0.755097970018794
ood,test_ood,penobscot_000_xl_0432,penobscot,35,76,21,True,-25.66047210287335,0.974340947278166
ood,test_ood,penobscot_000_xl_0432,penobscot,35,77,21,True,-23.777930917330533,0.9028599178310673
ood,test_ood,penobscot_000_xl_0432,penobscot,35,78,21,True,-25.435067212438856,0.9657822109623805
ood,test_ood,penobscot_000_xl_0432,penobscot,35,79,21,True,-20.978719962934328,0.7965724792366535
ood,test_ood,penobscot_000_xl_0432,penobscot,35,80,21,True,-19.69527641329697,0.7478394863704898
ood,test_ood,penobscot_000_xl_0432,penobscot,35,81,21,True,-18.574317937963443,0.7052761329630655
ood,test_ood,penobscot_000_xl_0432,penobscot,35,82,21,True,-24.140322562631763,0.9166201096760549
ood,test_ood,penobscot_000_xl_0432,penobscot,35,83,21,True,-22.424009257945947,0.8514508359226527
ood,test_ood,penobscot_000_xl_0432,penobscot,35,84,21,True,-16.79908408751045,0.6378696166465964
ood,test_ood,penobscot_000_xl_0432,penobscot,35,85,21,True,-19.68470184491577,0.7474379647253584
ood,test_ood,penobscot_000_xl_0432,penobscot,35,86,21,True,-26.05411664923799,0.989287827392381
ood,test_ood,penobscot_000_xl_0432,penobscot,35,87,21,True,-23.66756594446313,0.8986693046662413
ood,test_ood,penobscot_000_xl_0432,penobscot,35,88,21,True,-14.901033190571525,0.5657996757081922
ood,test_ood,penobscot_000_xl_0432,penobscot,35,89,21,True,-26.05411664923799,0.989287827392381
ood,test_ood,penobscot_000_xl_0432,penobscot,35,90,21,True,-21.05763645477513,0.7995689778633264
ood,test_ood,penobscot_000_xl_0432,penobscot,35,91,21,True,-23.428179317335776,0.8895796748221015
ood,test_ood,penobscot_000_xl_0432,penobscot,35,92,21,True,-24.068174029006997,0.9138805938045284
ood,test_ood,penobscot_000_xl_0432,penobscot,35,93,21,True,-25.768511482563632,0.9784432565080491
ood,test_ood,penobscot_000_xl_0432,penobscot,35,94,21,True,-25.957219692347557,0.9856086015236402
ood,test_ood,penobscot_000_xl_0432,penobscot,35,95,21,True,-20.70168635322736,0.7860533746532441
ood,test_ood,penobscot_000_xl_0432,penobscot,35,96,21,True,-18.574317937963443,0.7052761329630655
ood,test_ood,penobscot_000_xl_0432,penobscot,35,97,21,True,-23.66756594446313,0.8986693046662413
ood,test_ood,penobscot_000_xl_0432,penobscot,35,98,21,True,-25.654182506198325,0.9741021281497505
ood,test_ood,penobscot_000_xl_0432,penobscot,35,99,21,True,-25.798668957866,0.9795883509137882
ood,test_ood,penobscot_000_xl_0442,penobscot,36,0,21,True,-22.502803599109306,0.8659898078431499
ood,test_ood,penobscot_000_xl_0442,penobscot,36,1,21,True,-22.50813088800851,0.8661948213149079
ood,test_ood,penobscot_000_xl_0442,penobscot,36,2,21,True,-21.324091497709617,0.8206286748759708
ood,test_ood,penobscot_000_xl_0442,penobscot,36,3,21,True,-16.536013422097504,0.6363659986998584
ood,test_ood,penobscot_000_xl_0442,penobscot,36,4,21,True,-17.672910081142817,0.6801179212088894
ood,test_ood,penobscot_000_xl_0442,penobscot,36,5,21,True,-20.810130883303977,0.8008495992711111
ood,test_ood,penobscot_000_xl_0442,penobscot,36,6,21,True,-25.675536283633342,0.9880881124258463
ood,test_ood,penobscot_000_xl_0442,penobscot,36,7,21,True,-25.494197611368335,0.9811095401222815
ood,test_ood,penobscot_000_xl_0442,penobscot,36,8,21,True,-18.874990809363055,0.7263783640136515
ood,test_ood,penobscot_000_xl_0442,penobscot,36,9,21,True,-20.146741941163867,0.7753199775953514
ood,test_ood,penobscot_000_xl_0442,penobscot,36,10,21,True,-25.452652953537424,0.9795107504384342
ood,test_ood,penobscot_000_xl_0442,penobscot,36,11,21,True,-25.09684558682374,0.9658179875890194
ood,test_ood,penobscot_000_xl_0442,penobscot,36,12,21,True,-20.545520878208805,0.7906664429165486
ood,test_ood,penobscot_000_xl_0442,penobscot,36,13,21,True,-16.752129744945204,0.6446829416118987
ood,test_ood,penobscot_000_xl_0442,penobscot,36,14,21,True,-22.50813088800851,0.8661948213149079
ood,test_ood,penobscot_000_xl_0442,penobscot,36,15,21,True,-25.256772399845243,0.9719725535953161
ood,test_ood,penobscot_000_xl_0442,penobscot,36,16,21,True,-25.76706103612618,0.9916103181134658
ood,test_ood,penobscot_000_xl_0442,penobscot,36,17,21,True,-25.04596083707394,0.9638597571639127
ood,test_ood,penobscot_000_xl_0442,penobscot,36,18,21,True,-18.986783878457246,0.7306805683144039
ood,test_ood,penobscot_000_xl_0442,penobscot,36,19,21,True,-22.92625266172599,0.882285669412208
ood,test_ood,penobscot_000_xl_0442,penobscot,36,20,21,True,-25.26382620658629,0.9722440097593157
ood,test_ood,penobscot_000_xl_0442,penobscot,36,21,21,True,-21.30751703010097,0.8199908290201734
ood,test_ood,penobscot_000_xl_0442,penobscot,36,22,21,True,-22.67806324816069,0.872734437201719
ood,test_ood,penobscot_000_xl_0442,penobscot,36,23,21,True,-25.432555066436535,0.9787373105729572
ood,test_ood,penobscot_000_xl_0442,penobscot,36,24,21,True,-19.627468888391522,0.7553364600212905
ood,test_ood,penobscot_000_xl_0442,penobscot,36,25,21,True,-18.920716169605676,0.7281380423468721
ood,test_ood,penobscot_000_xl_0442,penobscot,36,26,21,True,-25.801988924895838,0.9929544704343436
ood,test_ood,penobscot_000_xl_0442,penobscot,36,27,21,True,-20.141539208558655,0.7751197575032551
ood,test_ood,penobscot_000_xl_0442,penobscot,36,28,21,True,-20.307120689608002,0.7814919357220607
ood,test_ood,penobscot_000_xl_0442,penobscot,36,29,21,True,-20.241542014282473,0.7789682295450218
ood,test_ood,penobscot_000_xl_0442,penobscot,36,30,21,True,-19.03250590782727,0.7324401184635203
ood,test_ood,penobscot_000_xl_0442,penobscot,36,31,21,True,-25.38025495240277,0.9767246117773245
ood,test_ood,penobscot_000_xl_0442,penobscot,36,32,21,True,-23.45348359208994,0.9025754350880242
ood,test_ood,penobscot_000_xl_0442,penobscot,36,33,21,True,-22.1614766670043,0.8528543048360042
ood,test_ood,penobscot_000_xl_0442,penobscot,36,34,21,True,-25.627663925508756,0.9862458097976108
ood,test_ood,penobscot_000_xl_0442,penobscot,36,35,21,True,-20.014546762118293,0.770232625826259
ood,test_ood,penobscot_000_xl_0442,penobscot,36,36,21,True,-25.577682278566613,0.9843223340564449
ood,test_ood,penobscot_000_xl_0442,penobscot,36,37,21,True,-24.815007581611642,0.9549718350684426
ood,test_ood,penobscot_000_xl_0442,penobscot,36,38,21,True,-21.328905565502502,0.8208139377310872
ood,test_ood,penobscot_000_xl_0442,penobscot,36,39,21,True,-25.42398239632568,0.9784074030168026
ood,test_ood,penobscot_000_xl_0442,penobscot,36,40,21,True,-23.179803169347153,0.8920432160399565
ood,test_ood,penobscot_000_xl_0442,penobscot,36,41,21,True,-21.770755402135922,0.8378179280755105
ood,test_ood,penobscot_000_xl_0442,penobscot,36,42,21,True,-22.262040219965936,0.8567243564729797
ood,test_ood,penobscot_000_xl_0442,penobscot,36,43,21,True,-23.48846047380415,0.9039214728357756
ood,test_ood,penobscot_000_xl_0442,penobscot,36,44,21,True,-21.803352313630743,0.8390723759045267
ood,test_ood,penobscot_000_xl_0442,penobscot,36,45,21,True,-25.63217130743521,0.9864192702640444
ood,test_ood,penobscot_000_xl_0442,penobscot,36,46,21,True,-25.714584727057687,0.9895908386914287
ood,test_ood,penobscot_000_xl_0442,penobscot,36,47,21,True,-20.873114138282173,0.8032734242241079
ood,test_ood,penobscot_000_xl_0442,penobscot,36,48,21,True,-18.996457152123714,0.7310528311023159
ood,test_ood,penobscot_000_xl_0442,penobscot,36,49,21,True,-16.94639503227467,0.6521589771247224
ood,test_ood,penobscot_000_xl_0442,penobscot,36,50,21,True,-21.738770119676325,0.8365870179585116
ood,test_ood,penobscot_000_xl_0442,penobscot,36,51,21,True,-19.212728915701025,0.7393757559395405
ood,test_ood,penobscot_000_xl_0442,penobscot,36,52,21,True,-25.76773101109429,0.9916361011893983
ood,test_ood,penobscot_000_xl_0442,penobscot,36,53,21,True,-21.74711438314091,0.8369081355953631
ood,test_ood,penobscot_000_xl_0442,penobscot,36,54,21,True,-21.120440883877322,0.8127914578304133
ood,test_ood,penobscot_000_xl_0442,penobscot,36,55,21,True,-22.431589810318016,0.8632492419843428
ood,test_ood,penobscot_000_xl_0442,penobscot,36,56,21,True,-16.64556995046793,0.6405821327710469
ood,test_ood,penobscot_000_xl_0442,penobscot,36,57,21,True,-14.563718939111041,0.5604649265152728
ood,test_ood,penobscot_000_xl_0442,penobscot,36,58,21,True,-23.159226318677824,0.891251343912616
ood,test_ood,penobscot_000_xl_0442,penobscot,36,59,21,True,-14.98589439395654,0.576711775020506
ood,test_ood,penobscot_000_xl_0442,penobscot,36,60,21,True,-25.567660611317564,0.9839366638150882
ood,test_ood,penobscot_000_xl_0442,penobscot,36,61,21,True,-21.095623462104832,0.8118363930884906
ood,test_ood,penobscot_000_xl_0442,penobscot,36,62,21,True,-21.469484079743395,0.826223910759478
ood,test_ood,penobscot_000_xl_0442,penobscot,36,63,21,True,-17.16072624821718,0.6604072226240605
ood,test_ood,penobscot_000_xl_0442,penobscot,36,64,21,True,-25.693700093071968,0.988787121941535
ood,test_ood,penobscot_000_xl_0442,penobscot,36,65,21,True,-20.673198455597202,0.7955799409267625
ood,test_ood,penobscot_000_xl_0442,penobscot,36,66,21,True,-22.15792830476864,0.8527177509387494
ood,test_ood,penobscot_000_xl_0442,penobscot,36,67,21,True,-20.73875104311661,0.7981026431500446
ood,test_ood,penobscot_000_xl_0442,penobscot,36,68,21,True,-25.065273779520396,0.9646029895013606
ood,test_ood,penobscot_000_xl_0442,penobscot,36,69,21,True,-19.51061311227471,0.7508394243226468
ood,test_ood,penobscot_000_xl_0442,penobscot,36,70,21,True,-20.605709282713388,0.792982711848184
ood,test_ood,penobscot_000_xl_0442,penobscot,36,71,21,True,-19.968845787552524,0.7684738859426643
ood,test_ood,penobscot_000_xl_0442,penobscot,36,72,21,True,-23.855841202620518,0.9180596207937286
ood,test_ood,penobscot_000_xl_0442,penobscot,36,73,21,True,-25.575309342938308,0.9842310148543851
ood,test_ood,penobscot_000_xl_0442,penobscot,36,74,21,True,-25.324237214292715,0.9745688452725833
ood,test_ood,penobscot_000_xl_0442,penobscot,36,75,21,True,-16.843313351988716,0.6481920187806289
ood,test_ood,penobscot_000_xl_0442,penobscot,36,76,21,True,-25.653192112140033,0.9872282273589623
ood,test_ood,penobscot_000_xl_0442,penobscot,36,77,21,True,-20.45790003115937,0.7872944737232348
ood,test_ood,penobscot_000_xl_0442,penobscot,36,78,21,True,-22.52053306250076,0.8666721021416315
ood,test_ood,penobscot_000_xl_0442,penobscot,36,79,21,True,-16.829178387652547,0.6476480538921904
ood,test_ood,penobscot_000_xl_0442,penobscot,36,80,21,True,-15.979143455650632,0.6149356150095332
ood,test_ood,penobscot_000_xl_0442,penobscot,36,81,21,True,-20.769061482809718,0.7992690992198349
ood,test_ood,penobscot_000_xl_0442,penobscot,36,82,21,True,-21.925680603450854,0.8437800138541062
ood,test_ood,penobscot_000_xl_0442,penobscot,36,83,21,True,-23.27788487004529,0.8958177569662205
ood,test_ood,penobscot_000_xl_0442,penobscot,36,84,21,True,-18.35290416485162,0.7062865691861027
ood,test_ood,penobscot_000_xl_0442,penobscot,36,85,21,True,-21.493713261871243,0.8271563378982866
ood,test_ood,penobscot_000_xl_0442,penobscot,36,86,21,True,-19.64919151977155,0.7561724259617915
ood,test_ood,penobscot_000_xl_0442,penobscot,36,87,21,True,-21.80857304832437,0.8392732887825252
ood,test_ood,penobscot_000_xl_0442,penobscot,36,88,21,True,-23.087385177454617,0.8884866352482441
ood,test_ood,penobscot_000_xl_0442,penobscot,36,89,21,True,-23.725626830020502,0.9130484976681297
ood,test_ood,penobscot_000_xl_0442,penobscot,36,90,21,True,-23.504095059904728,0.9045231486293415
ood,test_ood,penobscot_000_xl_0442,penobscot,36,91,21,True,-20.57644215405665,0.7918564061854276
ood,test_ood,penobscot_000_xl_0442,penobscot,36,92,21,True,-25.45075133992765,0.9794375694235766
ood,test_ood,penobscot_000_xl_0442,penobscot,36,93,21,True,-22.29015592033464,0.8578063509832383
ood,test_ood,penobscot_000_xl_0442,penobscot,36,94,21,True,-22.928710278722114,0.8823802474615986
ood,test_ood,penobscot_000_xl_0442,penobscot,36,95,21,True,-24.728613333598233,0.951647069871681
ood,test_ood,penobscot_000_xl_0442,penobscot,36,96,21,True,-25.633304309070326,0.9864628722918518
ood,test_ood,penobscot_000_xl_0442,penobscot,36,97,21,True,-22.579482082009992,0.8689406750264503
ood,test_ood,penobscot_000_xl_0442,penobscot,36,98,21,True,-23.159226318677824,0.891251343912616
ood,test_ood,penobscot_000_xl_0442,penobscot,36,99,21,True,-25.716110146948992,0.9896495424024011
ood,test_ood,penobscot_000_xl_0448,penobscot,37,0,21,True,-22.22337571938342,0.8270386877760638
ood,test_ood,penobscot_000_xl_0448,penobscot,37,1,21,True,-25.75875862098728,0.9586072880035326
ood,test_ood,penobscot_000_xl_0448,penobscot,37,2,21,True,-23.162853714762136,0.8620011821470165
ood,test_ood,penobscot_000_xl_0448,penobscot,37,3,21,True,-23.444949800500332,0.8724993341614374
ood,test_ood,penobscot_000_xl_0448,penobscot,37,4,21,True,-15.90142162806389,0.5917683723259644
ood,test_ood,penobscot_000_xl_0448,penobscot,37,5,21,True,-26.260740892739406,0.9772884624821078
ood,test_ood,penobscot_000_xl_0448,penobscot,37,6,21,True,-22.366799801648657,0.832376187636118
ood,test_ood,penobscot_000_xl_0448,penobscot,37,7,21,True,-26.463592072455402,0.9848375304367032
ood,test_ood,penobscot_000_xl_0448,penobscot,37,8,21,True,-25.68916763947962,0.9560174729028077
ood,test_ood,penobscot_000_xl_0448,penobscot,37,9,21,True,-25.723393955333698,0.9572911987178591
ood,test_ood,penobscot_000_xl_0448,penobscot,37,10,21,True,-24.529939888654276,0.9128770333052363
ood,test_ood,penobscot_000_xl_0448,penobscot,37,11,21,True,-22.976908764979598,0.8550812763141413
ood,test_ood,penobscot_000_xl_0448,penobscot,37,12,21,True,-26.45619957024924,0.984562419877391
ood,test_ood,penobscot_000_xl_0448,penobscot,37,13,21,True,-26.539661747041038,0.9876684488643657
ood,test_ood,penobscot_000_xl_0448,penobscot,37,14,21,True,-22.39086072515759,0.8332716103143272
ood,test_ood,penobscot_000_xl_0448,penobscot,37,15,21,True,-20.59184216749597,0.7663214778951771
ood,test_ood,penobscot_000_xl_0448,penobscot,37,16,21,True,-24.57455126456815,0.914537237149224
ood,test_ood,penobscot_000_xl_0448,penobscot,37,17,21,True,-22.756970984455627,0.846896333770139
ood,test_ood,penobscot_000_xl_0448,penobscot,37,18,21,True,-21.89744642918679,0.8149092914199159
ood,test_ood,penobscot_000_xl_0448,penobscot,37,19,21,True,-20.585522284733916,0.7660862846638501
ood,test_ood,penobscot_000_xl_0448,penobscot,37,20,21,True,-20.191575715833096,0.7514256382565879
ood,test_ood,penobscot_000_xl_0448,penobscot,37,21,21,True,-24.476175101029845,0.9108761869906647
ood,test_ood,penobscot_000_xl_0448,penobscot,37,22,21,True,-26.45779582537675,0.9846218242074389
ood,test_ood,penobscot_000_xl_0448,penobscot,37,23,21,True,-24.109110113930264,0.8972159335218547
ood,test_ood,penobscot_000_xl_0448,penobscot,37,24,21,True,-23.174006254717515,0.862416221793852
ood,test_ood,penobscot_000_xl_0448,penobscot,37,25,21,True,-15.209979930724968,0.5660365014679261
ood,test_ood,penobscot_000_xl_0448,penobscot,37,26,21,True,-21.069580834616414,0.7841004312524095
ood,test_ood,penobscot_000_xl_0448,penobscot,37,27,21,True,-22.059841925528666,0.8209528088355975
ood,test_ood,penobscot_000_xl_0448,penobscot,37,28,21,True,-19.80591315951578,0.7370732797972546
ood,test_ood,penobscot_000_xl_0448,penobscot,37,29,21,True,-19.501425081943836,0.7257418140785288
ood,test_ood,penobscot_000_xl_0448,penobscot,37,30,21,True,-21.790498339870368,0.8109292386788166
ood,test_ood,penobscot_000_xl_0448,penobscot,37,31,21,True,-21.089545008042275,0.7848433941578269
ood,test_ood,penobscot_000_xl_0448,penobscot,37,32,21,True,-19.32683076496203,0.7192443198799383
ood,test_ood,penobscot_000_xl_0448,penobscot,37,33,21,True,-21.293063485063506,0.7924172954543351
ood,test_ood,penobscot_000_xl_0448,penobscot,37,34,21,True,-25.105943367036765,0.9343128928673101
ood,test_ood,penobscot_000_xl_0448,penobscot,37,35,21,True,-24.323136701912667,0.9051808921631186
ood,test_ood,penobscot_000_xl_0448,penobscot,37,36,21,True,-20.101620129160686,0.7480779582596744
ood,test_ood,penobscot_000_xl_0448,penobscot,37,37,21,True,-21.9707431587321,0.8176370152269049
ood,test_ood,penobscot_000_xl_0448,penobscot,37,38,21,True,-17.918489722216204,0.6668331766476444
ood,test_ood,penobscot_000_xl_0448,penobscot,37,39,21,True,-24.929652408747295,0.9277522584861285
ood,test_ood,penobscot_000_xl_0448,penobscot,37,40,21,True,-22.268408740139563,0.8287145830524183
ood,test_ood,penobscot_000_xl_0448,penobscot,37,41,21,True,-21.78796388591355,0.8108349194583186
ood,test_ood,penobscot_000_xl_0448,penobscot,37,42,21,True,-24.33654247164707,0.905679785326325
ood,test_ood,penobscot_000_xl_0448,penobscot,37,43,21,True,-20.18854251099935,0.7513127581173539
ood,test_ood,penobscot_000_xl_0448,penobscot,37,44,21,True,-19.246900171788834,0.7162697181035996
ood,test_ood,penobscot_000_xl_0448,penobscot,37,45,21,True,-19.97162483531805,0.7432402081989169
ood,test_ood,penobscot_000_xl_0448,penobscot,37,46,21,True,-26.405021788332256,0.9826578484866914
ood,test_ood,penobscot_000_xl_0448,penobscot,37,47,21,True,-21.42182297687417,0.7972090553782304
ood,test_ood,penobscot_000_xl_0448,penobscot,37,48,21,True,-17.588243741195015,0.6545431354659683
ood,test_ood,penobscot_000_xl_0448,penobscot,37,49,21,True,-21.1944921530491,0.788748982138171
ood,test_ood,penobscot_000_xl_0448,penobscot,37,50,21,True,-22.76854393018222,0.8473270187375485
ood,test_ood,penobscot_000_xl_0448,penobscot,37,51,21,True,-26.213941114240743,0.9755468176534154
ood,test_ood,penobscot_000_xl_0448,penobscot,37,52,21,True,-20.44427218270678,0.7608296890636207
ood,test_ood,penobscot_000_xl_0448,penobscot,37,53,21,True,-20.066168204422343,0.7467586216438081
ood,test_ood,penobscot_000_xl_0448,penobscot,37,54,21,True,-20.906672374044575,0.7780378239707698
ood,test_ood,penobscot_000_xl_0448,penobscot,37,55,21,True,-20.092384998546528,0.7477342746356822
ood,test_ood,penobscot_000_xl_0448,penobscot,37,56,21,True,-22.73028226477843,0.8459031181588405
ood,test_ood,penobscot_000_xl_0448,penobscot,37,57,21,True,-26.48245894360559,0.9855396574472676
ood,test_ood,penobscot_000_xl_0448,penobscot,37,58,21,True,-24.41325054512926,0.9085344616471329
ood,test_ood,penobscot_000_xl_0448,penobscot,37,59,21,True,-25.83310560898513,0.9613740969784723
ood,test_ood,penobscot_000_xl_0448,penobscot,37,60,21,True,-18.236111746840354,0.6786534197003155
ood,test_ood,penobscot_000_xl_0448,penobscot,37,61,21,True,-21.55204326237984,0.8020551784608049
ood,test_ood,penobscot_000_xl_0448,penobscot,37,62,21,True,-22.64629572390509,0.8427775750626062
ood,test_ood,penobscot_000_xl_0448,penobscot,37,63,21,True,-21.182670845202246,0.7883090544218371
ood,test_ood,penobscot_000_xl_0448,penobscot,37,64,21,True,-21.044886794886235,0.7831814472748078
ood,test_ood,penobscot_000_xl_0448,penobscot,37,65,21,True,-23.943750665242142,0.8910621131850498
ood,test_ood,penobscot_000_xl_0448,penobscot,37,66,21,True,-24.282104478146913,0.9036538857835179
ood,test_ood,penobscot_000_xl_0448,penobscot,37,67,21,True,-23.254319390579155,0.8654050598233622
ood,test_ood,penobscot_000_xl_0448,penobscot,37,68,21,True,-26.60323757726976,0.9900344112577733
ood,test_ood,penobscot_000_xl_0448,penobscot,37,69,21,True,-25.92724854218551,0.9648776082775916
ood,test_ood,penobscot_000_xl_0448,penobscot,37,70,21,True,-26.419584359022622,0.9831997917767878
ood,test_ood,penobscot_000_xl_0448,penobscot,37,71,21,True,-22.39252371190556,0.8333334980489
ood,test_ood,penobscot_000_xl_0448,penobscot,37,72,21,True,-24.06815467284199,0.8956917845949484
ood,test_ood,penobscot_000_xl_0448,penobscot,37,73,21,True,-17.526423112675886,0.6522424925693379
ood,test_ood,penobscot_000_xl_0448,penobscot,37,74,21,True,-21.0989916701798,0.7851949498871065
ood,test_ood,penobscot_000_xl_0448,penobscot,37,75,21,True,-21.020113993690877,0.782259532204305
ood,test_ood,penobscot_000_xl_0448,penobscot,37,76,21,True,-23.315361216136157,0.8676767197163318
ood,test_ood,penobscot_000_xl_0448,penobscot,37,77,21,True,-22.412244489230257,0.834067403014846
ood,test_ood,penobscot_000_xl_0448,penobscot,37,78,21,True,-20.491738042315966,0.7625961219737705
ood,test_ood,penobscot_000_xl_0448,penobscot,37,79,21,True,-22.759332149519658,0.8469842040775506
ood,test_ood,penobscot_000_xl_0448,penobscot,37,80,21,True,-17.572518240550025,0.6539579139594668
ood,test_ood,penobscot_000_xl_0448,penobscot,37,81,21,True,-21.45867573389377,0.7985805237002025
ood,test_ood,penobscot_000_xl_0448,penobscot,37,82,21,True,-20.792134917743397,0.7737753343851794
ood,test_ood,penobscot_000_xl_0448,penobscot,37,83,21,True,-16.890149686001322,0.6285636983794554
ood,test_ood,penobscot_000_xl_0448,penobscot,37,84,21,True,-25.68916763947962,0.9560174729028077
ood,test_ood,penobscot_000_xl_0448,penobscot,37,85,21,True,-26.0231827536128,0.968447781654198
ood,test_ood,penobscot_000_xl_0448,penobscot,37,86,21,True,-25.97748840065099,0.9667472750259742
ood,test_ood,penobscot_000_xl_0448,penobscot,37,87,21,True,-24.339825386634804,0.9058019583813022
ood,test_ood,penobscot_000_xl_0448,penobscot,37,88,21,True,-26.663729758003033,0.9922856162234854
ood,test_ood,penobscot_000_xl_0448,penobscot,37,89,21,True,-19.840603868421496,0.7383642879111292
ood,test_ood,penobscot_000_xl_0448,penobscot,37,90,21,True,-26.433328864007073,0.9837112909077029
ood,test_ood,penobscot_000_xl_0448,penobscot,37,91,21,True,-22.15165584301338,0.8243696462591716
ood,test_ood,penobscot_000_xl_0448,penobscot,37,92,21,True,-15.717253032293588,0.5849145731687743
ood,test_ood,penobscot_000_xl_0448,penobscot,37,93,21,True,-23.454994380923992,0.8728731413056691
ood,test_ood,penobscot_000_xl_0448,penobscot,37,94,21,True,-20.41473267847876,0.7597303820491157
ood,test_ood,penobscot_000_xl_0448,penobscot,37,95,21,True,-21.117115838418478,0.7858694373505066
ood,test_ood,penobscot_000_xl_0448,penobscot,37,96,21,True,-24.904170878252533,0.9268039681899548
ood,test_ood,penobscot_000_xl_0448,penobscot,37,97,21,True,-21.325400563749014,0.7936207136685738
ood,test_ood,penobscot_000_xl_0448,penobscot,37,98,21,True,-25.911536187165975,0.9642928759830331
ood,test_ood,penobscot_000_xl_0448,penobscot,37,99,21,True,-21.089087238963824,0.7848263583689027
ood,test_ood,penobscot_000_xl_0488,penobscot,38,0,21,True,-16.685735746239565,0.6764522723123841
ood,test_ood,penobscot_000_xl_0488,penobscot,38,1,21,True,-19.07967472982543,0.7735043585884608
ood,test_ood,penobscot_000_xl_0488,penobscot,38,2,21,True,-19.066019907095487,0.7729507818086194
ood,test_ood,penobscot_000_xl_0488,penobscot,38,3,21,True,-17.48635507986309,0.7089099820426199
ood,test_ood,penobscot_000_xl_0488,penobscot,38,4,21,True,-22.220333301665633,0.9008290183930172
ood,test_ood,penobscot_000_xl_0488,penobscot,38,5,21,True,-20.996750620818943,0.8512240565616296
ood,test_ood,penobscot_000_xl_0488,penobscot,38,6,21,True,-18.996997478257676,0.770152560649065
ood,test_ood,penobscot_000_xl_0488,penobscot,38,7,21,True,-24.266249720835557,0.9837720082471269
ood,test_ood,penobscot_000_xl_0488,penobscot,38,8,21,True,-16.259137684325793,0.6591576661449178
ood,test_ood,penobscot_000_xl_0488,penobscot,38,9,21,True,-20.121542105946745,0.8157424453437446
ood,test_ood,penobscot_000_xl_0488,penobscot,38,10,21,True,-20.60570254775032,0.8353706736701827
ood,test_ood,penobscot_000_xl_0488,penobscot,38,11,21,True,-20.984498555686955,0.8507273486294723
ood,test_ood,penobscot_000_xl_0488,penobscot,38,12,21,True,-19.6155884101769,0.7952307021162699
ood,test_ood,penobscot_000_xl_0488,penobscot,38,13,21,True,-20.638873897916326,0.8367154651457711
ood,test_ood,penobscot_000_xl_0488,penobscot,38,14,21,True,-19.581627811316697,0.7938539139052225
ood,test_ood,penobscot_000_xl_0488,penobscot,38,15,21,True,-22.429140930672332,0.9092942366648318
ood,test_ood,penobscot_000_xl_0488,penobscot,38,16,21,True,-19.617670305797667,0.7953151037300079
ood,test_ood,penobscot_000_xl_0488,penobscot,38,17,21,True,-21.166657327355637,0.858112202188877
ood,test_ood,penobscot_000_xl_0488,penobscot,38,18,21,True,-22.197433040284388,0.8999006245790742
ood,test_ood,penobscot_000_xl_0488,penobscot,38,19,21,True,-22.56507304694007,0.9148050268588013
ood,test_ood,penobscot_000_xl_0488,penobscot,38,20,21,True,-13.876299965862751,0.5625556335033997
ood,test_ood,penobscot_000_xl_0488,penobscot,38,21,21,True,-21.482835849991723,0.8709303172151653
ood,test_ood,penobscot_000_xl_0488,penobscot,38,22,21,True,-19.034361029324785,0.7716673071010876
ood,test_ood,penobscot_000_xl_0488,penobscot,38,23,21,True,-21.482835849991723,0.8709303172151653
ood,test_ood,penobscot_000_xl_0488,penobscot,38,24,21,True,-24.1459564039556,0.9788952267383599
ood,test_ood,penobscot_000_xl_0488,penobscot,38,25,21,True,-17.72127633201177,0.7184338662301216
ood,test_ood,penobscot_000_xl_0488,penobscot,38,26,21,True,-24.355824322086107,0.9874034299284316
ood,test_ood,penobscot_000_xl_0488,penobscot,38,27,21,True,-20.431426381318815,0.8283053868536241
ood,test_ood,penobscot_000_xl_0488,penobscot,38,28,21,True,-24.166985325643626,0.9797477550341737
ood,test_ood,penobscot_000_xl_0488,penobscot,38,29,21,True,-24.29374089349837,0.9848865210560984
ood,test_ood,penobscot_000_xl_0488,penobscot,38,30,21,True,-20.77400052011259,0.8421936000044725
ood,test_ood,penobscot_000_xl_0488,penobscot,38,31,21,True,-21.0295537736352,0.8525539210398309
ood,test_ood,penobscot_000_xl_0488,penobscot,38,32,21,True,-19.091760220941985,0.7739943134847949
ood,test_ood,penobscot_000_xl_0488,penobscot,38,33,21,True,-24.239451054554653,0.9826855701675388
ood,test_ood,penobscot_000_xl_0488,penobscot,38,34,21,True,-19.181480126905313,0.7776316259284024
ood,test_ood,penobscot_000_xl_0488,penobscot,38,35,21,True,-19.28641040959409,0.781885578480372
ood,test_ood,penobscot_000_xl_0488,penobscot,38,36,21,True,-21.71436639516113,0.8803167395924271
ood,test_ood,penobscot_000_xl_0488,penobscot,38,37,21,True,-22.469274261883925,0.9109212720863697
ood,test_ood,penobscot_000_xl_0488,penobscot,38,38,21,True,-16.88218035062959,0.6844162842711071
ood,test_ood,penobscot_000_xl_0488,penobscot,38,39,21,True,-21.564747512018386,0.8742510775789576
ood,test_ood,penobscot_000_xl_0488,penobscot,38,40,21,True,-21.40621832599045,0.8678241851873172
ood,test_ood,penobscot_000_xl_0488,penobscot,38,41,21,True,-16.63909563169686,0.6745614470024828
ood,test_ood,penobscot_000_xl_0488,penobscot,38,42,21,True,-18.700308361174557,0.7581245607769908
ood,test_ood,penobscot_000_xl_0488,penobscot,38,43,21,True,-24.266249720835557,0.9837720082471269
ood,test_ood,penobscot_000_xl_0488,penobscot,38,44,21,True,-24.316677005952595,0.9858163682994943
ood,test_ood,penobscot_000_xl_0488,penobscot,38,45,21,True,-17.892502624523573,0.7253755088649296
ood,test_ood,penobscot_000_xl_0488,penobscot,38,46,21,True,-14.806365127977223,0.6002611744444224
ood,test_ood,penobscot_000_xl_0488,penobscot,38,47,21,True,-17.89809952734239,0.7256024115132323
ood,test_ood,penobscot_000_xl_0488,penobscot,38,48,21,True,-22.681070578860428,0.919507654015524
ood,test_ood,penobscot_000_xl_0488,penobscot,38,49,21,True,-17.62042072811868,0.7143451042200739
ood,test_ood,penobscot_000_xl_0488,penobscot,38,50,21,True,-14.011665335509374,0.5680434473632409
ood,test_ood,penobscot_000_xl_0488,penobscot,38,51,21,True,-22.49164186935992,0.9118280717105178
ood,test_ood,penobscot_000_xl_0488,penobscot,38,52,21,True,-13.686810856405572,0.5548736025387387
ood,test_ood,penobscot_000_xl_0488,penobscot,38,53,21,True,-23.820948402828485,0.9657191580156073
ood,test_ood,penobscot_000_xl_0488,penobscot,38,54,21,True,-24.432610787947787,0.9905164109863196
ood,test_ood,penobscot_000_xl_0488,penobscot,38,55,21,True,-17.612260669106366,0.7140142892925796
ood,test_ood,penobscot_000_xl_0488,penobscot,38,56,21,True,-23.562841726221198,0.9552553192886066
ood,test_ood,penobscot_000_xl_0488,penobscot,38,57,21,True,-24.273912475892402,0.9840826620983693
ood,test_ood,penobscot_000_xl_0488,penobscot,38,58,21,True,-20.55353691316889,0.8332558396235519
ood,test_ood,penobscot_000_xl_0488,penobscot,38,59,21,True,-23.888620428876216,0.9684626328307516
ood,test_ood,penobscot_000_xl_0488,penobscot,38,60,21,True,-19.702045951263706,0.7987357558349766
ood,test_ood,penobscot_000_xl_0488,penobscot,38,61,21,True,-20.427382284584986,0.828141436131483
ood,test_ood,penobscot_000_xl_0488,penobscot,38,62,21,True,-21.720040236853915,0.8805467614005267
ood,test_ood,penobscot_000_xl_0488,penobscot,38,63,21,True,-24.32723716638236,0.9862444851429667
ood,test_ood,penobscot_000_xl_0488,penobscot,38,64,21,True,-24.137991863166732,0.978572338266644
ood,test_ood,penobscot_000_xl_0488,penobscot,38,65,21,True,-21.814084966733574,0.8843594054573187
ood,test_ood,penobscot_000_xl_0488,penobscot,38,66,21,True,-17.451744534726174,0.7075068445208532
ood,test_ood,penobscot_000_xl_0488,penobscot,38,67,21,True,-21.72841469998549,0.8808862684322156
ood,test_ood,penobscot_000_xl_0488,penobscot,38,68,21,True,-21.784450217883006,0.8831579904580494
ood,test_ood,penobscot_000_xl_0488,penobscot,38,69,21,True,-22.376902308474527,0.907176443645358
ood,test_ood,penobscot_000_xl_0488,penobscot,38,70,21,True,-20.231911975502346,0.8202169228370453
ood,test_ood,penobscot_000_xl_0488,penobscot,38,71,21,True,-17.285755943794953,0.7007775422460846
ood,test_ood,penobscot_000_xl_0488,penobscot,38,72,21,True,-17.134224259280273,0.6946343338268586
ood,test_ood,penobscot_000_xl_0488,penobscot,38,73,21,True,-17.10560201587355,0.6934739665595343
ood,test_ood,penobscot_000_xl_0488,penobscot,38,74,21,True,-19.896164492324644,0.8066054674374888
ood,test_ood,penobscot_000_xl_0488,penobscot,38,75,21,True,-22.163549287131854,0.8985269517507921
ood,test_ood,penobscot_000_xl_0488,penobscot,38,76,21,True,-19.67002774520931,0.7974377136886633
ood,test_ood,penobscot_000_xl_0488,penobscot,38,77,21,True,-20.638873897916326,0.8367154651457711
ood,test_ood,penobscot_000_xl_0488,penobscot,38,78,21,True,-19.67278409335303,0.7975494581147684
ood,test_ood,penobscot_000_xl_0488,penobscot,38,79,21,True,-17.579564597396633,0.7126887659629463
ood,test_ood,penobscot_000_xl_0488,penobscot,38,80,21,True,-21.47169821450195,0.8704787890985859
ood,test_ood,penobscot_000_xl_0488,penobscot,38,81,21,True,-19.64184302327278,0.7962950838706914
ood,test_ood,penobscot_000_xl_0488,penobscot,38,82,21,True,-19.565144414716897,0.7931856646140353
ood,test_ood,penobscot_000_xl_0488,penobscot,38,83,21,True,-19.118772412750907,0.7750894080498278
ood,test_ood,penobscot_000_xl_0488,penobscot,38,84,21,True,-22.2449587551719,0.9018273527927925
ood,test_ood,penobscot_000_xl_0488,penobscot,38,85,21,True,-20.809585762569675,0.8436362524884248
ood,test_ood,penobscot_000_xl_0488,penobscot,38,86,21,True,-24.22674770227908,0.9821705667152799
ood,test_ood,penobscot_000_xl_0488,penobscot,38,87,21,True,-19.612883800358656,0.7951210552007795
ood,test_ood,penobscot_000_xl_0488,penobscot,38,88,21,True,-24.435847150769174,0.990647615568356
ood,test_ood,penobscot_000_xl_0488,penobscot,38,89,21,True,-23.756568632604527,0.9631091537268386
ood,test_ood,penobscot_000_xl_0488,penobscot,38,90,21,True,-24.407932053048825,0.9895159165188249
ood,test_ood,penobscot_000_xl_0488,penobscot,38,91,21,True,-24.29374089349837,0.9848865210560984
ood,test_ood,penobscot_000_xl_0488,penobscot,38,92,21,True,-15.30996254990371,0.6206773925587245
ood,test_ood,penobscot_000_xl_0488,penobscot,38,93,21,True,-18.92851745723673,0.7673763291102154
ood,test_ood,penobscot_000_xl_0488,penobscot,38,94,21,True,-21.7499494948162,0.8817593052055746
ood,test_ood,penobscot_000_xl_0488,penobscot,38,95,21,True,-20.86457526743534,0.8458655683595032
ood,test_ood,penobscot_000_xl_0488,penobscot,38,96,21,True,-18.079462228073204,0.7329549917582909
ood,test_ood,penobscot_000_xl_0488,penobscot,38,97,21,True,-23.871140441713827,0.9677539810088712
ood,test_ood,penobscot_000_xl_0488,penobscot,38,98,21,True,-21.031582235539396,0.8526361564105248
ood,test_ood,penobscot_000_xl_0488,penobscot,38,99,21,True,-17.279647180729704,0.7005298883985498
ood,test_ood,penobscot_000_xl_0510,penobscot,39,0,22,True,-19.061516729061644,0.7868265721389258
ood,test_ood,penobscot_000_xl_0510,penobscot,39,1,22,True,-18.25617676368239,0.7535835257763172
ood,test_ood,penobscot_000_xl_0510,penobscot,39,2,22,True,-19.545702031435386,0.8068129072853804
ood,test_ood,penobscot_000_xl_0510,penobscot,39,3,22,True,-20.75391447896862,0.8566858356583242
ood,test_ood,penobscot_000_xl_0510,penobscot,39,4,22,True,-23.553034931260527,0.972228705713514
ood,test_ood,penobscot_000_xl_0510,penobscot,39,5,22,True,-18.232407859208777,0.752602386347787
ood,test_ood,penobscot_000_xl_0510,penobscot,39,6,22,True,-19.043037523396737,0.7860637823643325
ood,test_ood,penobscot_000_xl_0510,penobscot,39,7,22,True,-22.188565338180023,0.9159057515660883
ood,test_ood,penobscot_000_xl_0510,penobscot,39,8,22,True,-23.769785731203086,0.9811758053253282
ood,test_ood,penobscot_000_xl_0510,penobscot,39,9,22,True,-21.111268973250432,0.8714368135459076
ood,test_ood,penobscot_000_xl_0510,penobscot,39,10,22,True,-24.068507416489158,0.9935065218678819
ood,test_ood,penobscot_000_xl_0510,penobscot,39,11,22,True,-19.05048348079022,0.7863711386579308
ood,test_ood,penobscot_000_xl_0510,penobscot,39,12,22,True,-21.93847706644056,0.9055825385509929
ood,test_ood,penobscot_000_xl_0510,penobscot,39,13,22,True,-21.00733900329303,0.8671467634325604
ood,test_ood,penobscot_000_xl_0510,penobscot,39,14,22,True,-22.144022486805163,0.9140670993980192
ood,test_ood,penobscot_000_xl_0510,penobscot,39,15,22,True,-21.642082651663983,0.8933478877257405
ood,test_ood,penobscot_000_xl_0510,penobscot,39,16,22,True,-20.426239247076616,0.8431599665919168
ood,test_ood,penobscot_000_xl_0510,penobscot,39,17,22,True,-17.665516556144965,0.7292020899755144
ood,test_ood,penobscot_000_xl_0510,penobscot,39,18,22,True,-21.952250979452877,0.906151101950982
ood,test_ood,penobscot_000_xl_0510,penobscot,39,19,22,True,-19.05048348079022,0.7863711386579308
ood,test_ood,penobscot_000_xl_0510,penobscot,39,20,22,True,-21.732193680437703,0.8970675157537578
ood,test_ood,penobscot_000_xl_0510,penobscot,39,21,22,True,-23.612750691364464,0.9746936694146248
ood,test_ood,penobscot_000_xl_0510,penobscot,39,22,22,True,-18.48689717975258,0.7631072670755705
ood,test_ood,penobscot_000_xl_0510,penobscot,39,23,22,True,-23.848092234595118,0.9844081628819653
ood,test_ood,penobscot_000_xl_0510,penobscot,39,24,22,True,-21.07262555705666,0.8698416798987977
ood,test_ood,penobscot_000_xl_0510,penobscot,39,25,22,True,-23.54916388762438,0.9720689157010968
ood,test_ood,penobscot_000_xl_0510,penobscot,39,26,22,True,-23.967066321043976,0.9893192082066633
ood,test_ood,penobscot_000_xl_0510,penobscot,39,27,22,True,-21.639230494383103,0.8932301555867709
ood,test_ood,penobscot_000_xl_0510,penobscot,39,28,22,True,-23.846208803891926,0.984330418107238
ood,test_ood,penobscot_000_xl_0510,penobscot,39,29,22,True,-20.256000978002973,0.8361328241244002
ood,test_ood,penobscot_000_xl_0510,penobscot,39,30,22,True,-21.547161439066038,0.8894297035962558
ood,test_ood,penobscot_000_xl_0510,penobscot,39,31,22,True,-20.256000978002973,0.8361328241244002
ood,test_ood,penobscot_000_xl_0510,penobscot,39,32,22,True,-21.166294663235774,0.873708179232393
ood,test_ood,penobscot_000_xl_0510,penobscot,39,33,22,True,-23.97803489987678,0.9897719722446416
ood,test_ood,penobscot_000_xl_0510,penobscot,39,34,22,True,-22.4951389799758,0.9285605833463185
ood,test_ood,penobscot_000_xl_0510,penobscot,39,35,22,True,-22.013782284318705,0.9086910082121135
ood,test_ood,penobscot_000_xl_0510,penobscot,39,36,22,True,-19.21197662701136,0.7930372975198526
ood,test_ood,penobscot_000_xl_0510,penobscot,39,37,22,True,-18.404221286790094,0.7596945486448792
ood,test_ood,penobscot_000_xl_0510,penobscot,39,38,22,True,-24.02628055314848,0.99176346969597
ood,test_ood,penobscot_000_xl_0510,penobscot,39,39,22,True,-21.270116287378713,0.8779937570171727
ood,test_ood,penobscot_000_xl_0510,penobscot,39,40,22,True,-23.601195763928683,0.9742167019164535
ood,test_ood,penobscot_000_xl_0510,penobscot,39,41,22,True,-23.592050613686517,0.9738392058693645
ood,test_ood,penobscot_000_xl_0510,penobscot,39,42,22,True,-24.05224045931118,0.9928350498996535
ood,test_ood,penobscot_000_xl_0510,penobscot,39,43,22,True,-19.058073155145745,0.7866844273401322
ood,test_ood,penobscot_000_xl_0510,penobscot,39,44,22,True,-19.480454540670276,0.8041196032724263
ood,test_ood,penobscot_000_xl_0510,penobscot,39,45,22,True,-19.443361045487055,0.8025884476944879
ood,test_ood,penobscot_000_xl_0510,penobscot,39,46,22,True,-21.902460736524727,0.9040958464995943
ood,test_ood,penobscot_000_xl_0510,penobscot,39,47,22,True,-24.004023396367764,0.9908447326078227
ood,test_ood,penobscot_000_xl_0510,penobscot,39,48,22,True,-19.08995899330325,0.7880006198075972
ood,test_ood,penobscot_000_xl_0510,penobscot,39,49,22,True,-19.45652975750692,0.8031320294401249
ood,test_ood,penobscot_000_xl_0510,penobscot,39,50,22,True,-21.62115972792357,0.8924842254789321
ood,test_ood,penobscot_000_xl_0510,penobscot,39,51,22,True,-23.612750691364464,0.9746936694146248
ood,test_ood,penobscot_000_xl_0510,penobscot,39,52,22,True,-23.946838061362698,0.9884842204954758
ood,test_ood,penobscot_000_xl_0510,penobscot,39,53,22,True,-24.007290539136655,0.9909795946328162
ood,test_ood,penobscot_000_xl_0510,penobscot,39,54,22,True,-23.885118123751454,0.9859365277995821
ood,test_ood,penobscot_000_xl_0510,penobscot,39,55,22,True,-20.426239247076616,0.8431599665919168
ood,test_ood,penobscot_000_xl_0510,penobscot,39,56,22,True,-17.846977260445918,0.736692475235642
ood,test_ood,penobscot_000_xl_0510,penobscot,39,57,22,True,-21.547161439066038,0.8894297035962558
ood,test_ood,penobscot_000_xl_0510,penobscot,39,58,22,True,-21.09937902500663,0.8709460169659424
ood,test_ood,penobscot_000_xl_0510,penobscot,39,59,22,True,-21.179852925497684,0.8742678409409196
ood,test_ood,penobscot_000_xl_0510,penobscot,39,60,22,True,-23.986812065030733,0.9901342785012395
ood,test_ood,penobscot_000_xl_0510,penobscot,39,61,22,True,-21.326106743340148,0.8803049465810902
ood,test_ood,penobscot_000_xl_0510,penobscot,39,62,22,True,-23.601195763928683,0.9742167019164535
ood,test_ood,penobscot_000_xl_0510,penobscot,39,63,22,True,-22.100779065775754,0.9122820854760025
ood,test_ood,penobscot_000_xl_0510,penobscot,39,64,22,True,-24.003192711964857,0.9908104433867413
ood,test_ood,penobscot_000_xl_0510,penobscot,39,65,22,True,-21.222860349313883,0.8760431133045419
ood,test_ood,penobscot_000_xl_0510,penobscot,39,66,22,True,-19.368451374876955,0.7994963055431588
ood,test_ood,penobscot_000_xl_0510,penobscot,39,67,22,True,-24.068507416489158,0.9935065218678819
ood,test_ood,penobscot_000_xl_0510,penobscot,39,68,22,True,-22.38551254994301,0.9240353931746977
ood,test_ood,penobscot_000_xl_0510,penobscot,39,69,22,True,-23.977945544937942,0.989768283826704
ood,test_ood,penobscot_000_xl_0510,penobscot,39,70,22,True,-23.544212018013233,0.971864511054436
ood,test_ood,penobscot_000_xl_0510,penobscot,39,71,22,True,-17.70633586779049,0.7308870408383256
ood,test_ood,penobscot_000_xl_0510,penobscot,39,72,22,True,-19.14066176626005,0.790093542926496
ood,test_ood,penobscot_000_xl_0510,penobscot,39,73,22,True,-23.807345643682584,0.9827262138057312
ood,test_ood,penobscot_000_xl_0510,penobscot,39,74,22,True,-19.22093505525835,0.7934070860046579
ood,test_ood,penobscot_000_xl_0510,penobscot,39,75,22,True,-23.980355715109276,0.9898677714992293
ood,test_ood,penobscot_000_xl_0510,penobscot,39,76,22,True,-16.01177038845865,0.6609382971827481
ood,test_ood,penobscot_000_xl_0510,penobscot,39,77,22,True,-23.612750691364464,0.9746936694146248
ood,test_ood,penobscot_000_xl_0510,penobscot,39,78,22,True,-23.993432027736034,0.9904075391571013
ood,test_ood,penobscot_000_xl_0510,penobscot,39,79,22,True,-23.427615367296,0.967051602180986
ood,test_ood,penobscot_000_xl_0510,penobscot,39,80,22,True,-23.763854860411055,0.9809309891965056
ood,test_ood,penobscot_000_xl_0510,penobscot,39,81,22,True,-18.030484611514588,0.7442673425484573
ood,test_ood,penobscot_000_xl_0510,penobscot,39,82,22,True,-23.905961646823844,0.9867969125236028
ood,test_ood,penobscot_000_xl_0510,penobscot,39,83,22,True,-21.179852925497684,0.8742678409409196
ood,test_ood,penobscot_000_xl_0510,penobscot,39,84,22,True,-14.87157616833086,0.6138730440579554
ood,test_ood,penobscot_000_xl_0510,penobscot,39,85,22,True,-23.948047064274913,0.988534126052869
ood,test_ood,penobscot_000_xl_0510,penobscot,39,86,22,True,-24.115095009808226,0.9954295774608061
ood,test_ood,penobscot_000_xl_0510,penobscot,39,87,22,True,-24.002938002898567,0.9907999294352875
ood,test_ood,penobscot_000_xl_0510,penobscot,39,88,22,True,-19.08995899330325,0.7880006198075972
ood,test_ood,penobscot_000_xl_0510,penobscot,39,89,22,True,-18.177866349087132,0.7503510067719493
ood,test_ood,penobscot_000_xl_0510,penobscot,39,90,22,True,-23.97803489987678,0.9897719722446416
ood,test_ood,penobscot_000_xl_0510,penobscot,39,91,22,True,-19.13472346947018,0.7898484202652761
ood,test_ood,penobscot_000_xl_0510,penobscot,39,92,22,True,-23.388797251365535,0.9654492572297109
ood,test_ood,penobscot_000_xl_0510,penobscot,39,93,22,True,-23.998937738547582,0.9906348054143782
ood,test_ood,penobscot_000_xl_0510,penobscot,39,94,22,True,-24.10165431569684,0.9948747687629913
ood,test_ood,penobscot_000_xl_0510,penobscot,39,95,22,True,-17.665516556144965,0.7292020899755144
ood,test_ood,penobscot_000_xl_0510,penobscot,39,96,22,True,-18.48689717975258,0.7631072670755705
ood,test_ood,penobscot_000_xl_0510,penobscot,39,97,22,True,-21.166294663235774,0.873708179232393
ood,test_ood,penobscot_000_xl_0510,penobscot,39,98,22,True,-18.404221286790094,0.7596945486448792
ood,test_ood,penobscot_000_xl_0510,penobscot,39,99,22,True,-19.010811409520716,0.7847335439014209
ood,test_ood,penobscot_000_xl_0519,penobscot,40,0,22,True,-16.251136438549388,0.7144091044938313
ood,test_ood,penobscot_000_xl_0519,penobscot,40,1,22,True,-22.09960909319157,0.9715112540978708
ood,test_ood,penobscot_000_xl_0519,penobscot,40,2,22,True,-19.322385013519185,0.8494229204456455
ood,test_ood,penobscot_000_xl_0519,penobscot,40,3,22,True,-20.25024351527261,0.8902121024109295
ood,test_ood,penobscot_000_xl_0519,penobscot,40,4,22,True,-17.55250119332863,0.7716178315633
ood,test_ood,penobscot_000_xl_0519,penobscot,40,5,22,True,-17.324759981895802,0.7616061997287334
ood,test_ood,penobscot_000_xl_0519,penobscot,40,6,22,True,-22.388615252193755,0.9842161275094427
ood,test_ood,penobscot_000_xl_0519,penobscot,40,7,22,True,-20.444928495431224,0.898770563713586
ood,test_ood,penobscot_000_xl_0519,penobscot,40,8,22,True,-19.255659812528208,0.8464896430550221
ood,test_ood,penobscot_000_xl_0519,penobscot,40,9,22,True,-20.248078456845164,0.8901169252238955
ood,test_ood,penobscot_000_xl_0519,penobscot,40,10,22,True,-21.93079620999376,0.9640901447392481
ood,test_ood,penobscot_000_xl_0519,penobscot,40,11,22,True,-17.95203276185324,0.7891814641846849
ood,test_ood,penobscot_000_xl_0519,penobscot,40,12,22,True,-20.512843727551534,0.9017561555424425
ood,test_ood,penobscot_000_xl_0519,penobscot,40,13,22,True,-20.55006115014079,0.9033922543866125
ood,test_ood,penobscot_000_xl_0519,penobscot,40,14,22,True,-17.817553809481765,0.7832696937494138
ood,test_ood,penobscot_000_xl_0519,penobscot,40,15,22,True,-20.321209062550345,0.8933317878109207
ood,test_ood,penobscot_000_xl_0519,penobscot,40,16,22,True,-20.09547979688918,0.8834086022448632
ood,test_ood,penobscot_000_xl_0519,penobscot,40,17,22,True,-22.50983190035697,0.9895448795872731
ood,test_ood,penobscot_000_xl_0519,penobscot,40,18,22,True,-20.74722047845332,0.9120594894267565
ood,test_ood,penobscot_000_xl_0519,penobscot,40,19,22,True,-19.717859445554677,0.8668081990634836
ood,test_ood,penobscot_000_xl_0519,penobscot,40,20,22,True,-19.574856891414413,0.8605217262971032
ood,test_ood,penobscot_000_xl_0519,penobscot,40,21,22,True,-22.41219806264228,0.9852528411299134
ood,test_ood,penobscot_000_xl_0519,penobscot,40,22,22,True,-22.441085219405267,0.9865227367998232
ood,test_ood,penobscot_000_xl_0519,penobscot,40,23,22,True,-22.556473664419514,0.9915952777869269
ood,test_ood,penobscot_000_xl_0519,penobscot,40,24,22,True,-19.692032508045912,0.8656728323543782
ood,test_ood,penobscot_000_xl_0519,penobscot,40,25,22,True,-16.723773279693944,0.7351864860455558
ood,test_ood,penobscot_000_xl_0519,penobscot,40,26,22,True,-18.97734407125382,0.8342547264236704
ood,test_ood,penobscot_000_xl_0519,penobscot,40,27,22,True,-17.894929869175133,0.7866711888832356
ood,test_ood,penobscot_000_xl_0519,penobscot,40,28,22,True,-20.74722047845332,0.9120594894267565
ood,test_ood,penobscot_000_xl_0519,penobscot,40,29,22,True,-15.312036043203621,0.6731257225589334
ood,test_ood,penobscot_000_xl_0519,penobscot,40,30,22,True,-22.510680486892948,0.9895821839290059
ood,test_ood,penobscot_000_xl_0519,penobscot,40,31,22,True,-17.954424217984386,0.7892865939421975
ood,test_ood,penobscot_000_xl_0519,penobscot,40,32,22,True,-22.524654176073014,0.9901964751701975
ood,test_ood,penobscot_000_xl_0519,penobscot,40,33,22,True,-22.52214657669058,0.9900862396899888
ood,test_ood,penobscot_000_xl_0519,penobscot,40,34,22,True,-22.375507663926676,0.9836399105518548
ood,test_ood,penobscot_000_xl_0519,penobscot,40,35,22,True,-20.25024351527261,0.8902121024109295
ood,test_ood,penobscot_000_xl_0519,penobscot,40,36,22,True,-22.456036333562512,0.987179996193137
ood,test_ood,penobscot_000_xl_0519,penobscot,40,37,22,True,-16.86351893560404,0.7413297837326529
ood,test_ood,penobscot_000_xl_0519,penobscot,40,38,22,True,-22.5219376548485,0.9900770553682232
ood,test_ood,penobscot_000_xl_0519,penobscot,40,39,22,True,-22.41219806264228,0.9852528411299134
ood,test_ood,penobscot_000_xl_0519,penobscot,40,40,22,True,-19.482641070771912,0.8564678669196688
ood,test_ood,penobscot_000_xl_0519,penobscot,40,41,22,True,-16.21126866529683,0.7126564947428012
ood,test_ood,penobscot_000_xl_0519,penobscot,40,42,22,True,-20.412680920213347,0.8973529421570494
ood,test_ood,penobscot_000_xl_0519,penobscot,40,43,22,True,-21.88104724005718,0.9619031520205376
ood,test_ood,penobscot_000_xl_0519,penobscot,40,44,22,True,-17.894929869175133,0.7866711888832356
ood,test_ood,penobscot_000_xl_0519,penobscot,40,45,22,True,-20.62869269611317,0.906848941403887
ood,test_ood,penobscot_000_xl_0519,penobscot,40,46,22,True,-13.516764463376957,0.5942045734739481
ood,test_ood,penobscot_000_xl_0519,penobscot,40,47,22,True,-20.030310872543126,0.8805437396514723
ood,test_ood,penobscot_000_xl_0519,penobscot,40,48,22,True,-17.12535994561449,0.7528404619051404
ood,test_ood,penobscot_000_xl_0519,penobscot,40,49,22,True,-16.25614276739934,0.7146291855277956
ood,test_ood,penobscot_000_xl_0519,penobscot,40,50,22,True,-22.48380407823001,0.9884006818772876
ood,test_ood,penobscot_000_xl_0519,penobscot,40,51,22,True,-16.114663958926002,0.7084096974785458
ood,test_ood,penobscot_000_xl_0519,penobscot,40,52,22,True,-22.432575376246525,0.9861486393049549
ood,test_ood,penobscot_000_xl_0519,penobscot,40,53,22,True,-22.49610618698361,0.988941489502113
ood,test_ood,penobscot_000_xl_0519,penobscot,40,54,22,True,-22.541764519512697,0.9909486554980499
ood,test_ood,penobscot_000_xl_0519,penobscot,40,55,22,True,-16.548029683983764,0.7274606986640645
ood,test_ood,penobscot_000_xl_0519,penobscot,40,56,22,True,-18.55417112317412,0.8156518054509253
ood,test_ood,penobscot_000_xl_0519,penobscot,40,57,22,True,-20.43657052584241,0.8984031426663315
ood,test_ood,penobscot_000_xl_0519,penobscot,40,58,22,True,-17.03510193670368,0.7488726690333498
ood,test_ood,penobscot_000_xl_0519,penobscot,40,59,22,True,-19.71570419690785,0.8667134531199269
ood,test_ood,penobscot_000_xl_0519,penobscot,40,60,22,True,-22.52337803784702,0.9901403754155315
ood,test_ood,penobscot_000_xl_0519,penobscot,40,61,22,True,-22.279710378977104,0.9794286079877206
ood,test_ood,penobscot_000_xl_0519,penobscot,40,62,22,True,-22.42795864537476,0.9859456852173895
ood,test_ood,penobscot_000_xl_0519,penobscot,40,63,22,True,-19.618763730406993,0.8624518956513789
ood,test_ood,penobscot_000_xl_0519,penobscot,40,64,22,True,-20.04174286184428,0.8810462963354372
ood,test_ood,penobscot_000_xl_0519,penobscot,40,65,22,True,-20.04174286184428,0.8810462963354372
ood,test_ood,penobscot_000_xl_0519,penobscot,40,66,22,True,-19.91738789579585,0.8755795820370279
ood,test_ood,penobscot_000_xl_0519,penobscot,40,67,22,True,-16.25614276739934,0.7146291855277956
ood,test_ood,penobscot_000_xl_0519,penobscot,40,68,22,True,-16.25614276739934,0.7146291855277956
ood,test_ood,penobscot_000_xl_0519,penobscot,40,69,22,True,-20.714511289892023,0.9106215750878328
ood,test_ood,penobscot_000_xl_0519,penobscot,40,70,22,True,-22.307682992534303,0.9806582998235694
ood,test_ood,penobscot_000_xl_0519,penobscot,40,71,22,True,-16.21126866529683,0.7126564947428012
ood,test_ood,penobscot_000_xl_0519,penobscot,40,72,22,True,-22.631809495821766,0.9949070833367663
ood,test_ood,penobscot_000_xl_0519,penobscot,40,73,22,True,-22.52785301174997,0.9903370977869624
ood,test_ood,penobscot_000_xl_0519,penobscot,40,74,22,True,-22.492855122605384,0.9887985708822442
ood,test_ood,penobscot_000_xl_0519,penobscot,40,75,22,True,-17.37588709661202,0.7638537764676209
ood,test_ood,penobscot_000_xl_0519,penobscot,40,76,22,True,-17.048996418494063,0.7494834782731102
ood,test_ood,penobscot_000_xl_0519,penobscot,40,77,22,True,-22.273009949543578,0.9791340533386086
ood,test_ood,penobscot_000_xl_0519,penobscot,40,78,22,True,-20.05127019538444,0.8814651232801481
ood,test_ood,penobscot_000_xl_0519,penobscot,40,79,22,True,-16.114663958926002,0.7084096974785458
ood,test_ood,penobscot_000_xl_0519,penobscot,40,80,22,True,-20.373377072468042,0.8956251228887134
ood,test_ood,penobscot_000_xl_0519,penobscot,40,81,22,True,-22.523756715026252,0.990157022277462
ood,test_ood,penobscot_000_xl_0519,penobscot,40,82,22,True,-22.61615028672286,0.9942186956912785
ood,test_ood,penobscot_000_xl_0519,penobscot,40,83,22,True,-19.717859445554677,0.8668081990634836
ood,test_ood,penobscot_000_xl_0519,penobscot,40,84,22,True,-17.95203276185324,0.7891814641846849
ood,test_ood,penobscot_000_xl_0519,penobscot,40,85,22,True,-20.686499847459093,0.9093901763127527
ood,test_ood,penobscot_000_xl_0519,penobscot,40,86,22,True,-20.627344885111057,0.9067896908736435
ood,test_ood,penobscot_000_xl_0519,penobscot,40,87,22,True,-22.54981198613131,0.9913024266599736
ood,test_ood,penobscot_000_xl_0519,penobscot,40,88,22,True,-16.32430168752156,0.7176254900183715
ood,test_ood,penobscot_000_xl_0519,penobscot,40,89,22,True,-22.44062271051908,0.9865024046488717
ood,test_ood,penobscot_000_xl_0519,penobscot,40,90,22,True,-20.61252532788031,0.9061382147968626
ood,test_ood,penobscot_000_xl_0519,penobscot,40,91,22,True,-22.09960909319157,0.9715112540978708
ood,test_ood,penobscot_000_xl_0519,penobscot,40,92,22,True,-15.843832881812858,0.6965038108963287
ood,test_ood,penobscot_000_xl_0519,penobscot,40,93,22,True,-20.411170481819486,0.897286542435133
ood,test_ood,penobscot_000_xl_0519,penobscot,40,94,22,True,-22.620316864923076,0.9944018608140428
ood,test_ood,penobscot_000_xl_0519,penobscot,40,95,22,True,-22.52785301174997,0.9903370977869624
ood,test_ood,penobscot_000_xl_0519,penobscot,40,96,22,True,-17.601342458472132,0.7737649210684222
ood,test_ood,penobscot_000_xl_0519,penobscot,40,97,22,True,-20.05127019538444,0.8814651232801481
ood,test_ood,penobscot_000_xl_0519,penobscot,40,98,22,True,-22.47551921647469,0.9880364746915408
ood,test_ood,penobscot_000_xl_0519,penobscot,40,99,22,True,-20.74722047845332,0.9120594894267565
ood,test_ood,penobscot_000_xl_0553,penobscot,41,0,22,True,-18.105706782353593,0.9512458544901673
ood,test_ood,penobscot_000_xl_0553,penobscot,41,1,22,True,-18.75753573786688,0.9854919405017328
ood,test_ood,penobscot_000_xl_0553,penobscot,41,2,22,True,-16.503880849543677,0.8670883953797969
ood,test_ood,penobscot_000_xl_0553,penobscot,41,3,22,True,-13.382505626595645,0.7030961648179107
ood,test_ood,penobscot_000_xl_0553,penobscot,41,4,22,True,-16.116330105450096,0.8467270781909592
ood,test_ood,penobscot_000_xl_0553,penobscot,41,5,22,True,-13.32109040430138,0.6998695039472644
ood,test_ood,penobscot_000_xl_0553,penobscot,41,6,22,True,-16.087512075870443,0.8452130234511052
ood,test_ood,penobscot_000_xl_0553,penobscot,41,7,22,True,-15.391546742175965,0.808648080336541
ood,test_ood,penobscot_000_xl_0553,penobscot,41,8,22,True,-15.79089632282631,0.8296292901646087
ood,test_ood,penobscot_000_xl_0553,penobscot,41,9,22,True,-18.717225686391902,0.9833741126908224
ood,test_ood,penobscot_000_xl_0553,penobscot,41,10,22,True,-11.737553109389058,0.6166729016094845
ood,test_ood,penobscot_000_xl_0553,penobscot,41,11,22,True,-16.204669527800107,0.8513682949249226
ood,test_ood,penobscot_000_xl_0553,penobscot,41,12,22,True,-15.677432534623541,0.8236680780749582
ood,test_ood,penobscot_000_xl_0553,penobscot,41,13,22,True,-15.2493826604669,0.8011789991783866
ood,test_ood,penobscot_000_xl_0553,penobscot,41,14,22,True,-18.787427682501892,0.9870624170790084
ood,test_ood,penobscot_000_xl_0553,penobscot,41,15,22,True,-13.05752830938755,0.686022358779097
ood,test_ood,penobscot_000_xl_0553,penobscot,41,16,22,True,-18.733684303761077,0.9842388230128924
ood,test_ood,penobscot_000_xl_0553,penobscot,41,17,22,True,-11.580438618646422,0.6084183490644864
ood,test_ood,penobscot_000_xl_0553,penobscot,41,18,22,True,-16.4349613082601,0.8634674691863351
ood,test_ood,penobscot_000_xl_0553,penobscot,41,19,22,True,-18.431494273046283,0.9683622257918505
ood,test_ood,penobscot_000_xl_0553,penobscot,41,20,22,True,-16.426911720876525,0.8630445563047212
ood,test_ood,penobscot_000_xl_0553,penobscot,41,21,22,True,-18.717225686391902,0.9833741126908224
ood,test_ood,penobscot_000_xl_0553,penobscot,41,22,22,True,-18.895509683771202,0.9927408783999795
ood,test_ood,penobscot_000_xl_0553,penobscot,41,23,22,True,-18.68709565155459,0.9817911272222535
ood,test_ood,penobscot_000_xl_0553,penobscot,41,24,22,True,-9.072987723825479,0.4766807539676313
ood,test_ood,penobscot_000_xl_0553,penobscot,41,25,22,True,-18.787818523107603,0.9870829512404427
ood,test_ood,penobscot_000_xl_0553,penobscot,41,26,22,True,-13.382505626595645,0.7030961648179107
ood,test_ood,penobscot_000_xl_0553,penobscot,41,27,22,True,-16.844394858789954,0.8849784752084973
ood,test_ood,penobscot_000_xl_0553,penobscot,41,28,22,True,-18.326947780197838,0.9628695146196751
ood,test_ood,penobscot_000_xl_0553,penobscot,41,29,22,True,-16.292737886979815,0.855995270418809
ood,test_ood,penobscot_000_xl_0553,penobscot,41,30,22,True,-16.24575954992401,0.8535271011883911
ood,test_ood,penobscot_000_xl_0553,penobscot,41,31,22,True,-18.618601186498474,0.9781925338768861
ood,test_ood,penobscot_000_xl_0553,penobscot,41,32,22,True,-18.501129783844224,0.972020767917166
ood,test_ood,penobscot_000_xl_0553,penobscot,41,33,22,True,-18.896115878258957,0.9927727269215766
ood,test_ood,penobscot_000_xl_0553,penobscot,41,34,22,True,-12.313632777443447,0.6469392371179609
ood,test_ood,penobscot_000_xl_0553,penobscot,41,35,22,True,-16.24575954992401,0.8535271011883911
ood,test_ood,penobscot_000_xl_0553,penobscot,41,36,22,True,-18.589931669154417,0.9766862817403859
ood,test_ood,penobscot_000_xl_0553,penobscot,41,37,22,True,-18.51444710870203,0.9727204395851196
ood,test_ood,penobscot_000_xl_0553,penobscot,41,38,22,True,-16.448815528104117,0.8641953484871674
ood,test_ood,penobscot_000_xl_0553,penobscot,41,39,22,True,-14.809731939653387,0.7780804297259597
ood,test_ood,penobscot_000_xl_0553,penobscot,41,40,22,True,-18.746603925947028,0.9849175999970604
ood,test_ood,penobscot_000_xl_0553,penobscot,41,41,22,True,-18.609477520108022,0.977713190544091
ood,test_ood,penobscot_000_xl_0553,penobscot,41,42,22,True,-16.426911720876525,0.8630445563047212
ood,test_ood,penobscot_000_xl_0553,penobscot,41,43,22,True,-18.733684303761077,0.9842388230128924
ood,test_ood,penobscot_000_xl_0553,penobscot,41,44,22,True,-18.539750452153623,0.974049838147264
ood,test_ood,penobscot_000_xl_0553,penobscot,41,45,22,True,-15.248179355572098,0.8011157793987541
ood,test_ood,penobscot_000_xl_0553,penobscot,41,46,22,True,-16.48123710126778,0.8658987278381487
ood,test_ood,penobscot_000_xl_0553,penobscot,41,47,22,True,-8.19658811096179,0.43063607266163023
ood,test_ood,penobscot_000_xl_0553,penobscot,41,48,22,True,-18.51444710870203,0.9727204395851196
ood,test_ood,penobscot_000_xl_0553,penobscot,41,49,22,True,-11.580438618646422,0.6084183490644864
ood,test_ood,penobscot_000_xl_0553,penobscot,41,50,22,True,-16.36529365034101,0.8598072381009534
ood,test_ood,penobscot_000_xl_0553,penobscot,41,51,22,True,-14.72405420822314,0.7735790541196466
ood,test_ood,penobscot_000_xl_0553,penobscot,41,52,22,True,-12.511596848701313,0.6573399634958769
ood,test_ood,penobscot_000_xl_0553,penobscot,41,53,22,True,-18.326947780197838,0.9628695146196751
ood,test_ood,penobscot_000_xl_0553,penobscot,41,54,22,True,-18.77046509560114,0.9861712289765647
ood,test_ood,penobscot_000_xl_0553,penobscot,41,55,22,True,-12.552656477138045,0.659497172921991
ood,test_ood,penobscot_000_xl_0553,penobscot,41,56,22,True,-12.188625947455447,0.6403715714510818
ood,test_ood,penobscot_000_xl_0553,penobscot,41,57,22,True,-18.326947780197838,0.9628695146196751
ood,test_ood,penobscot_000_xl_0553,penobscot,41,58,22,True,-11.737553109389058,0.6166729016094845
ood,test_ood,penobscot_000_xl_0553,penobscot,41,59,22,True,-15.688854478005208,0.8242681693292042
ood,test_ood,penobscot_000_xl_0553,penobscot,41,60,22,True,-13.47469474879126,0.7079396388325863
ood,test_ood,penobscot_000_xl_0553,penobscot,41,61,22,True,-16.04285824844433,0.8428669803644245
ood,test_ood,penobscot_000_xl_0553,penobscot,41,62,22,True,-15.248179355572098,0.8011157793987541
ood,test_ood,penobscot_000_xl_0553,penobscot,41,63,22,True,-18.305149982952045,0.9617242920378484
ood,test_ood,penobscot_000_xl_0553,penobscot,41,64,22,True,-18.816292519506273,0.9885789310086229
ood,test_ood,penobscot_000_xl_0553,penobscot,41,65,22,True,-18.625532274559212,0.9785566825325633
ood,test_ood,penobscot_000_xl_0553,penobscot,41,66,22,True,-15.052182630855377,0.790818414367849
ood,test_ood,penobscot_000_xl_0553,penobscot,41,67,22,True,-18.354565803215472,0.9643205228692033
ood,test_ood,penobscot_000_xl_0553,penobscot,41,68,22,True,-18.198338114734703,0.9561125615446147
ood,test_ood,penobscot_000_xl_0553,penobscot,41,69,22,True,-18.765032065540865,0.9858857859731908
ood,test_ood,penobscot_000_xl_0553,penobscot,41,70,22,True,-15.391546742175965,0.808648080336541
ood,test_ood,penobscot_000_xl_0553,penobscot,41,71,22,True,-18.745319133635206,0.9848500989944652
ood,test_ood,penobscot_000_xl_0553,penobscot,41,72,22,True,-18.775664396291006,0.9864443922000136
ood,test_ood,penobscot_000_xl_0553,penobscot,41,73,22,True,-18.765032065540865,0.9858857859731908
ood,test_ood,penobscot_000_xl_0553,penobscot,41,74,22,True,-12.170738107141887,0.6394317719641797
ood,test_ood,penobscot_000_xl_0553,penobscot,41,75,22,True,-15.63275288423787,0.8213206782898882
ood,test_ood,penobscot_000_xl_0553,penobscot,41,76,22,True,-13.187627692678259,0.6928575793266666
ood,test_ood,penobscot_000_xl_0553,penobscot,41,77,22,True,-12.804804705212248,0.6727446511649501
ood,test_ood,penobscot_000_xl_0553,penobscot,41,78,22,True,-16.087512075870443,0.8452130234511052
ood,test_ood,penobscot_000_xl_0553,penobscot,41,79,22,True,-18.266420291014388,0.959689493874803
ood,test_ood,penobscot_000_xl_0553,penobscot,41,80,22,True,-18.700037564405193,0.9824710753234955
ood,test_ood,penobscot_000_xl_0553,penobscot,41,81,22,True,-16.353300711102083,0.8591771476067617
ood,test_ood,penobscot_000_xl_0553,penobscot,41,82,22,True,-12.316751154571076,0.6471030718332279
ood,test_ood,penobscot_000_xl_0553,penobscot,41,83,22,True,-12.4117146250478,0.6520923058192232
ood,test_ood,penobscot_000_xl_0553,penobscot,41,84,22,True,-18.666170318930693,0.9806917425833884
ood,test_ood,penobscot_000_xl_0553,penobscot,41,85,22,True,-13.024772858988815,0.684301438034146
ood,test_ood,penobscot_000_xl_0553,penobscot,41,86,22,True,-14.589040197131832,0.7664856266223079
ood,test_ood,penobscot_000_xl_0553,penobscot,41,87,22,True,-16.025406929842653,0.8419501150536809
ood,test_ood,penobscot_000_xl_0553,penobscot,41,88,22,True,-12.345904715408182,0.6486347548668308
ood,test_ood,penobscot_000_xl_0553,penobscot,41,89,22,True,-13.158200134826746,0.6913115009133511
ood,test_ood,penobscot_000_xl_0553,penobscot,41,90,22,True,-18.326947780197838,0.9628695146196751
ood,test_ood,penobscot_000_xl_0553,penobscot,41,91,22,True,-15.781193061262268,0.8291194957970767
ood,test_ood,penobscot_000_xl_0553,penobscot,41,92,22,True,-18.775664396291006,0.9864443922000136
ood,test_ood,penobscot_000_xl_0553,penobscot,41,93,22,True,-18.717225686391902,0.9833741126908224
ood,test_ood,penobscot_000_xl_0553,penobscot,41,94,22,True,-16.292737886979815,0.855995270418809
ood,test_ood,penobscot_000_xl_0553,penobscot,41,95,22,True,-18.539750452153623,0.974049838147264
ood,test_ood,penobscot_000_xl_0553,penobscot,41,96,22,True,-15.902480767379707,0.8354917644431856
ood,test_ood,penobscot_000_xl_0553,penobscot,41,97,22,True,-16.087512075870443,0.8452130234511052
ood,test_ood,penobscot_000_xl_0553,penobscot,41,98,22,True,-18.105706782353593,0.9512458544901673
ood,test_ood,penobscot_000_xl_0553,penobscot,41,99,22,True,-18.482164958745926,0.971024385314004
ood,test_ood,penobscot_000_xl_0603,penobscot,42,0,22,True,-13.680078866188097,0.8276470973368938
ood,test_ood,penobscot_000_xl_0603,penobscot,42,1,22,True,-15.560405858122945,0.9414072000484021
ood,test_ood,penobscot_000_xl_0603,penobscot,42,2,22,True,-10.99549856609889,0.6652295327402241
ood,test_ood,penobscot_000_xl_0603,penobscot,42,3,22,True,-12.767956052041924,0.7724635119988954
ood,test_ood,penobscot_000_xl_0603,penobscot,42,4,22,True,-12.818947187369153,0.7755484843558753
ood,test_ood,penobscot_000_xl_0603,penobscot,42,5,22,True,-13.217525225462557,0.7996625234280899
ood,test_ood,penobscot_000_xl_0603,penobscot,42,6,22,True,-16.24455105130008,0.9827981005562597
ood,test_ood,penobscot_000_xl_0603,penobscot,42,7,22,True,-12.104361673237218,0.7323159392546872
ood,test_ood,penobscot_000_xl_0603,penobscot,42,8,22,True,-10.4866839534224,0.6344461621629437
ood,test_ood,penobscot_000_xl_0603,penobscot,42,9,22,True,-16.20745091377258,0.9805535359279576
ood,test_ood,penobscot_000_xl_0603,penobscot,42,10,22,True,-16.173239479783607,0.9784837383548827
ood,test_ood,penobscot_000_xl_0603,penobscot,42,11,22,True,-11.100134234656668,0.6715600084784742
ood,test_ood,penobscot_000_xl_0603,penobscot,42,12,22,True,-12.317236720723766,0.7451949158213468
ood,test_ood,penobscot_000_xl_0603,penobscot,42,13,22,True,-13.350722057851529,0.8077209544341915
ood,test_ood,penobscot_000_xl_0603,penobscot,42,14,22,True,-15.684845660600686,0.9489358292559746
ood,test_ood,penobscot_000_xl_0603,penobscot,42,15,22,True,-12.104361673237218,0.7323159392546872
ood,test_ood,penobscot_000_xl_0603,penobscot,42,16,22,True,-10.981653933642555,0.6643919301227054
ood,test_ood,penobscot_000_xl_0603,penobscot,42,17,22,True,-15.899632575781768,0.9619304741432156
ood,test_ood,penobscot_000_xl_0603,penobscot,42,18,22,True,-12.98390561087201,0.7855284970245782
ood,test_ood,penobscot_000_xl_0603,penobscot,42,19,22,True,-15.216473130345017,0.9205992115412511
ood,test_ood,penobscot_000_xl_0603,penobscot,42,20,22,True,-13.495707137596204,0.8164925764095895
ood,test_ood,penobscot_000_xl_0603,penobscot,42,21,22,True,-9.410604077631234,0.5693431467188982
ood,test_ood,penobscot_000_xl_0603,penobscot,42,22,22,True,-16.080203678804175,0.972855056577371
ood,test_ood,penobscot_000_xl_0603,penobscot,42,23,22,True,-9.693707279431937,0.586470938561989
ood,test_ood,penobscot_000_xl_0603,penobscot,42,24,22,True,-13.495707137596204,0.8164925764095895
ood,test_ood,penobscot_000_xl_0603,penobscot,42,25,22,True,-16.300472392419596,0.9861813512019232
ood,test_ood,penobscot_000_xl_0603,penobscot,42,26,22,True,-9.99580555172249,0.6047479353993207
ood,test_ood,penobscot_000_xl_0603,penobscot,42,27,22,True,-15.718479405237245,0.9509706765250077
ood,test_ood,penobscot_000_xl_0603,penobscot,42,28,22,True,-15.672519697002166,0.9481901063625628
ood,test_ood,penobscot_000_xl_0603,penobscot,42,29,22,True,-16.03849428449642,0.9703316311301814
ood,test_ood,penobscot_000_xl_0603,penobscot,42,30,22,True,-16.24426355005484,0.9827807066820412
ood,test_ood,penobscot_000_xl_0603,penobscot,42,31,22,True,-16.120950404097137,0.9753202403854889
ood,test_ood,penobscot_000_xl_0603,penobscot,42,32,22,True,-10.30743435975815,0.6236015312696442
ood,test_ood,penobscot_000_xl_0603,penobscot,42,33,22,True,-10.981653933642555,0.6643919301227054
ood,test_ood,penobscot_000_xl_0603,penobscot,42,34,22,True,-15.994532791779779,0.9676719533463455
ood,test_ood,penobscot_000_xl_0603,penobscot,42,35,22,True,-12.450141425774257,0.7532356730738015
ood,test_ood,penobscot_000_xl_0603,penobscot,42,36,22,True,-15.560405858122945,0.9414072000484021
ood,test_ood,penobscot_000_xl_0603,penobscot,42,37,22,True,-15.836416075976613,0.9581058651567244
ood,test_ood,penobscot_000_xl_0603,penobscot,42,38,22,True,-13.085821000270858,0.7916943954112021
ood,test_ood,penobscot_000_xl_0603,penobscot,42,39,22,True,-12.258503538900595,0.741641548335034
ood,test_ood,penobscot_000_xl_0603,penobscot,42,40,22,True,-10.020518591790543,0.606243078525231
ood,test_ood,penobscot_000_xl_0603,penobscot,42,41,22,True,-9.41152014499775,0.569398568950325
ood,test_ood,penobscot_000_xl_0603,penobscot,42,42,22,True,-15.218894132279106,0.9207456825698898
ood,test_ood,penobscot_000_xl_0603,penobscot,42,43,22,True,-11.965458728463192,0.7239122874791177
ood,test_ood,penobscot_000_xl_0603,penobscot,42,44,22,True,-16.341211363241868,0.9886460658632461
ood,test_ood,penobscot_000_xl_0603,penobscot,42,45,22,True,-10.081351402455429,0.6099234739134531
ood,test_ood,penobscot_000_xl_0603,penobscot,42,46,22,True,-10.325574193525432,0.6246989942967598
ood,test_ood,penobscot_000_xl_0603,penobscot,42,47,22,True,-11.100134234656668,0.6715600084784742
ood,test_ood,penobscot_000_xl_0603,penobscot,42,48,22,True,-15.672519697002166,0.9481901063625628
ood,test_ood,penobscot_000_xl_0603,penobscot,42,49,22,True,-10.719914342449805,0.648556640353708
ood,test_ood,penobscot_000_xl_0603,penobscot,42,50,22,True,-16.19153643573804,0.9795907073010354
ood,test_ood,penobscot_000_xl_0603,penobscot,42,51,22,True,-15.691059979869259,0.949311796628302
ood,test_ood,penobscot_000_xl_0603,penobscot,42,52,22,True,-16.08293002554317,0.9730200010186226
ood,test_ood,penobscot_000_xl_0603,penobscot,42,53,22,True,-16.20961338969851,0.9806843660891477
ood,test_ood,penobscot_000_xl_0603,penobscot,42,54,22,True,-15.99911880444754,0.9679494078924744
ood,test_ood,penobscot_000_xl_0603,penobscot,42,55,22,True,-10.636036998153433,0.6434820467626727
ood,test_ood,penobscot_000_xl_0603,penobscot,42,56,22,True,-16.14688210047997,0.9768891124256438
ood,test_ood,penobscot_000_xl_0603,penobscot,42,57,22,True,-16.41520450547233,0.9931226635487491
ood,test_ood,penobscot_000_xl_0603,penobscot,42,58,22,True,-12.256627629697933,0.7415280555093248
ood,test_ood,penobscot_000_xl_0603,penobscot,42,59,22,True,-15.897257843813286,0.9617868024553626
ood,test_ood,penobscot_000_xl_0603,penobscot,42,60,22,True,-15.739813633009467,0.9522614009325432
ood,test_ood,penobscot_000_xl_0603,penobscot,42,61,22,True,-13.350722057851529,0.8077209544341915
ood,test_ood,penobscot_000_xl_0603,penobscot,42,62,22,True,-16.206515358248698,0.9804969346596966
ood,test_ood,penobscot_000_xl_0603,penobscot,42,63,22,True,-15.928421063849772,0.9636721825660441
ood,test_ood,penobscot_000_xl_0603,penobscot,42,64,22,True,-16.075739983605594,0.9725850022589244
ood,test_ood,penobscot_000_xl_0603,penobscot,42,65,22,True,-16.29697319761978,0.9859696493215896
ood,test_ood,penobscot_000_xl_0603,penobscot,42,66,22,True,-10.506085016013461,0.6356199297483358
ood,test_ood,penobscot_000_xl_0603,penobscot,42,67,22,True,-9.205280212829665,0.5569210179885566
ood,test_ood,penobscot_000_xl_0603,penobscot,42,68,22,True,-13.049828895930224,0.7895168669790962
ood,test_ood,penobscot_000_xl_0603,penobscot,42,69,22,True,-13.017100870333284,0.7875368158659536
ood,test_ood,penobscot_000_xl_0603,penobscot,42,70,22,True,-15.826464684365288,0.9575038042722704
ood,test_ood,penobscot_000_xl_0603,penobscot,42,71,22,True,-13.542604967097407,0.8193299030681374
ood,test_ood,penobscot_000_xl_0603,penobscot,42,72,22,True,-16.08293002554317,0.9730200010186226
ood,test_ood,penobscot_000_xl_0603,penobscot,42,73,22,True,-15.607713332136203,0.9442693102695782
ood,test_ood,penobscot_000_xl_0603,penobscot,42,74,22,True,-16.120950404097137,0.9753202403854889
ood,test_ood,penobscot_000_xl_0603,penobscot,42,75,22,True,-15.769430476270413,0.9540532249853845
ood,test_ood,penobscot_000_xl_0603,penobscot,42,76,22,True,-16.14688210047997,0.9768891124256438
ood,test_ood,penobscot_000_xl_0603,penobscot,42,77,22,True,-12.277177238069426,0.742771310309713
ood,test_ood,penobscot_000_xl_0603,penobscot,42,78,22,True,-16.192407522849148,0.9796434082193624
ood,test_ood,penobscot_000_xl_0603,penobscot,42,79,22,True,-7.843616215684424,0.4745401146466275
ood,test_ood,penobscot_000_xl_0603,penobscot,42,80,22,True,-13.63732175401917,0.8250602847809673
ood,test_ood,penobscot_000_xl_0603,penobscot,42,81,22,True,-13.669393091831932,0.8270006061715149
ood,test_ood,penobscot_000_xl_0603,penobscot,42,82,22,True,-16.19153643573804,0.9795907073010354
ood,test_ood,penobscot_000_xl_0603,penobscot,42,83,22,True,-16.24785736482984,0.9829981330869609
ood,test_ood,penobscot_000_xl_0603,penobscot,42,84,22,True,-16.09615045286828,0.9738198391195726
ood,test_ood,penobscot_000_xl_0603,penobscot,42,85,22,True,-13.63575475268384,0.824965480933753
ood,test_ood,penobscot_000_xl_0603,penobscot,42,86,22,True,-13.807788980814308,0.835373580985478
ood,test_ood,penobscot_000_xl_0603,penobscot,42,87,22,True,-13.631199701570454,0.8246898995669282
ood,test_ood,penobscot_000_xl_0603,penobscot,42,88,22,True,-16.122680314364622,0.9754249002507968
ood,test_ood,penobscot_000_xl_0603,penobscot,42,89,22,True,-9.982104063391649,0.6039189930257319
ood,test_ood,penobscot_000_xl_0603,penobscot,42,90,22,True,-16.197500974659853,0.9799515629199155
ood,test_ood,penobscot_000_xl_0603,penobscot,42,91,22,True,-9.451813574983017,0.5718363283152567
ood,test_ood,penobscot_000_xl_0603,penobscot,42,92,22,True,-16.300262595381156,0.9861686584454276
ood,test_ood,penobscot_000_xl_0603,penobscot,42,93,22,True,-14.56873515973577,0.8814109541888273
ood,test_ood,penobscot_000_xl_0603,penobscot,42,94,22,True,-10.023562460072508,0.6064272330738183
ood,test_ood,penobscot_000_xl_0603,penobscot,42,95,22,True,-16.001687681474618,0.9681048253893819
ood,test_ood,penobscot_000_xl_0603,penobscot,42,96,22,True,-16.06352290005762,0.9718458666270826
ood,test_ood,penobscot_000_xl_0603,penobscot,42,97,22,True,-15.924656902364143,0.9634444501561684
ood,test_ood,penobscot_000_xl_0603,penobscot,42,98,22,True,-15.994532791779779,0.9676719533463455
ood,test_ood,penobscot_000_xl_0603,penobscot,42,99,22,True,-16.19153643573804,0.9795907073010354
ood,test_ood,penobscot_000_xl_0623,penobscot,43,0,22,True,-10.583406837194897,0.6461354708046771
ood,test_ood,penobscot_000_xl_0623,penobscot,43,1,22,True,-15.703942896366716,0.9587531399787964
ood,test_ood,penobscot_000_xl_0623,penobscot,43,2,22,True,-15.368105623700522,0.9382496879594234
ood,test_ood,penobscot_000_xl_0623,penobscot,43,3,22,True,-10.566586633029662,0.6451085679647388
ood,test_ood,penobscot_000_xl_0623,penobscot,43,4,22,True,-12.862019631791014,0.7852487613987436
ood,test_ood,penobscot_000_xl_0623,penobscot,43,5,22,True,-16.089995111648015,0.9823223019427225
ood,test_ood,penobscot_000_xl_0623,penobscot,43,6,22,True,-15.955759608422074,0.9741269900351455
ood,test_ood,penobscot_000_xl_0623,penobscot,43,7,22,True,-15.636826356172874,0.9546555579842613
ood,test_ood,penobscot_000_xl_0623,penobscot,43,8,22,True,-10.72394406304701,0.6547155138842274
ood,test_ood,penobscot_000_xl_0623,penobscot,43,9,22,True,-13.420648791183385,0.8193540471977044
ood,test_ood,penobscot_000_xl_0623,penobscot,43,10,22,True,-10.742204581894992,0.6558303504509851
ood,test_ood,penobscot_000_xl_0623,penobscot,43,11,22,True,-12.59034346391007,0.7686624568806898
ood,test_ood,penobscot_000_xl_0623,penobscot,43,12,22,True,-9.804790927041223,0.598599609675814
ood,test_ood,penobscot_000_xl_0623,penobscot,43,13,22,True,-13.8860184617596,0.847765678331378
ood,test_ood,penobscot_000_xl_0623,penobscot,43,14,22,True,-12.226818183841797,0.7464686036536914
ood,test_ood,penobscot_000_xl_0623,penobscot,43,15,22,True,-16.168274098586295,0.9871013708056642
ood,test_ood,penobscot_000_xl_0623,penobscot,43,16,22,True,-16.23702540413786,0.9912987580803245
ood,test_ood,penobscot_000_xl_0623,penobscot,43,17,22,True,-16.11138254454919,0.9836280420734278
ood,test_ood,penobscot_000_xl_0623,penobscot,43,18,22,True,-15.300510549769363,0.9341228906444898
ood,test_ood,penobscot_000_xl_0623,penobscot,43,19,22,True,-15.762618989614943,0.9623354179464801
ood,test_ood,penobscot_000_xl_0623,penobscot,43,20,22,True,-9.998766052677116,0.6104421298637994
ood,test_ood,penobscot_000_xl_0623,penobscot,43,21,22,True,-7.573917784486484,0.46240090821380275
ood,test_ood,penobscot_000_xl_0623,penobscot,43,22,22,True,-10.183314191514608,0.6217091160439787
ood,test_ood,penobscot_000_xl_0623,penobscot,43,23,22,True,-15.729609810812946,0.9603201499317291
ood,test_ood,penobscot_000_xl_0623,penobscot,43,24,22,True,-16.23702540413786,0.9912987580803245
ood,test_ood,penobscot_000_xl_0623,penobscot,43,25,22,True,-13.909224094639658,0.8491824227461899
ood,test_ood,penobscot_000_xl_0623,penobscot,43,26,22,True,-9.287735775169502,0.567032489642926
ood,test_ood,penobscot_000_xl_0623,penobscot,43,27,22,True,-16.10780869267353,0.9834098521748641
ood,test_ood,penobscot_000_xl_0623,penobscot,43,28,22,True,-9.482892533587995,0.5789471505759521
ood,test_ood,penobscot_000_xl_0623,penobscot,43,29,22,True,-10.243054001590927,0.6253563357817467
ood,test_ood,penobscot_000_xl_0623,penobscot,43,30,22,True,-13.544162927838046,0.8268948009517714
ood,test_ood,penobscot_000_xl_0623,penobscot,43,31,22,True,-15.955759608422074,0.9741269900351455
ood,test_ood,penobscot_000_xl_0623,penobscot,43,32,22,True,-15.39217139298963,0.9397189452041932
ood,test_ood,penobscot_000_xl_0623,penobscot,43,33,22,True,-8.687339626917998,0.5303772562301452
ood,test_ood,penobscot_000_xl_0623,penobscot,43,34,22,True,-15.905325245857188,0.9710478841194523
ood,test_ood,penobscot_000_xl_0623,penobscot,43,35,22,True,-10.810129503165708,0.6599772855220606
ood,test_ood,penobscot_000_xl_0623,penobscot,43,36,22,True,-13.8860184617596,0.847765678331378
ood,test_ood,penobscot_000_xl_0623,penobscot,43,37,22,True,-15.374666960938598,0.9386502690568573
ood,test_ood,penobscot_000_xl_0623,penobscot,43,38,22,True,-10.308290988419767,0.6293391677608017
ood,test_ood,penobscot_000_xl_0623,penobscot,43,39,22,True,-16.18601114200038,0.9881842482829587
ood,test_ood,penobscot_000_xl_0623,penobscot,43,40,22,True,-9.489885254379164,0.5793740683926923
ood,test_ood,penobscot_000_xl_0623,penobscot,43,41,22,True,-10.225636716983283,0.6242929801380283
ood,test_ood,penobscot_000_xl_0623,penobscot,43,42,22,True,-13.562161707776413,0.8279936579009831
ood,test_ood,penobscot_000_xl_0623,penobscot,43,43,22,True,-13.575663203566087,0.8288179477986337
ood,test_ood,penobscot_000_xl_0623,penobscot,43,44,22,True,-15.501876455973894,0.9464166308938213
ood,test_ood,penobscot_000_xl_0623,penobscot,43,45,22,True,-13.8860184617596,0.847765678331378
ood,test_ood,penobscot_000_xl_0623,penobscot,43,46,22,True,-8.95691794279184,0.5468354832193708
ood,test_ood,penobscot_000_xl_0623,penobscot,43,47,22,True,-16.03233214195985,0.97880187693775
ood,test_ood,penobscot_000_xl_0623,penobscot,43,48,22,True,-15.762618989614943,0.9623354179464801
ood,test_ood,penobscot_000_xl_0623,penobscot,43,49,22,True,-16.028916605631984,0.9785933524798696
ood,test_ood,penobscot_000_xl_0623,penobscot,43,50,22,True,-12.59034346391007,0.7686624568806898
ood,test_ood,penobscot_000_xl_0623,penobscot,43,51,22,True,-10.24757423829318,0.6256323041267879
ood,test_ood,penobscot_000_xl_0623,penobscot,43,52,22,True,-16.11138254454919,0.9836280420734278
ood,test_ood,penobscot_000_xl_0623,penobscot,43,53,22,True,-16.160517272955158,0.9866278030539726
ood,test_ood,penobscot_000_xl_0623,penobscot,43,54,22,True,-16.08548957390661,0.9820472309949121
ood,test_ood,penobscot_000_xl_0623,penobscot,43,55,22,True,-9.393542550120465,0.573492178039955
ood,test_ood,penobscot_000_xl_0623,penobscot,43,56,22,True,-15.769576712548025,0.9627601990828626
ood,test_ood,penobscot_000_xl_0623,penobscot,43,57,22,True,-13.452734197924746,0.8213129173148326
ood,test_ood,penobscot_000_xl_0623,penobscot,43,58,22,True,-13.285404399436961,0.8110971408839781
ood,test_ood,penobscot_000_xl_0623,penobscot,43,59,22,True,-10.345436666245238,0.6316069762651264
ood,test_ood,penobscot_000_xl_0623,penobscot,43,60,22,True,-16.22950216568882,0.990839451234049
ood,test_ood,penobscot_000_xl_0623,penobscot,43,61,22,True,-10.587515164622955,0.6463862913691496
ood,test_ood,penobscot_000_xl_0623,penobscot,43,62,22,True,-15.55610623136476,0.949727453391041
ood,test_ood,penobscot_000_xl_0623,penobscot,43,63,22,True,-12.754220293959209,0.7786674235579271
ood,test_ood,penobscot_000_xl_0623,penobscot,43,64,22,True,-16.081501138122782,0.9818037300247049
ood,test_ood,penobscot_000_xl_0623,penobscot,43,65,22,True,-12.584907943460255,0.7683306088643622
ood,test_ood,penobscot_000_xl_0623,penobscot,43,66,22,True,-8.687339626917998,0.5303772562301452
ood,test_ood,penobscot_000_xl_0623,penobscot,43,67,22,True,-13.827316268426603,0.8441818069079361
ood,test_ood,penobscot_000_xl_0623,penobscot,43,68,22,True,-15.487519356878256,0.9455401049200731
ood,test_ood,penobscot_000_xl_0623,penobscot,43,69,22,True,-10.372665103715317,0.6332693199257875
ood,test_ood,penobscot_000_xl_0623,penobscot,43,70,22,True,-13.853883033069039,0.8458037542868906
ood,test_ood,penobscot_000_xl_0623,penobscot,43,71,22,True,-13.115443382739603,0.8007207239861377
ood,test_ood,penobscot_000_xl_0623,penobscot,43,72,22,True,-12.400847363870088,0.7570933890277299
ood,test_ood,penobscot_000_xl_0623,penobscot,43,73,22,True,-15.51680892347633,0.947328284113657
ood,test_ood,penobscot_000_xl_0623,penobscot,43,74,22,True,-12.862019631791014,0.7852487613987436
ood,test_ood,penobscot_000_xl_0623,penobscot,43,75,22,True,-9.81217082165282,0.5990501651304709
ood,test_ood,penobscot_000_xl_0623,penobscot,43,76,22,True,-12.871149793387115,0.7858061737095591
ood,test_ood,penobscot_000_xl_0623,penobscot,43,77,22,True,-16.028916605631984,0.9785933524798696
ood,test_ood,penobscot_000_xl_0623,penobscot,43,78,22,True,-16.129862101904116,0.9847562513235741
ood,test_ood,penobscot_000_xl_0623,penobscot,43,79,22,True,-13.549579007727509,0.8272254620879372
ood,test_ood,penobscot_000_xl_0623,penobscot,43,80,22,True,-9.571048168836715,0.5843292060673213
ood,test_ood,penobscot_000_xl_0623,penobscot,43,81,22,True,-13.862700722412423,0.84634208962096
ood,test_ood,penobscot_000_xl_0623,penobscot,43,82,22,True,-16.138066122000723,0.9852571210783853
ood,test_ood,penobscot_000_xl_0623,penobscot,43,83,22,True,-12.229185573449332,0.74661313692376
ood,test_ood,penobscot_000_xl_0623,penobscot,43,84,22,True,-16.099670588631447,0.9829130067103009
ood,test_ood,penobscot_000_xl_0623,penobscot,43,85,22,True,-16.041263563655875,0.9793471558305764
ood,test_ood,penobscot_000_xl_0623,penobscot,43,86,22,True,-16.10780869267353,0.9834098521748641
ood,test_ood,penobscot_000_xl_0623,penobscot,43,87,22,True,-10.69646674287905,0.6530379755001994
ood,test_ood,penobscot_000_xl_0623,penobscot,43,88,22,True,-13.420648791183385,0.8193540471977044
ood,test_ood,penobscot_000_xl_0623,penobscot,43,89,22,True,-16.08304910792455,0.9818982362845547
ood,test_ood,penobscot_000_xl_0623,penobscot,43,90,22,True,-13.053201161892568,0.7969207277004818
ood,test_ood,penobscot_000_xl_0623,penobscot,43,91,22,True,-10.211756084505005,0.6234455432833949
ood,test_ood,penobscot_000_xl_0623,penobscot,43,92,22,True,-13.575663203566087,0.8288179477986337
ood,test_ood,penobscot_000_xl_0623,penobscot,43,93,22,True,-9.48553067794167,0.5791082138961319
ood,test_ood,penobscot_000_xl_0623,penobscot,43,94,22,True,-10.079472965715789,0.615369427855422
ood,test_ood,penobscot_000_xl_0623,penobscot,43,95,22,True,-10.561899634221799,0.6448224185019084
ood,test_ood,penobscot_000_xl_0623,penobscot,43,96,22,True,-9.994613265266905,0.6101885949397693
ood,test_ood,penobscot_000_xl_0623,penobscot,43,97,22,True,-15.798789906326126,0.9645437155824066
ood,test_ood,penobscot_000_xl_0623,penobscot,43,98,22,True,-15.956037205243302,0.9741439378058906
ood,test_ood,penobscot_000_xl_0623,penobscot,43,99,22,True,-10.7260035515381,0.6548412492534026
ood,test_ood,penobscot_000_xl_0648,penobscot,44,0,22,True,-14.922195561300693,0.9862247939451875
ood,test_ood,penobscot_000_xl_0648,penobscot,44,1,22,True,-11.210976548047801,0.7409461289126161
ood,test_ood,penobscot_000_xl_0648,penobscot,44,2,22,True,-11.49050258079424,0.7594203207910962
ood,test_ood,penobscot_000_xl_0648,penobscot,44,3,22,True,-11.99968043572838,0.7930724615234016
ood,test_ood,penobscot_000_xl_0648,penobscot,44,4,22,True,-8.406340732150792,0.555584573485901
ood,test_ood,penobscot_000_xl_0648,penobscot,44,5,22,True,-11.602278981334237,0.7668077496139957
ood,test_ood,penobscot_000_xl_0648,penobscot,44,6,22,True,-8.545585275139011,0.564787402932306
ood,test_ood,penobscot_000_xl_0648,penobscot,44,7,22,True,-11.602278981334237,0.7668077496139957
ood,test_ood,penobscot_000_xl_0648,penobscot,44,8,22,True,-14.796941774244448,0.9779466293934
ood,test_ood,penobscot_000_xl_0648,penobscot,44,9,22,True,-11.684483990009063,0.772240771678915
ood,test_ood,penobscot_000_xl_0648,penobscot,44,10,22,True,-9.289665922595663,0.6139645350910387
ood,test_ood,penobscot_000_xl_0648,penobscot,44,11,22,True,-14.677060907291619,0.9700235672124469
ood,test_ood,penobscot_000_xl_0648,penobscot,44,12,22,True,-12.471455465660359,0.8242526072178997
ood,test_ood,penobscot_000_xl_0648,penobscot,44,13,22,True,-14.023395036413293,0.9268220499713885
ood,test_ood,penobscot_000_xl_0648,penobscot,44,14,22,True,-9.557847242005298,0.6316889420248704
ood,test_ood,penobscot_000_xl_0648,penobscot,44,15,22,True,-9.244040826343209,0.6109491208401356
ood,test_ood,penobscot_000_xl_0648,penobscot,44,16,22,True,-14.550374882910969,0.9616507444748489
ood,test_ood,penobscot_000_xl_0648,penobscot,44,17,22,True,-14.404602671622035,0.9520164940422786
ood,test_ood,penobscot_000_xl_0648,penobscot,44,18,22,True,-8.204038100151433,0.5422141635660928
ood,test_ood,penobscot_000_xl_0648,penobscot,44,19,22,True,-14.917071325446441,0.985886127397847
ood,test_ood,penobscot_000_xl_0648,penobscot,44,20,22,True,-11.358691947962868,0.7507088068808353
ood,test_ood,penobscot_000_xl_0648,penobscot,44,21,22,True,-14.11736133063544,0.9330323887098357
ood,test_ood,penobscot_000_xl_0648,penobscot,44,22,22,True,-12.101143219981143,0.799778251772679
ood,test_ood,penobscot_000_xl_0648,penobscot,44,23,22,True,-11.25296035419558,0.7437208861792016
ood,test_ood,penobscot_000_xl_0648,penobscot,44,24,22,True,-12.1313371029443,0.8017737996718752
ood,test_ood,penobscot_000_xl_0648,penobscot,44,25,22,True,-11.12031918250548,0.7349544810157433
ood,test_ood,penobscot_000_xl_0648,penobscot,44,26,22,True,-11.932918124628376,0.7886600648196176
ood,test_ood,penobscot_000_xl_0648,penobscot,44,27,22,True,-14.678641898665326,0.9701280567217393
ood,test_ood,penobscot_000_xl_0648,penobscot,44,28,22,True,-12.154299073602148,0.8032913823015615
ood,test_ood,penobscot_000_xl_0648,penobscot,44,29,22,True,-8.008221857935972,0.5292724464885532
ood,test_ood,penobscot_000_xl_0648,penobscot,44,30,22,True,-14.807691269376047,0.9786570756931839
ood,test_ood,penobscot_000_xl_0648,penobscot,44,31,22,True,-14.797549672865811,0.97798680610132
ood,test_ood,penobscot_000_xl_0648,penobscot,44,32,22,True,-14.608712898783692,0.9655063699722427
ood,test_ood,penobscot_000_xl_0648,penobscot,44,33,22,True,-11.258993971029355,0.744119654744738
ood,test_ood,penobscot_000_xl_0648,penobscot,44,34,22,True,-11.81118058561777,0.78061429308094
ood,test_ood,penobscot_000_xl_0648,penobscot,44,35,22,True,-9.919137838418074,0.6555670464591529
ood,test_ood,penobscot_000_xl_0648,penobscot,44,36,22,True,-14.765669854210188,0.9758798328040268
ood,test_ood,penobscot_000_xl_0648,penobscot,44,37,22,True,-9.593331359645028,0.6340341275214555
ood,test_ood,penobscot_000_xl_0648,penobscot,44,38,22,True,-14.716956216596008,0.9726602933588422
ood,test_ood,penobscot_000_xl_0648,penobscot,44,39,22,True,-14.753534811120097,0.9750778140714698
ood,test_ood,penobscot_000_xl_0648,penobscot,44,40,22,True,-14.569395646133309,0.9629078482443695
ood,test_ood,penobscot_000_xl_0648,penobscot,44,41,22,True,-12.135343279667111,0.802038572425773
ood,test_ood,penobscot_000_xl_0648,penobscot,44,42,22,True,-9.549911680983067,0.631164471815253
ood,test_ood,penobscot_000_xl_0648,penobscot,44,43,22,True,-14.748595542488191,0.9747513722172041
ood,test_ood,penobscot_000_xl_0648,penobscot,44,44,22,True,-9.52486712087521,0.6295092484916909
ood,test_ood,penobscot_000_xl_0648,penobscot,44,45,22,True,-8.204038100151433,0.5422141635660928
ood,test_ood,penobscot_000_xl_0648,penobscot,44,46,22,True,-9.451484509403087,0.6246593086432985
ood,test_ood,penobscot_000_xl_0648,penobscot,44,47,22,True,-12.194121656444452,0.8059233018737639
ood,test_ood,penobscot_000_xl_0648,penobscot,44,48,22,True,-9.582960629073279,0.6333487142001271
ood,test_ood,penobscot_000_xl_0648,penobscot,44,49,22,True,-12.27119571607249,0.8110172137088499
ood,test_ood,penobscot_000_xl_0648,penobscot,44,50,22,True,-11.533007627340172,0.7622295274255477
ood,test_ood,penobscot_000_xl_0648,penobscot,44,51,22,True,-14.535254635402312,0.9606514302035434
ood,test_ood,penobscot_000_xl_0648,penobscot,44,52,22,True,-8.749712517385237,0.5782784034084673
ood,test_ood,penobscot_000_xl_0648,penobscot,44,53,22,True,-13.984863943326136,0.9242754864188433
ood,test_ood,penobscot_000_xl_0648,penobscot,44,54,22,True,-14.404602671622035,0.9520164940422786
ood,test_ood,penobscot_000_xl_0648,penobscot,44,55,22,True,-14.090912212054976,0.9312843365271062
ood,test_ood,penobscot_000_xl_0648,penobscot,44,56,22,True,-11.668231989892323,0.7711666585967962
ood,test_ood,penobscot_000_xl_0648,penobscot,44,57,22,True,-14.716956216596008,0.9726602933588422
ood,test_ood,penobscot_000_xl_0648,penobscot,44,58,22,True,-14.762060848975995,0.97564130956334
ood,test_ood,penobscot_000_xl_0648,penobscot,44,59,22,True,-8.406340732150792,0.555584573485901
ood,test_ood,penobscot_000_xl_0648,penobscot,44,60,22,True,-14.204634744614285,0.9388003874178409
ood,test_ood,penobscot_000_xl_0648,penobscot,44,61,22,True,-11.599542105983268,0.7666268664243888
ood,test_ood,penobscot_000_xl_0648,penobscot,44,62,22,True,-11.25296035419558,0.7437208861792016
ood,test_ood,penobscot_000_xl_0648,penobscot,44,63,22,True,-14.109283548355261,0.9324985189363111
ood,test_ood,penobscot_000_xl_0648,penobscot,44,64,22,True,-9.292576848655996,0.6141569214890216
ood,test_ood,penobscot_000_xl_0648,penobscot,44,65,22,True,-11.358691947962868,0.7507088068808353
ood,test_ood,penobscot_000_xl_0648,penobscot,44,66,22,True,-14.886281775883761,0.9838512112188986
ood,test_ood,penobscot_000_xl_0648,penobscot,44,67,22,True,-8.77884275766575,0.5802036539589109
ood,test_ood,penobscot_000_xl_0648,penobscot,44,68,22,True,-14.868859995993898,0.9826997860675891
ood,test_ood,penobscot_000_xl_0648,penobscot,44,69,22,True,-14.66059619116671,0.9689353954885912
ood,test_ood,penobscot_000_xl_0648,penobscot,44,70,22,True,-11.332542747417877,0.7489805766205244
ood,test_ood,penobscot_000_xl_0648,penobscot,44,71,22,True,-8.882104188519776,0.5870283187978175
ood,test_ood,penobscot_000_xl_0648,penobscot,44,72,22,True,-7.811179827975144,0.516249715711547
ood,test_ood,penobscot_000_xl_0648,penobscot,44,73,22,True,-8.49449378626835,0.5614107086062714
ood,test_ood,penobscot_000_xl_0648,penobscot,44,74,22,True,-10.606995585285524,0.7010283434835178
ood,test_ood,penobscot_000_xl_0648,penobscot,44,75,22,True,-7.621948040994919,0.5037431727329489
ood,test_ood,penobscot_000_xl_0648,penobscot,44,76,22,True,-11.258993971029355,0.744119654744738
ood,test_ood,penobscot_000_xl_0648,penobscot,44,77,22,True,-13.691022084960249,0.9048551454221786
ood,test_ood,penobscot_000_xl_0648,penobscot,44,78,22,True,-14.66059619116671,0.9689353954885912
ood,test_ood,penobscot_000_xl_0648,penobscot,44,79,22,True,-10.967364477578514,0.7248455314493166
ood,test_ood,penobscot_000_xl_0648,penobscot,44,80,22,True,-14.204634744614285,0.9388003874178409
ood,test_ood,penobscot_000_xl_0648,penobscot,44,81,22,True,-14.056336055711144,0.9289991592202194
ood,test_ood,penobscot_000_xl_0648,penobscot,44,82,22,True,-11.611932796497676,0.7674457811845669
ood,test_ood,penobscot_000_xl_0648,penobscot,44,83,22,True,-14.748434085664424,0.974740701352981
ood,test_ood,penobscot_000_xl_0648,penobscot,44,84,22,True,-10.55990871441875,0.6979163188938833
ood,test_ood,penobscot_000_xl_0648,penobscot,44,85,22,True,-7.811179827975144,0.516249715711547
ood,test_ood,penobscot_000_xl_0648,penobscot,44,86,22,True,-11.064443962657586,0.7312616244950824
ood,test_ood,penobscot_000_xl_0648,penobscot,44,87,22,True,-12.20692544023764,0.8067695184362851
ood,test_ood,penobscot_000_xl_0648,penobscot,44,88,22,True,-11.602278981334237,0.7668077496139957
ood,test_ood,penobscot_000_xl_0648,penobscot,44,89,22,True,-14.535254635402312,0.9606514302035434
ood,test_ood,penobscot_000_xl_0648,penobscot,44,90,22,True,-14.869955696099323,0.9827722021276964
ood,test_ood,penobscot_000_xl_0648,penobscot,44,91,22,True,-10.742609849715368,0.7099912437111633
ood,test_ood,penobscot_000_xl_0648,penobscot,44,92,22,True,-9.919137838418074,0.6555670464591529
ood,test_ood,penobscot_000_xl_0648,penobscot,44,93,22,True,-11.704311073678877,0.7735511660794219
ood,test_ood,penobscot_000_xl_0648,penobscot,44,94,22,True,-10.225915512646951,0.6758423301672687
ood,test_ood,penobscot_000_xl_0648,penobscot,44,95,22,True,-11.562320893580269,0.7641668743688137
ood,test_ood,penobscot_000_xl_0648,penobscot,44,96,22,True,-9.324424438351667,0.6162617647378743
ood,test_ood,penobscot_000_xl_0648,penobscot,44,97,22,True,-14.765669854210188,0.9758798328040268
ood,test_ood,penobscot_000_xl_0648,penobscot,44,98,22,True,-14.868859995993898,0.9826997860675891
ood,test_ood,penobscot_000_xl_0648,penobscot,44,99,22,True,-11.333604398911142,0.7490507423693171
ood,test_ood,penobscot_000_xl_0654,penobscot,45,0,22,True,-13.684982190567222,0.9242266391450614
ood,test_ood,penobscot_000_xl_0654,penobscot,45,1,22,True,-14.388707701269698,0.9717533260329333
ood,test_ood,penobscot_000_xl_0654,penobscot,45,2,22,True,-11.793680287586177,0.796495994189916
ood,test_ood,penobscot_000_xl_0654,penobscot,45,3,22,True,-10.81854576282187,0.7306394741018999
ood,test_ood,penobscot_000_xl_0654,penobscot,45,4,22,True,-8.12648018168164,0.5488285890186652
ood,test_ood,penobscot_000_xl_0654,penobscot,45,5,22,True,-7.791967353780247,0.5262369873361059
ood,test_ood,penobscot_000_xl_0654,penobscot,45,6,22,True,-10.387171040128848,0.7015062238999735
ood,test_ood,penobscot_000_xl_0654,penobscot,45,7,22,True,-6.860946473967212,0.4633597189011796
ood,test_ood,penobscot_000_xl_0654,penobscot,45,8,22,True,-8.881452228397116,0.5998162532821429
ood,test_ood,penobscot_000_xl_0654,penobscot,45,9,22,True,-10.387171040128848,0.7015062238999735
ood,test_ood,penobscot_000_xl_0654,penobscot,45,10,22,True,-14.225632134695834,0.9607398821919084
ood,test_ood,penobscot_000_xl_0654,penobscot,45,11,22,True,-14.427393040351014,0.9743659725402818
ood,test_ood,penobscot_000_xl_0654,penobscot,45,12,22,True,-14.352197209712106,0.9692875596595528
ood,test_ood,penobscot_000_xl_0654,penobscot,45,13,22,True,-12.082978912550914,0.8160340171217065
ood,test_ood,penobscot_000_xl_0654,penobscot,45,14,22,True,-8.485496471431729,0.5730750523500362
ood,test_ood,penobscot_000_xl_0654,penobscot,45,15,22,True,-13.623972717742795,0.9201063137226873
ood,test_ood,penobscot_000_xl_0654,penobscot,45,16,22,True,-8.485496471431729,0.5730750523500362
ood,test_ood,penobscot_000_xl_0654,penobscot,45,17,22,True,-11.63523604774784,0.7857953308468086
ood,test_ood,penobscot_000_xl_0654,penobscot,45,18,22,True,-11.497551654979672,0.7764967010189552
ood,test_ood,penobscot_000_xl_0654,penobscot,45,19,22,True,-11.358862287346962,0.767130199378881
ood,test_ood,penobscot_000_xl_0654,penobscot,45,20,22,True,-10.81854576282187,0.7306394741018999
ood,test_ood,penobscot_000_xl_0654,penobscot,45,21,22,True,-14.284788919051174,0.9647350847596582
ood,test_ood,penobscot_000_xl_0654,penobscot,45,22,22,True,-14.434441533479877,0.9748419983782999
ood,test_ood,penobscot_000_xl_0654,penobscot,45,23,22,True,-8.403832002178886,0.5675597745875893
ood,test_ood,penobscot_000_xl_0654,penobscot,45,24,22,True,-14.41551082923619,0.9735634975431393
ood,test_ood,penobscot_000_xl_0654,penobscot,45,25,22,True,-13.879509805492605,0.937364223195943
ood,test_ood,penobscot_000_xl_0654,penobscot,45,26,22,True,-14.124867997879221,0.953934692516136
ood,test_ood,penobscot_000_xl_0654,penobscot,45,27,22,True,-11.318240966718083,0.7643868047496692
ood,test_ood,penobscot_000_xl_0654,penobscot,45,28,22,True,-14.460433685626128,0.9765973999628802
ood,test_ood,penobscot_000_xl_0654,penobscot,45,29,22,True,-13.879509805492605,0.937364223195943
ood,test_ood,penobscot_000_xl_0654,penobscot,45,30,22,True,-10.191955586509756,0.6883221860915855
ood,test_ood,penobscot_000_xl_0654,penobscot,45,31,22,True,-13.684982190567222,0.9242266391450614
ood,test_ood,penobscot_000_xl_0654,penobscot,45,32,22,True,-10.707369233763718,0.7231310748674421
ood,test_ood,penobscot_000_xl_0654,penobscot,45,33,22,True,-6.860946473967212,0.4633597189011796
ood,test_ood,penobscot_000_xl_0654,penobscot,45,34,22,True,-9.120807464571786,0.6159813079684376
ood,test_ood,penobscot_000_xl_0654,penobscot,45,35,22,True,-11.470153311119365,0.7746463311089669
ood,test_ood,penobscot_000_xl_0654,penobscot,45,36,22,True,-14.534954857498601,0.9816302492034382
ood,test_ood,penobscot_000_xl_0654,penobscot,45,37,22,True,-10.24299977345192,0.6917694976546191
ood,test_ood,penobscot_000_xl_0654,penobscot,45,38,22,True,-14.345832118690248,0.9688576879504734
ood,test_ood,penobscot_000_xl_0654,penobscot,45,39,22,True,-14.539098980379007,0.9819101259843233
ood,test_ood,penobscot_000_xl_0654,penobscot,45,40,22,True,-10.852673137192742,0.7329442946766304
ood,test_ood,penobscot_000_xl_0654,penobscot,45,41,22,True,-14.124867997879221,0.953934692516136
ood,test_ood,penobscot_000_xl_0654,penobscot,45,42,22,True,-11.340704359012227,0.7659038886066086
ood,test_ood,penobscot_000_xl_0654,penobscot,45,43,22,True,-11.132046304743572,0.7518119935977721
ood,test_ood,penobscot_000_xl_0654,penobscot,45,44,22,True,-11.318240966718083,0.7643868047496692
ood,test_ood,penobscot_000_xl_0654,penobscot,45,45,22,True,-14.244190720965666,0.9619932517306187
ood,test_ood,penobscot_000_xl_0654,penobscot,45,46,22,True,-9.233186162959665,0.6235708967071144
ood,test_ood,penobscot_000_xl_0654,penobscot,45,47,22,True,-8.980237263620516,0.6064877826879523
ood,test_ood,penobscot_000_xl_0654,penobscot,45,48,22,True,-6.912958280632998,0.4668723794659638
ood,test_ood,penobscot_000_xl_0654,penobscot,45,49,22,True,-13.871898755782777,0.9368502046319633
ood,test_ood,penobscot_000_xl_0654,penobscot,45,50,22,True,-14.594164044645582,0.985628990837248
ood,test_ood,penobscot_000_xl_0654,penobscot,45,51,22,True,-11.668994878173521,0.7880752615000834
ood,test_ood,penobscot_000_xl_0654,penobscot,45,52,22,True,-12.151969460981263,0.8206933511143006
ood,test_ood,penobscot_000_xl_0654,penobscot,45,53,22,True,-14.446217618219055,0.9756373060425129
ood,test_ood,penobscot_000_xl_0654,penobscot,45,54,22,True,-7.19487764889368,0.48591203816694967
ood,test_ood,penobscot_000_xl_0654,penobscot,45,55,22,True,-9.140315711519367,0.6172988136298188
ood,test_ood,penobscot_000_xl_0654,penobscot,45,56,22,True,-10.894405430469844,0.7357627197664265
ood,test_ood,penobscot_000_xl_0654,penobscot,45,57,22,True,-13.849119692560226,0.935311801676674
ood,test_ood,penobscot_000_xl_0654,penobscot,45,58,22,True,-10.362419268218677,0.6998345924249108
ood,test_ood,penobscot_000_xl_0654,penobscot,45,59,22,True,-14.645552813985976,0.9890995740587598
ood,test_ood,penobscot_000_xl_0654,penobscot,45,60,22,True,-14.541184766494295,0.9820509912820975
ood,test_ood,penobscot_000_xl_0654,penobscot,45,61,22,True,-11.769409927484473,0.7948568752612042
ood,test_ood,penobscot_000_xl_0654,penobscot,45,62,22,True,-11.633011300300305,0.7856450806800384
ood,test_ood,penobscot_000_xl_0654,penobscot,45,63,22,True,-10.963024080799375,0.740396937311879
ood,test_ood,penobscot_000_xl_0654,penobscot,45,64,22,True,-9.136429188434581,0.6170363340650966
ood,test_ood,penobscot_000_xl_0654,penobscot,45,65,22,True,-13.879509805492605,0.937364223195943
ood,test_ood,penobscot_000_xl_0654,penobscot,45,66,22,True,-13.623972717742795,0.9201063137226873
ood,test_ood,penobscot_000_xl_0654,penobscot,45,67,22,True,-14.535719724863924,0.9816819051562633
ood,test_ood,penobscot_000_xl_0654,penobscot,45,68,22,True,-14.479557659582632,0.9778889534286276
ood,test_ood,penobscot_000_xl_0654,penobscot,45,69,22,True,-8.454000029112368,0.5709479139566875
ood,test_ood,penobscot_000_xl_0654,penobscot,45,70,22,True,-9.250364031380418,0.6247310183190474
ood,test_ood,penobscot_000_xl_0654,penobscot,45,71,22,True,-11.358862287346962,0.767130199378881
ood,test_ood,penobscot_000_xl_0654,penobscot,45,72,22,True,-10.985650781010053,0.7419250503046074
ood,test_ood,penobscot_000_xl_0654,penobscot,45,73,22,True,-11.470153311119365,0.7746463311089669
ood,test_ood,penobscot_000_xl_0654,penobscot,45,74,22,True,-10.639056484889993,0.7185175166308927
ood,test_ood,penobscot_000_xl_0654,penobscot,45,75,22,True,-11.811447590493106,0.7976959237494637
ood,test_ood,penobscot_000_xl_0654,penobscot,45,76,22,True,-9.261257464063625,0.6254667153435194
ood,test_ood,penobscot_000_xl_0654,penobscot,45,77,22,True,-8.827039220735807,0.5961414256136603
ood,test_ood,penobscot_000_xl_0654,penobscot,45,78,22,True,-10.191955586509756,0.6883221860915855
ood,test_ood,penobscot_000_xl_0654,penobscot,45,79,22,True,-8.669189404529185,0.585480907164256
ood,test_ood,penobscot_000_xl_0654,penobscot,45,80,22,True,-9.140315711519367,0.6172988136298188
ood,test_ood,penobscot_000_xl_0654,penobscot,45,81,22,True,-14.500834687479903,0.9793259151806164
ood,test_ood,penobscot_000_xl_0654,penobscot,45,82,22,True,-10.938420310844458,0.7387353012717971
ood,test_ood,penobscot_000_xl_0654,penobscot,45,83,22,True,-7.820550448480507,0.5281673703781382
ood,test_ood,penobscot_000_xl_0654,penobscot,45,84,22,True,-11.61563922150283,0.7844718429090005
ood,test_ood,penobscot_000_xl_0654,penobscot,45,85,22,True,-14.41551082923619,0.9735634975431393
ood,test_ood,penobscot_000_xl_0654,penobscot,45,86,22,True,-10.595203512963733,0.715555869747065
ood,test_ood,penobscot_000_xl_0654,penobscot,45,87,22,True,-14.473788410206094,0.9774993223799775
ood,test_ood,penobscot_000_xl_0654,penobscot,45,88,22,True,-9.001580471776002,0.6079292139786495
ood,test_ood,penobscot_000_xl_0654,penobscot,45,89,22,True,-8.147062087122894,0.5502186050982101
ood,test_ood,penobscot_000_xl_0654,penobscot,45,90,22,True,-8.301079643747265,0.5606203087136076
ood,test_ood,penobscot_000_xl_0654,penobscot,45,91,22,True,-7.707202442710335,0.5205123186602801
ood,test_ood,penobscot_000_xl_0654,penobscot,45,92,22,True,-6.912958280632998,0.4668723794659638
ood,test_ood,penobscot_000_xl_0654,penobscot,45,93,22,True,-9.233186162959665,0.6235708967071144
ood,test_ood,penobscot_000_xl_0654,penobscot,45,94,22,True,-8.669189404529185,0.585480907164256
ood,test_ood,penobscot_000_xl_0654,penobscot,45,95,22,True,-10.963024080799375,0.740396937311879
ood,test_ood,penobscot_000_xl_0654,penobscot,45,96,22,True,-10.899862206442705,0.7361312476642154
ood,test_ood,penobscot_000_xl_0654,penobscot,45,97,22,True,-12.184987616454785,0.8229232596694684
ood,test_ood,penobscot_000_xl_0654,penobscot,45,98,22,True,-14.475160136799506,0.9775919630748358
ood,test_ood,penobscot_000_xl_0654,penobscot,45,99,22,True,-14.461767791641792,0.9766874999207721
ood,test_ood,penobscot_000_xl_0690,penobscot,46,0,22,True,-7.672877811495968,0.5924886892520342
ood,test_ood,penobscot_000_xl_0690,penobscot,46,1,22,True,-12.699918083616547,0.9806695745495161
ood,test_ood,penobscot_000_xl_0690,penobscot,46,2,22,True,-11.702924239065084,0.903683130784491
ood,test_ood,penobscot_000_xl_0690,penobscot,46,3,22,True,-11.671909848358446,0.9012882437356976
ood,test_ood,penobscot_000_xl_0690,penobscot,46,4,22,True,-9.24923571003665,0.7142127995590072
ood,test_ood,penobscot_000_xl_0690,penobscot,46,5,22,True,-6.339179620379327,0.4895024157147988
ood,test_ood,penobscot_000_xl_0690,penobscot,46,6,22,True,-11.851306886221366,0.9151410273236036
ood,test_ood,penobscot_000_xl_0690,penobscot,46,7,22,True,-7.1045373093039945,0.5486022456691522
ood,test_ood,penobscot_000_xl_0690,penobscot,46,8,22,True,-5.467719714251359,0.4222095237644197
ood,test_ood,penobscot_000_xl_0690,penobscot,46,9,22,True,-7.8507843264077355,0.6062263767819388
ood,test_ood,penobscot_000_xl_0690,penobscot,46,10,22,True,-9.413442251285298,0.7268925946477878
ood,test_ood,penobscot_000_xl_0690,penobscot,46,11,22,True,-11.534242836484047,0.8906577932811764
ood,test_ood,penobscot_000_xl_0690,penobscot,46,12,22,True,-11.09752064738171,0.8569347282532351
ood,test_ood,penobscot_000_xl_0690,penobscot,46,13,22,True,-8.662658650901795,0.6689181550396566
ood,test_ood,penobscot_000_xl_0690,penobscot,46,14,22,True,-8.416970765921736,0.6499464867147884
ood,test_ood,penobscot_000_xl_0690,penobscot,46,15,22,True,-8.066782213262393,0.622905425765618
ood,test_ood,penobscot_000_xl_0690,penobscot,46,16,22,True,-8.49507575345491,0.655977642537216
ood,test_ood,penobscot_000_xl_0690,penobscot,46,17,22,True,-7.036449870381499,0.5433446306734754
ood,test_ood,penobscot_000_xl_0690,penobscot,46,18,22,True,-8.823583356879057,0.681344531486038
ood,test_ood,penobscot_000_xl_0690,penobscot,46,19,22,True,-6.876892868760094,0.5310238664082069
ood,test_ood,penobscot_000_xl_0690,penobscot,46,20,22,True,-12.207632528251255,0.942655985567415
ood,test_ood,penobscot_000_xl_0690,penobscot,46,21,22,True,-9.535360970460879,0.7363069843845043
ood,test_ood,penobscot_000_xl_0690,penobscot,46,22,22,True,-7.932840486659058,0.6125626365304677
ood,test_ood,penobscot_000_xl_0690,penobscot,46,23,22,True,-12.197209222294688,0.9418511127366986
ood,test_ood,penobscot_000_xl_0690,penobscot,46,24,22,True,-12.599368681346817,0.9729052930088132
ood,test_ood,penobscot_000_xl_0690,penobscot,46,25,22,True,-12.729229808131626,0.9829329841416297
ood,test_ood,penobscot_000_xl_0690,penobscot,46,26,22,True,-9.089840636011745,0.7019045391119619
ood,test_ood,penobscot_000_xl_0690,penobscot,46,27,22,True,-9.183003695585839,0.7090984577966909
ood,test_ood,penobscot_000_xl_0690,penobscot,46,28,22,True,-9.55305054896024,0.7376729484251154
ood,test_ood,penobscot_000_xl_0690,penobscot,46,29,22,True,-9.884244128756723,0.7632472446413675
ood,test_ood,penobscot_000_xl_0690,penobscot,46,30,22,True,-7.901891911889495,0.6101728316945342
ood,test_ood,penobscot_000_xl_0690,penobscot,46,31,22,True,-7.51320788442607,0.580159205044574
ood,test_ood,penobscot_000_xl_0690,penobscot,46,32,22,True,-12.542881681876683,0.9685434474147525
ood,test_ood,penobscot_000_xl_0690,penobscot,46,33,22,True,-11.951020269603255,0.9228407526772778
ood,test_ood,penobscot_000_xl_0690,penobscot,46,34,22,True,-12.639450964911351,0.9760003898205724
ood,test_ood,penobscot_000_xl_0690,penobscot,46,35,22,True,-12.693044416396527,0.9801387997631064
ood,test_ood,penobscot_000_xl_0690,penobscot,46,36,22,True,-5.30292379060878,0.4094842174071646
ood,test_ood,penobscot_000_xl_0690,penobscot,46,37,22,True,-11.365279391586851,0.8776106768721726
ood,test_ood,penobscot_000_xl_0690,penobscot,46,38,22,True,-9.87137188195361,0.762253268088701
ood,test_ood,penobscot_000_xl_0690,penobscot,46,39,22,True,-9.535360970460879,0.7363069843845043
ood,test_ood,penobscot_000_xl_0690,penobscot,46,40,22,True,-5.372037759666661,0.4148210995968896
ood,test_ood,penobscot_000_xl_0690,penobscot,46,41,22,True,-6.767805833094899,0.5226003209845036
ood,test_ood,penobscot_000_xl_0690,penobscot,46,42,22,True,-11.951806800013962,0.9229014874346329
ood,test_ood,penobscot_000_xl_0690,penobscot,46,43,22,True,-8.823583356879057,0.681344531486038
ood,test_ood,penobscot_000_xl_0690,penobscot,46,44,22,True,-12.717390831987792,0.98201879527666
ood,test_ood,penobscot_000_xl_0690,penobscot,46,45,22,True,-5.7599933540739405,0.44477847768441414
ood,test_ood,penobscot_000_xl_0690,penobscot,46,46,22,True,-12.76724467104675,0.9858684376773204
ood,test_ood,penobscot_000_xl_0690,penobscot,46,47,22,True,-9.579056109300108,0.7396810607315499
ood,test_ood,penobscot_000_xl_0690,penobscot,46,48,22,True,-12.586311083000794,0.9718970038741649
ood,test_ood,penobscot_000_xl_0690,penobscot,46,49,22,True,-12.621062650516057,0.9745804703899127
ood,test_ood,penobscot_000_xl_0690,penobscot,46,50,22,True,-7.020963254286668,0.5421487762500897
ood,test_ood,penobscot_000_xl_0690,penobscot,46,51,22,True,-12.569660928843813,0.9706113026998894
ood,test_ood,penobscot_000_xl_0690,penobscot,46,52,22,True,-9.447338060197913,0.7295099807038622
ood,test_ood,penobscot_000_xl_0690,penobscot,46,53,22,True,-12.10254691722333,0.934541424451389
ood,test_ood,penobscot_000_xl_0690,penobscot,46,54,22,True,-7.618368475257837,0.5882795559941917
ood,test_ood,penobscot_000_xl_0690,penobscot,46,55,22,True,-11.365279391586851,0.8776106768721726
ood,test_ood,penobscot_000_xl_0690,penobscot,46,56,22,True,-12.538223501910045,0.9681837493965462
ood,test_ood,penobscot_000_xl_0690,penobscot,46,57,22,True,-12.454020705739767,0.961681729481732
ood,test_ood,penobscot_000_xl_0690,penobscot,46,58,22,True,-6.842372984040797,0.5283582901077705
ood,test_ood,penobscot_000_xl_0690,penobscot,46,59,22,True,-12.332164089173173,0.9522721352199729
ood,test_ood,penobscot_000_xl_0690,penobscot,46,60,22,True,-5.76691854133033,0.44531323077460633
ood,test_ood,penobscot_000_xl_0690,penobscot,46,61,22,True,-9.490652937180222,0.732854693772264
ood,test_ood,penobscot_000_xl_0690,penobscot,46,62,22,True,-11.951806800013962,0.9229014874346329
ood,test_ood,penobscot_000_xl_0690,penobscot,46,63,22,True,-7.967937231376519,0.6152727571378238
ood,test_ood,penobscot_000_xl_0690,penobscot,46,64,22,True,-6.76988890278845,0.5227611726574576
ood,test_ood,penobscot_000_xl_0690,penobscot,46,65,22,True,-7.596696898876555,0.5866061077522646
ood,test_ood,penobscot_000_xl_0690,penobscot,46,66,22,True,-7.985996910374092,0.6166672998114413
ood,test_ood,penobscot_000_xl_0690,penobscot,46,67,22,True,-12.332164089173173,0.9522721352199729
ood,test_ood,penobscot_000_xl_0690,penobscot,46,68,22,True,-6.654661688014384,0.5138634913539237
ood,test_ood,penobscot_000_xl_0690,penobscot,46,69,22,True,-9.413442251285298,0.7268925946477878
ood,test_ood,penobscot_000_xl_0690,penobscot,46,70,22,True,-7.801436873032509,0.6024158367620773
ood,test_ood,penobscot_000_xl_0690,penobscot,46,71,22,True,-12.62038024938852,0.9745277763473993
ood,test_ood,penobscot_000_xl_0690,penobscot,46,72,22,True,-4.719238965435199,0.36441290707230445
ood,test_ood,penobscot_000_xl_0690,penobscot,46,73,22,True,-11.725477374744989,0.9054246517790637
ood,test_ood,penobscot_000_xl_0690,penobscot,46,74,22,True,-7.51320788442607,0.580159205044574
ood,test_ood,penobscot_000_xl_0690,penobscot,46,75,22,True,-6.204792884239254,0.4791252634774472
ood,test_ood,penobscot_000_xl_0690,penobscot,46,76,22,True,-7.7722512567776265,0.6001621650700868
ood,test_ood,penobscot_000_xl_0690,penobscot,46,77,22,True,-6.654661688014384,0.5138634913539237
ood,test_ood,penobscot_000_xl_0690,penobscot,46,78,22,True,-12.507981221686272,0.965848483618831
ood,test_ood,penobscot_000_xl_0690,penobscot,46,79,22,True,-11.932449038186585,0.92140670865492
ood,test_ood,penobscot_000_xl_0690,penobscot,46,80,22,True,-7.967937231376519,0.6152727571378238
ood,test_ood,penobscot_000_xl_0690,penobscot,46,81,22,True,-6.830859877353708,0.5274692644178225
ood,test_ood,penobscot_000_xl_0690,penobscot,46,82,22,True,-8.280844274301908,0.6394349930387818
ood,test_ood,penobscot_000_xl_0690,penobscot,46,83,22,True,-12.27336134845055,0.9477314713867794
ood,test_ood,penobscot_000_xl_0690,penobscot,46,84,22,True,-8.416970765921736,0.6499464867147884
ood,test_ood,penobscot_000_xl_0690,penobscot,46,85,22,True,-12.62038024938852,0.9745277763473993
ood,test_ood,penobscot_000_xl_0690,penobscot,46,86,22,True,-9.46447523290497,0.7308332887564781
ood,test_ood,penobscot_000_xl_0690,penobscot,46,87,22,True,-12.621062650516057,0.9745804703899127
ood,test_ood,penobscot_000_xl_0690,penobscot,46,88,22,True,-9.221418834175832,0.7120648200495239
ood,test_ood,penobscot_000_xl_0690,penobscot,46,89,22,True,-9.33190824427693,0.7205966548285097
ood,test_ood,penobscot_000_xl_0690,penobscot,46,90,22,True,-12.477574134084675,0.9635004916502832
ood,test_ood,penobscot_000_xl_0690,penobscot,46,91,22,True,-8.416970765921736,0.6499464867147884
ood,test_ood,penobscot_000_xl_0690,penobscot,46,92,22,True,-7.495057945780865,0.578757692649604
ood,test_ood,penobscot_000_xl_0690,penobscot,46,93,22,True,-12.208178709187344,0.9426981608808852
ood,test_ood,penobscot_000_xl_0690,penobscot,46,94,22,True,-9.361432427936224,0.7228764702129437
ood,test_ood,penobscot_000_xl_0690,penobscot,46,95,22,True,-12.641638212782823,0.9761692859839514
ood,test_ood,penobscot_000_xl_0690,penobscot,46,96,22,True,-12.569660928843813,0.9706113026998894
ood,test_ood,penobscot_000_xl_0690,penobscot,46,97,22,True,-12.567934311618023,0.9704779757784809
ood,test_ood,penobscot_000_xl_0690,penobscot,46,98,22,True,-9.46447523290497,0.7308332887564781
ood,test_ood,penobscot_000_xl_0690,penobscot,46,99,22,True,-9.3596566626438,0.7227393481478757
ood,test_ood,penobscot_000_xl_0692,penobscot,47,0,22,True,-10.21113076172856,0.7688132904452288
ood,test_ood,penobscot_000_xl_0692,penobscot,47,1,22,True,-12.960129881118123,0.9757900795712898
ood,test_ood,penobscot_000_xl_0692,penobscot,47,2,22,True,-8.587327928853686,0.6465544311565163
ood,test_ood,penobscot_000_xl_0692,penobscot,47,3,22,True,-9.823266554912776,0.7396103388773562
ood,test_ood,penobscot_000_xl_0692,penobscot,47,4,22,True,-9.43743632104831,0.7105605285701208
ood,test_ood,penobscot_000_xl_0692,penobscot,47,5,22,True,-7.133232802545169,0.53707315187767
ood,test_ood,penobscot_000_xl_0692,penobscot,47,6,22,True,-9.896753559920935,0.7451432996672664
ood,test_ood,penobscot_000_xl_0692,penobscot,47,7,22,True,-11.986046396193299,0.9024496879253172
ood,test_ood,penobscot_000_xl_0692,penobscot,47,8,22,True,-13.067887484951953,0.983903331659343
ood,test_ood,penobscot_000_xl_0692,penobscot,47,9,22,True,-13.041782253056198,0.9819378246356908
ood,test_ood,penobscot_000_xl_0692,penobscot,47,10,22,True,-12.60209456389836,0.948832995507788
ood,test_ood,penobscot_000_xl_0692,penobscot,47,11,22,True,-7.319211925212915,0.5510758343022466
ood,test_ood,penobscot_000_xl_0692,penobscot,47,12,22,True,-9.843033579424436,0.7410986315563689
ood,test_ood,penobscot_000_xl_0692,penobscot,47,13,22,True,-10.21113076172856,0.7688132904452288
ood,test_ood,penobscot_000_xl_0692,penobscot,47,14,22,True,-7.280636565046852,0.5481714302483353
ood,test_ood,penobscot_000_xl_0692,penobscot,47,15,22,True,-12.142790403537113,0.914251209113865
ood,test_ood,penobscot_000_xl_0692,penobscot,47,16,22,True,-12.088434796199858,0.9101586835840058
ood,test_ood,penobscot_000_xl_0692,penobscot,47,17,22,True,-9.333300477015646,0.7027199648977691
ood,test_ood,penobscot_000_xl_0692,penobscot,47,18,22,True,-9.675978400617328,0.7285207648439008
ood,test_ood,penobscot_000_xl_0692,penobscot,47,19,22,True,-9.162992940882885,0.6898972227062193
ood,test_ood,penobscot_000_xl_0692,penobscot,47,20,22,True,-12.835276179585126,0.9663896333974323
ood,test_ood,penobscot_000_xl_0692,penobscot,47,21,22,True,-8.302886032779412,0.6251383201337325
ood,test_ood,penobscot_000_xl_0692,penobscot,47,22,22,True,-12.91807009346867,0.9726233270839554
ood,test_ood,penobscot_000_xl_0692,penobscot,47,23,22,True,-12.860802447943307,0.9683115492779728
ood,test_ood,penobscot_000_xl_0692,penobscot,47,24,22,True,-7.133232802545169,0.53707315187767
ood,test_ood,penobscot_000_xl_0692,penobscot,47,25,22,True,-12.60209456389836,0.948832995507788
ood,test_ood,penobscot_000_xl_0692,penobscot,47,26,22,True,-7.4011404012053275,0.557244367707476
ood,test_ood,penobscot_000_xl_0692,penobscot,47,27,22,True,-9.81595318058546,0.7390597025656646
ood,test_ood,penobscot_000_xl_0692,penobscot,47,28,22,True,-9.052786448498964,0.6815995896609476
ood,test_ood,penobscot_000_xl_0692,penobscot,47,29,22,True,-9.843033579424436,0.7410986315563689
ood,test_ood,penobscot_000_xl_0692,penobscot,47,30,22,True,-7.2791263206251,0.5480577213937181
ood,test_ood,penobscot_000_xl_0692,penobscot,47,31,22,True,-9.16322859326565,0.6899149653723375
ood,test_ood,penobscot_000_xl_0692,penobscot,47,32,22,True,-13.035067001785283,0.9814322220196603
ood,test_ood,penobscot_000_xl_0692,penobscot,47,33,22,True,-13.054152711894016,0.9828692173859496
ood,test_ood,penobscot_000_xl_0692,penobscot,47,34,22,True,-11.786161045744597,0.8873999821115168
ood,test_ood,penobscot_000_xl_0692,penobscot,47,35,22,True,-5.645125877550363,0.425031066800511
ood,test_ood,penobscot_000_xl_0692,penobscot,47,36,22,True,-7.34877591247435,0.5533017568621978
ood,test_ood,penobscot_000_xl_0692,penobscot,47,37,22,True,-12.142790403537113,0.914251209113865
ood,test_ood,penobscot_000_xl_0692,penobscot,47,38,22,True,-6.041904723496684,0.45490521661302535
ood,test_ood,penobscot_000_xl_0692,penobscot,47,39,22,True,-12.60209456389836,0.948832995507788
ood,test_ood,penobscot_000_xl_0692,penobscot,47,40,22,True,-6.8567066249020066,0.5162530286720309
ood,test_ood,penobscot_000_xl_0692,penobscot,47,41,22,True,-12.496027587990648,0.9408470336532186
ood,test_ood,penobscot_000_xl_0692,penobscot,47,42,22,True,-8.220652253278677,0.6189467999114407
ood,test_ood,penobscot_000_xl_0692,penobscot,47,43,22,True,-9.303592508925785,0.7004832017779379
ood,test_ood,penobscot_000_xl_0692,penobscot,47,44,22,True,-12.065069113612292,0.908399441857225
ood,test_ood,penobscot_000_xl_0692,penobscot,47,45,22,True,-7.102099964467975,0.5347291078886601
ood,test_ood,penobscot_000_xl_0692,penobscot,47,46,22,True,-9.58091928037417,0.7213636030440648
ood,test_ood,penobscot_000_xl_0692,penobscot,47,47,22,True,-9.948230321727506,0.7490190720522706
ood,test_ood,penobscot_000_xl_0692,penobscot,47,48,22,True,-11.986046396193299,0.9024496879253172
ood,test_ood,penobscot_000_xl_0692,penobscot,47,49,22,True,-12.916138835761883,0.9724779194276533
ood,test_ood,penobscot_000_xl_0692,penobscot,47,50,22,True,-13.09070676004124,0.9856214334422253
ood,test_ood,penobscot_000_xl_0692,penobscot,47,51,22,True,-7.120063319540668,0.5360815992476619
ood,test_ood,penobscot_000_xl_0692,penobscot,47,52,22,True,-9.8502101323344,0.7416389663523392
ood,test_ood,penobscot_000_xl_0692,penobscot,47,53,22,True,-9.790676296303417,0.7371565632336409
ood,test_ood,penobscot_000_xl_0692,penobscot,47,54,22,True,-13.053178963073535,0.9827959021917552
ood,test_ood,penobscot_000_xl_0692,penobscot,47,55,22,True,-13.06303362402593,0.9835378762678711
ood,test_ood,penobscot_000_xl_0692,penobscot,47,56,22,True,-9.616599088805211,0.7240499961147652
ood,test_ood,penobscot_000_xl_0692,penobscot,47,57,22,True,-12.638842936425648,0.9515998425750201
ood,test_ood,penobscot_000_xl_0692,penobscot,47,58,22,True,-12.107659521058803,0.9116061456057541
ood,test_ood,penobscot_000_xl_0692,penobscot,47,59,22,True,-10.31033453451132,0.7762825101386591
ood,test_ood,penobscot_000_xl_0692,penobscot,47,60,22,True,-12.957802555694071,0.9756148513072558
ood,test_ood,penobscot_000_xl_0692,penobscot,47,61,22,True,-5.609747631802825,0.4223673788938507
ood,test_ood,penobscot_000_xl_0692,penobscot,47,62,22,True,-9.892781842666258,0.7448442623635102
ood,test_ood,penobscot_000_xl_0692,penobscot,47,63,22,True,-12.280773161159656,0.9246401641069881
ood,test_ood,penobscot_000_xl_0692,penobscot,47,64,22,True,-8.532342723550665,0.6424145021318814
ood,test_ood,penobscot_000_xl_0692,penobscot,47,65,22,True,-13.09070676004124,0.9856214334422253
ood,test_ood,penobscot_000_xl_0692,penobscot,47,66,22,True,-13.041782253056198,0.9819378246356908
ood,test_ood,penobscot_000_xl_0692,penobscot,47,67,22,True,-12.969773285676876,0.9765161477965344
ood,test_ood,penobscot_000_xl_0692,penobscot,47,68,22,True,-9.675978400617328,0.7285207648439008
ood,test_ood,penobscot_000_xl_0692,penobscot,47,69,22,True,-8.024856888077995,0.6042050359984713
ood,test_ood,penobscot_000_xl_0692,penobscot,47,70,22,True,-7.2730064997994806,0.547596949742109
ood,test_ood,penobscot_000_xl_0692,penobscot,47,71,22,True,-12.957802555694071,0.9756148513072558
ood,test_ood,penobscot_000_xl_0692,penobscot,47,72,22,True,-13.096948829113916,0.9860914093709381
ood,test_ood,penobscot_000_xl_0692,penobscot,47,73,22,True,-7.120063319540668,0.5360815992476619
ood,test_ood,penobscot_000_xl_0692,penobscot,47,74,22,True,-8.668030364060748,0.6526306538791781
ood,test_ood,penobscot_000_xl_0692,penobscot,47,75,22,True,-12.623424728381885,0.9504389796367719
ood,test_ood,penobscot_000_xl_0692,penobscot,47,76,22,True,-8.220652253278677,0.6189467999114407
ood,test_ood,penobscot_000_xl_0692,penobscot,47,77,22,True,-12.68399667762222,0.9549995440532695
ood,test_ood,penobscot_000_xl_0692,penobscot,47,78,22,True,-4.92288397498678,0.37065225346785974
ood,test_ood,penobscot_000_xl_0692,penobscot,47,79,22,True,-12.91807009346867,0.9726233270839554
ood,test_ood,penobscot_000_xl_0692,penobscot,47,80,22,True,-7.319211925212915,0.5510758343022466
ood,test_ood,penobscot_000_xl_0692,penobscot,47,81,22,True,-12.461900520457302,0.9382775490686224
ood,test_ood,penobscot_000_xl_0692,penobscot,47,82,22,True,-11.724374557296636,0.8827479729856744
ood,test_ood,penobscot_000_xl_0692,penobscot,47,83,22,True,-7.21582681634467,0.543291794749062
ood,test_ood,penobscot_000_xl_0692,penobscot,47,84,22,True,-7.2730064997994806,0.547596949742109
ood,test_ood,penobscot_000_xl_0692,penobscot,47,85,22,True,-12.869820454846021,0.968990530256859
ood,test_ood,penobscot_000_xl_0692,penobscot,47,86,22,True,-10.771135313501915,0.8109769794782636
ood,test_ood,penobscot_000_xl_0692,penobscot,47,87,22,True,-12.914660443765708,0.9723666087959842
ood,test_ood,penobscot_000_xl_0692,penobscot,47,88,22,True,-11.786161045744597,0.8873999821115168
ood,test_ood,penobscot_000_xl_0692,penobscot,47,89,22,True,-7.3209779201049745,0.5512087990419562
ood,test_ood,penobscot_000_xl_0692,penobscot,47,90,22,True,-10.31033453451132,0.7762825101386591
ood,test_ood,penobscot_000_xl_0692,penobscot,47,91,22,True,-8.32159746656319,0.6265471356030408
ood,test_ood,penobscot_000_xl_0692,penobscot,47,92,22,True,-7.4011404012053275,0.557244367707476
ood,test_ood,penobscot_000_xl_0692,penobscot,47,93,22,True,-7.933523561720055,0.5973283955163285
ood,test_ood,penobscot_000_xl_0692,penobscot,47,94,22,True,-9.673173456278363,0.7283095758446528
ood,test_ood,penobscot_000_xl_0692,penobscot,47,95,22,True,-7.624334662550943,0.5740490408115317
ood,test_ood,penobscot_000_xl_0692,penobscot,47,96,22,True,-9.584105207849477,0.7216034769074562
ood,test_ood,penobscot_000_xl_0692,penobscot,47,97,22,True,-8.030739490512168,0.6046479470765223
ood,test_ood,penobscot_000_xl_0692,penobscot,47,98,22,True,-9.309948890361,0.7009617844775982
ood,test_ood,penobscot_000_xl_0692,penobscot,47,99,22,True,-11.786161045744597,0.8873999821115168
ood,test_ood,penobscot_000_xl_0707,penobscot,48,0,22,True,-11.57476010386301,0.9087865313397725
ood,test_ood,penobscot_000_xl_0707,penobscot,48,1,22,True,-12.21150453746164,0.958780203775962
ood,test_ood,penobscot_000_xl_0707,penobscot,48,2,22,True,-8.759867785667812,0.6877766613301278
ood,test_ood,penobscot_000_xl_0707,penobscot,48,3,22,True,-12.341997954677918,0.969025829510795
ood,test_ood,penobscot_000_xl_0707,penobscot,48,4,22,True,-8.778720646593287,0.6892568843267645
ood,test_ood,penobscot_000_xl_0707,penobscot,48,5,22,True,-9.271321745029017,0.7279332145111076
ood,test_ood,penobscot_000_xl_0707,penobscot,48,6,22,True,-12.238522488892375,0.9609015047916478
ood,test_ood,penobscot_000_xl_0707,penobscot,48,7,22,True,-6.737415342812582,0.5289848139095804
ood,test_ood,penobscot_000_xl_0707,penobscot,48,8,22,True,-11.652984773080878,0.9149283023281817
ood,test_ood,penobscot_000_xl_0707,penobscot,48,9,22,True,-12.503641458495508,0.9817171887985757
ood,test_ood,penobscot_000_xl_0707,penobscot,48,10,22,True,-12.41722116745808,0.9749319426401636
ood,test_ood,penobscot_000_xl_0707,penobscot,48,11,22,True,-6.919285225833913,0.5432642372983177
ood,test_ood,penobscot_000_xl_0707,penobscot,48,12,22,True,-6.9280931501492695,0.5439557870941693
ood,test_ood,penobscot_000_xl_0707,penobscot,48,13,22,True,-6.758893049182148,0.5306711253404511
ood,test_ood,penobscot_000_xl_0707,penobscot,48,14,22,True,-11.928788216770462,0.936582872502692
ood,test_ood,penobscot_000_xl_0707,penobscot,48,15,22,True,-7.393266017817386,0.5804786033847975
ood,test_ood,penobscot_000_xl_0707,penobscot,48,16,22,True,-12.08686836154257,0.9489944564277177
ood,test_ood,penobscot_000_xl_0707,penobscot,48,17,22,True,-9.65320069956233,0.7579162506490372
ood,test_ood,penobscot_000_xl_0707,penobscot,48,18,22,True,-4.777009813976166,0.37506454907610337
ood,test_ood,penobscot_000_xl_0707,penobscot,48,19,22,True,-12.170855241500279,0.9555886445257796
ood,test_ood,penobscot_000_xl_0707,penobscot,48,20,22,True,-11.243029953114906,0.8827409035829972
ood,test_ood,penobscot_000_xl_0707,penobscot,48,21,22,True,-6.919285225833913,0.5432642372983177
ood,test_ood,penobscot_000_xl_0707,penobscot,48,22,22,True,-8.401136093019026,0.6596110209437555
ood,test_ood,penobscot_000_xl_0707,penobscot,48,23,22,True,-9.65320069956233,0.7579162506490372
ood,test_ood,penobscot_000_xl_0707,penobscot,48,24,22,True,-11.345821212530915,0.8908115081794193
ood,test_ood,penobscot_000_xl_0707,penobscot,48,25,22,True,-8.778720646593287,0.6892568843267645
ood,test_ood,penobscot_000_xl_0707,penobscot,48,26,22,True,-8.572325702028,0.6730518879316384
ood,test_ood,penobscot_000_xl_0707,penobscot,48,27,22,True,-12.148135735939988,0.9538048338492197
ood,test_ood,penobscot_000_xl_0707,penobscot,48,28,22,True,-12.409494933028038,0.9743253211875383
ood,test_ood,penobscot_000_xl_0707,penobscot,48,29,22,True,-7.400932555251489,0.5810805377574846
ood,test_ood,penobscot_000_xl_0707,penobscot,48,30,22,True,-5.112741735347965,0.4014243738625961
ood,test_ood,penobscot_000_xl_0707,penobscot,48,31,22,True,-11.578269731367918,0.9090620879973497
ood,test_ood,penobscot_000_xl_0707,penobscot,48,32,22,True,-11.402162490036993,0.8952351155541337
ood,test_ood,penobscot_000_xl_0707,penobscot,48,33,22,True,-8.778720646593287,0.6892568843267645
ood,test_ood,penobscot_000_xl_0707,penobscot,48,34,22,True,-12.170764221455851,0.9555814981322718
ood,test_ood,penobscot_000_xl_0707,penobscot,48,35,22,True,-12.503641458495508,0.9817171887985757
ood,test_ood,penobscot_000_xl_0707,penobscot,48,36,22,True,-11.516687252207111,0.9042269702821086
ood,test_ood,penobscot_000_xl_0707,penobscot,48,37,22,True,-8.930226337922328,0.7011522783103686
ood,test_ood,penobscot_000_xl_0707,penobscot,48,38,22,True,-8.291692959549863,0.6510181477652259
ood,test_ood,penobscot_000_xl_0707,penobscot,48,39,22,True,-12.299755961145511,0.9657092204031572
ood,test_ood,penobscot_000_xl_0707,penobscot,48,40,22,True,-7.26939810650592,0.5707531759500225
ood,test_ood,penobscot_000_xl_0707,penobscot,48,41,22,True,-7.799817250824823,0.6123987711931506
ood,test_ood,penobscot_000_xl_0707,penobscot,48,42,22,True,-12.551995101547739,0.9855136510278372
ood,test_ood,penobscot_000_xl_0707,penobscot,48,43,22,True,-8.291692959549863,0.6510181477652259
ood,test_ood,penobscot_000_xl_0707,penobscot,48,44,22,True,-12.272535580384048,0.9635720257492739
ood,test_ood,penobscot_000_xl_0707,penobscot,48,45,22,True,-12.323320707863505,0.9675593947687237
ood,test_ood,penobscot_000_xl_0707,penobscot,48,46,22,True,-7.26939810650592,0.5707531759500225
ood,test_ood,penobscot_000_xl_0707,penobscot,48,47,22,True,-8.708050680680088,0.6837082671100051
ood,test_ood,penobscot_000_xl_0707,penobscot,48,48,22,True,-7.393266017817386,0.5804786033847975
ood,test_ood,penobscot_000_xl_0707,penobscot,48,49,22,True,-11.425303703114677,0.8970520363866309
ood,test_ood,penobscot_000_xl_0707,penobscot,48,50,22,True,-11.905154806590048,0.9347273070595323
ood,test_ood,penobscot_000_xl_0707,penobscot,48,51,22,True,-11.345821212530915,0.8908115081794193
ood,test_ood,penobscot_000_xl_0707,penobscot,48,52,22,True,-12.407857181667978,0.974196733954252
ood,test_ood,penobscot_000_xl_0707,penobscot,48,53,22,True,-7.031784652523127,0.5520970738185738
ood,test_ood,penobscot_000_xl_0707,penobscot,48,54,22,True,-8.572325702028,0.6730518879316384
ood,test_ood,penobscot_000_xl_0707,penobscot,48,55,22,True,-6.548680643706824,0.5141664029010847
ood,test_ood,penobscot_000_xl_0707,penobscot,48,56,22,True,-8.742622554953526,0.686422660619758
ood,test_ood,penobscot_000_xl_0707,penobscot,48,57,22,True,-7.031784652523127,0.5520970738185738
ood,test_ood,penobscot_000_xl_0707,penobscot,48,58,22,True,-5.62041794885075,0.4412843192068564
ood,test_ood,penobscot_000_xl_0707,penobscot,48,59,22,True,-7.122155564061525,0.5591925009802635
ood,test_ood,penobscot_000_xl_0707,penobscot,48,60,22,True,-11.516687252207111,0.9042269702821086
ood,test_ood,penobscot_000_xl_0707,penobscot,48,61,22,True,-9.101244472410402,0.7145796820615484
ood,test_ood,penobscot_000_xl_0707,penobscot,48,62,22,True,-6.9684308595773565,0.5471228822827
ood,test_ood,penobscot_000_xl_0707,penobscot,48,63,22,True,-7.550117494847108,0.5927937190732675
ood,test_ood,penobscot_000_xl_0707,penobscot,48,64,22,True,-11.673184142372046,0.91651424575929
ood,test_ood,penobscot_000_xl_0707,penobscot,48,65,22,True,-11.905154806590048,0.9347273070595323
ood,test_ood,penobscot_000_xl_0707,penobscot,48,66,22,True,-12.256967438095433,0.9623497008023274
ood,test_ood,penobscot_000_xl_0707,penobscot,48,67,22,True,-7.738391556384017,0.6075759633522028
ood,test_ood,penobscot_000_xl_0707,penobscot,48,68,22,True,-7.014700139065789,0.5507556917436796
ood,test_ood,penobscot_000_xl_0707,penobscot,48,69,22,True,-9.683509882953553,0.7602959611047778
ood,test_ood,penobscot_000_xl_0707,penobscot,48,70,22,True,-12.323811109226135,0.9675978983877455
ood,test_ood,penobscot_000_xl_0707,penobscot,48,71,22,True,-12.14046795871418,0.9532028021349032
ood,test_ood,penobscot_000_xl_0707,penobscot,48,72,22,True,-8.961751820287153,0.7036274858749366
ood,test_ood,penobscot_000_xl_0707,penobscot,48,73,22,True,-12.140491681669715,0.9532046647309557
ood,test_ood,penobscot_000_xl_0707,penobscot,48,74,22,True,-7.353061001736561,0.5773219265484146
ood,test_ood,penobscot_000_xl_0707,penobscot,48,75,22,True,-12.54604798611468,0.9850467162181833
ood,test_ood,penobscot_000_xl_0707,penobscot,48,76,22,True,-5.485582133879893,0.43069775227258006
ood,test_ood,penobscot_000_xl_0707,penobscot,48,77,22,True,-12.408336322515847,0.9742343534595594
ood,test_ood,penobscot_000_xl_0707,penobscot,48,78,22,True,-9.100083012731435,0.7144884906326575
ood,test_ood,penobscot_000_xl_0707,penobscot,48,79,22,True,-11.726079531834298,0.9206673009485048
ood,test_ood,penobscot_000_xl_0707,penobscot,48,80,22,True,-9.347731584033651,0.7339324950081676
ood,test_ood,penobscot_000_xl_0707,penobscot,48,81,22,True,-4.777009813976166,0.37506454907610337
ood,test_ood,penobscot_000_xl_0707,penobscot,48,82,22,True,-8.950617652631031,0.7027532922404454
ood,test_ood,penobscot_000_xl_0707,penobscot,48,83,22,True,-9.180368996558133,0.7207921047121163
ood,test_ood,penobscot_000_xl_0707,penobscot,48,84,22,True,-12.197595219324281,0.957688120582019
ood,test_ood,penobscot_000_xl_0707,penobscot,48,85,22,True,-8.52596283066066,0.6694117301508464
ood,test_ood,penobscot_000_xl_0707,penobscot,48,86,22,True,-11.479580909892466,0.9013135842749481
ood,test_ood,penobscot_000_xl_0707,penobscot,48,87,22,True,-12.413992132391416,0.9746784165582857
ood,test_ood,penobscot_000_xl_0707,penobscot,48,88,22,True,-12.104377369140956,0.9503691674489184
ood,test_ood,penobscot_000_xl_0707,penobscot,48,89,22,True,-11.453608528986086,0.8992743757088314
ood,test_ood,penobscot_000_xl_0707,penobscot,48,90,22,True,-7.7172937691600705,0.6059194810840481
ood,test_ood,penobscot_000_xl_0707,penobscot,48,91,22,True,-12.013630095888363,0.9432441904344713
ood,test_ood,penobscot_000_xl_0707,penobscot,48,92,22,True,-9.18537443602553,0.7211851043017913
ood,test_ood,penobscot_000_xl_0707,penobscot,48,93,22,True,-11.90301311932648,0.934559153549481
ood,test_ood,penobscot_000_xl_0707,penobscot,48,94,22,True,-9.630934809913352,0.7561680554000891
ood,test_ood,penobscot_000_xl_0707,penobscot,48,95,22,True,-7.799817250824823,0.6123987711931506
ood,test_ood,penobscot_000_xl_0707,penobscot,48,96,22,True,-11.949177456479923,0.9381837235152353
ood,test_ood,penobscot_000_xl_0707,penobscot,48,97,22,True,-12.066100284467225,0.9473638611878558
ood,test_ood,penobscot_000_xl_0707,penobscot,48,98,22,True,-9.330643592128443,0.7325908398246693
ood,test_ood,penobscot_000_xl_0707,penobscot,48,99,22,True,-7.461618245710349,0.5858452445539273
ood,test_ood,penobscot_000_xl_0738,penobscot,49,0,22,True,-9.676692073202101,0.8730032956697478
ood,test_ood,penobscot_000_xl_0738,penobscot,49,1,22,True,-10.734934604254633,0.9684748897060187
ood,test_ood,penobscot_000_xl_0738,penobscot,49,2,22,True,-5.397091940457112,0.48691009442161126
ood,test_ood,penobscot_000_xl_0738,penobscot,49,3,22,True,-6.644628954524679,0.5994592916588636
ood,test_ood,penobscot_000_xl_0738,penobscot,49,4,22,True,-7.314190935256857,0.6598652456163228
ood,test_ood,penobscot_000_xl_0738,penobscot,49,5,22,True,-10.842249364347953,0.9781565183583273
ood,test_ood,penobscot_000_xl_0738,penobscot,49,6,22,True,-6.45369947972144,0.582234184206564
ood,test_ood,penobscot_000_xl_0738,penobscot,49,7,22,True,-10.550579941201264,0.9518429428382066
ood,test_ood,penobscot_000_xl_0738,penobscot,49,8,22,True,-9.568468000396127,0.8632396314427883
ood,test_ood,penobscot_000_xl_0738,penobscot,49,9,22,True,-10.719886076538083,0.9671172548663294
ood,test_ood,penobscot_000_xl_0738,penobscot,49,10,22,True,-6.45369947972144,0.582234184206564
ood,test_ood,penobscot_000_xl_0738,penobscot,49,11,22,True,-6.541979170328192,0.5901985236995846
ood,test_ood,penobscot_000_xl_0738,penobscot,49,12,22,True,-10.810456305004532,0.9752882400896514
ood,test_ood,penobscot_000_xl_0738,penobscot,49,13,22,True,-6.123051095928841,0.5524040390934216
ood,test_ood,penobscot_000_xl_0738,penobscot,49,14,22,True,-9.288404800879285,0.837973135999464
ood,test_ood,penobscot_000_xl_0738,penobscot,49,15,22,True,-6.522084470592108,0.5884036811744142
ood,test_ood,penobscot_000_xl_0738,penobscot,49,16,22,True,-5.428782660118848,0.48976913989888304
ood,test_ood,penobscot_000_xl_0738,penobscot,49,17,22,True,-4.69776405885186,0.4238187465956487
ood,test_ood,penobscot_000_xl_0738,penobscot,49,18,22,True,-6.074450585385184,0.5480194409730226
ood,test_ood,penobscot_000_xl_0738,penobscot,49,19,22,True,-7.338131223824152,0.6620250695169315
ood,test_ood,penobscot_000_xl_0738,penobscot,49,20,22,True,-7.1401121289669724,0.6441603569572961
ood,test_ood,penobscot_000_xl_0738,penobscot,49,21,22,True,-6.408019671041541,0.5781130833984116
ood,test_ood,penobscot_000_xl_0738,penobscot,49,22,22,True,-10.239651260714187,0.923791852576156
ood,test_ood,penobscot_000_xl_0738,penobscot,49,23,22,True,-6.526119647326706,0.5887677232004771
ood,test_ood,penobscot_000_xl_0738,penobscot,49,24,22,True,-10.605170589492811,0.9567679539381517
ood,test_ood,penobscot_000_xl_0738,penobscot,49,25,22,True,-10.582787025170944,0.9547485732165162
ood,test_ood,penobscot_000_xl_0738,penobscot,49,26,22,True,-7.642297138560329,0.6894660425257189
ood,test_ood,penobscot_000_xl_0738,penobscot,49,27,22,True,-7.199961553536164,0.6495597997108316
ood,test_ood,penobscot_000_xl_0738,penobscot,49,28,22,True,-10.608316750275218,0.95705179150485
ood,test_ood,penobscot_000_xl_0738,penobscot,49,29,22,True,-10.699669858588388,0.9652934058937102
ood,test_ood,penobscot_000_xl_0738,penobscot,49,30,22,True,-3.345090411320827,0.30178442501891134
ood,test_ood,penobscot_000_xl_0738,penobscot,49,31,22,True,-10.842249364347953,0.9781565183583273
ood,test_ood,penobscot_000_xl_0738,penobscot,49,32,22,True,-6.116232798321599,0.551788911915978
ood,test_ood,penobscot_000_xl_0738,penobscot,49,33,22,True,-7.621544924308846,0.6875938375101064
ood,test_ood,penobscot_000_xl_0738,penobscot,49,34,22,True,-10.867736970198775,0.9804559367688932
ood,test_ood,penobscot_000_xl_0738,penobscot,49,35,22,True,-10.313706734052346,0.9304729241445722
ood,test_ood,penobscot_000_xl_0738,penobscot,49,36,22,True,-10.842249364347953,0.9781565183583273
ood,test_ood,penobscot_000_xl_0738,penobscot,49,37,22,True,-6.804436553649367,0.6138766731001187
ood,test_ood,penobscot_000_xl_0738,penobscot,49,38,22,True,-10.650593564095807,0.9608658839154167
ood,test_ood,penobscot_000_xl_0738,penobscot,49,39,22,True,-6.541979170328192,0.5901985236995846
ood,test_ood,penobscot_000_xl_0738,penobscot,49,40,22,True,-10.313706734052346,0.9304729241445722
ood,test_ood,penobscot_000_xl_0738,penobscot,49,41,22,True,-3.343445168819639,0.30163599597778373
ood,test_ood,penobscot_000_xl_0738,penobscot,49,42,22,True,-10.488667387690906,0.9462573705321959
ood,test_ood,penobscot_000_xl_0738,penobscot,49,43,22,True,-9.791896395010761,0.8833966978627219
ood,test_ood,penobscot_000_xl_0738,penobscot,49,44,22,True,-7.24671890359345,0.6537781131993671
ood,test_ood,penobscot_000_xl_0738,penobscot,49,45,22,True,-10.564278681052578,0.9530788037032882
ood,test_ood,penobscot_000_xl_0738,penobscot,49,46,22,True,-6.424445734837698,0.5795949955767108
ood,test_ood,penobscot_000_xl_0738,penobscot,49,47,22,True,-10.37482945787068,0.9359872402900131
ood,test_ood,penobscot_000_xl_0738,penobscot,49,48,22,True,-6.541979170328192,0.5901985236995846
ood,test_ood,penobscot_000_xl_0738,penobscot,49,49,22,True,-7.321494739607521,0.6605241738141846
ood,test_ood,penobscot_000_xl_0738,penobscot,49,50,22,True,-7.1401121289669724,0.6441603569572961
ood,test_ood,penobscot_000_xl_0738,penobscot,49,51,22,True,-6.624092456779461,0.5976065479653098
ood,test_ood,penobscot_000_xl_0738,penobscot,49,52,22,True,-10.597529021881078,0.9560785537114356
ood,test_ood,penobscot_000_xl_0738,penobscot,49,53,22,True,-7.149470819798321,0.6450046710965823
ood,test_ood,penobscot_000_xl_0738,penobscot,49,54,22,True,-7.2317651480935385,0.6524290284361747
ood,test_ood,penobscot_000_xl_0738,penobscot,49,55,22,True,-6.408019671041541,0.5781130833984116
ood,test_ood,penobscot_000_xl_0738,penobscot,49,56,22,True,-6.422875969916008,0.5794533759054746
ood,test_ood,penobscot_000_xl_0738,penobscot,49,57,22,True,-6.074450585385184,0.5480194409730226
ood,test_ood,penobscot_000_xl_0738,penobscot,49,58,22,True,-6.822021997351262,0.6154631811951821
ood,test_ood,penobscot_000_xl_0738,penobscot,49,59,22,True,-10.722476049998454,0.967350914814326
ood,test_ood,penobscot_000_xl_0738,penobscot,49,60,22,True,-9.716139950296062,0.8765621695545099
ood,test_ood,penobscot_000_xl_0738,penobscot,49,61,22,True,-10.714049453388183,0.9665906915317828
ood,test_ood,penobscot_000_xl_0738,penobscot,49,62,22,True,-6.5762711368413935,0.5932922461777367
ood,test_ood,penobscot_000_xl_0738,penobscot,49,63,22,True,-10.411963946468122,0.9393374069258158
ood,test_ood,penobscot_000_xl_0738,penobscot,49,64,22,True,-6.949677771300415,0.6269799175474222
ood,test_ood,penobscot_000_xl_0738,penobscot,49,65,22,True,-6.226228598224449,0.5617124162600864
ood,test_ood,penobscot_000_xl_0738,penobscot,49,66,22,True,-7.678785269727337,0.6927578966552768
ood,test_ood,penobscot_000_xl_0738,penobscot,49,67,22,True,-6.731178219000606,0.6072675170889696
ood,test_ood,penobscot_000_xl_0738,penobscot,49,68,22,True,-3.912392024066314,0.3529647430262496
ood,test_ood,penobscot_000_xl_0738,penobscot,49,69,22,True,-10.412468104135048,0.9393828905788492
ood,test_ood,penobscot_000_xl_0738,penobscot,49,70,22,True,-6.394353582764812,0.5768801682643715
ood,test_ood,penobscot_000_xl_0738,penobscot,49,71,22,True,-10.564278681052578,0.9530788037032882
ood,test_ood,penobscot_000_xl_0738,penobscot,49,72,22,True,-6.175089350424354,0.5570987805744794
ood,test_ood,penobscot_000_xl_0738,penobscot,49,73,22,True,-5.667613785421823,0.5113157963307248
ood,test_ood,penobscot_000_xl_0738,penobscot,49,74,22,True,-7.617595652232497,0.6872375455549562
ood,test_ood,penobscot_000_xl_0738,penobscot,49,75,22,True,-9.521214108323438,0.8589765213633719
ood,test_ood,penobscot_000_xl_0738,penobscot,49,76,22,True,-6.323337692906472,0.5704733191652936
ood,test_ood,penobscot_000_xl_0738,penobscot,49,77,22,True,-10.755673973345395,0.9703459358682183
ood,test_ood,penobscot_000_xl_0738,penobscot,49,78,22,True,-9.508370141946113,0.8578177756998688
ood,test_ood,penobscot_000_xl_0738,penobscot,49,79,22,True,-9.791896395010761,0.8833966978627219
ood,test_ood,penobscot_000_xl_0738,penobscot,49,80,22,True,-10.539535986610307,0.9508465890550961
ood,test_ood,penobscot_000_xl_0738,penobscot,49,81,22,True,-5.667613785421823,0.5113157963307248
ood,test_ood,penobscot_000_xl_0738,penobscot,49,82,22,True,-10.650593564095807,0.9608658839154167
ood,test_ood,penobscot_000_xl_0738,penobscot,49,83,22,True,-7.149470819798321,0.6450046710965823
ood,test_ood,penobscot_000_xl_0738,penobscot,49,84,22,True,-4.69776405885186,0.4238187465956487
ood,test_ood,penobscot_000_xl_0738,penobscot,49,85,22,True,-5.138303483779321,0.463562945018495
ood,test_ood,penobscot_000_xl_0738,penobscot,49,86,22,True,-5.514259107201781,0.497480578832875
ood,test_ood,penobscot_000_xl_0738,penobscot,49,87,22,True,-6.863010658301518,0.6191610601629088
ood,test_ood,penobscot_000_xl_0738,penobscot,49,88,22,True,-7.160393222091507,0.6459900587813872
ood,test_ood,penobscot_000_xl_0738,penobscot,49,89,22,True,-7.621544924308846,0.6875938375101064
ood,test_ood,penobscot_000_xl_0738,penobscot,49,90,22,True,-7.163516423331137,0.6462718250042463
ood,test_ood,penobscot_000_xl_0738,penobscot,49,91,22,True,-6.253694955613471,0.5641903519367897
ood,test_ood,penobscot_000_xl_0738,penobscot,49,92,22,True,-5.9298224271983155,0.534971504985327
ood,test_ood,penobscot_000_xl_0738,penobscot,49,93,22,True,-6.804436553649367,0.6138766731001187
ood,test_ood,penobscot_000_xl_0738,penobscot,49,94,22,True,-10.575047237792003,0.9540503118852178
ood,test_ood,penobscot_000_xl_0738,penobscot,49,95,22,True,-6.382342443258592,0.5757965578431288
ood,test_ood,penobscot_000_xl_0738,penobscot,49,96,22,True,-3.6991358205919243,0.3337253824010691
ood,test_ood,penobscot_000_xl_0738,penobscot,49,97,22,True,-5.467385836793733,0.493251807344076
ood,test_ood,penobscot_000_xl_0738,penobscot,49,98,22,True,-6.134026137124984,0.5533941757084823
ood,test_ood,penobscot_000_xl_0738,penobscot,49,99,22,True,-7.2317651480935385,0.6524290284361747
ood,test_ood,penobscot_000_xl_0749,penobscot,50,0,22,True,-5.637888450702009,0.5342045377298562
ood,test_ood,penobscot_000_xl_0749,penobscot,50,1,22,True,-3.80943189440137,0.3609535417304436
ood,test_ood,penobscot_000_xl_0749,penobscot,50,2,22,True,-6.616687288582357,0.6269482635577918
ood,test_ood,penobscot_000_xl_0749,penobscot,50,3,22,True,-7.157378071139681,0.6781801160636468
ood,test_ood,penobscot_000_xl_0749,penobscot,50,4,22,True,-9.944200261585461,0.9422387388973466
ood,test_ood,penobscot_000_xl_0749,penobscot,50,5,22,True,-10.06320928896267,0.9535151525780402
ood,test_ood,penobscot_000_xl_0749,penobscot,50,6,22,True,-9.61182821398189,0.9107456262547429
ood,test_ood,penobscot_000_xl_0749,penobscot,50,7,22,True,-5.938948949650474,0.5627308000132929
ood,test_ood,penobscot_000_xl_0749,penobscot,50,8,22,True,-6.569577698755994,0.6224845078670063
ood,test_ood,penobscot_000_xl_0749,penobscot,50,9,22,True,-10.229157241213912,0.969239151003116
ood,test_ood,penobscot_000_xl_0749,penobscot,50,10,22,True,-6.1561184649256155,0.5833081742432015
ood,test_ood,penobscot_000_xl_0749,penobscot,50,11,22,True,-5.5203992368462025,0.5230721303179517
ood,test_ood,penobscot_000_xl_0749,penobscot,50,12,22,True,-5.766294493292852,0.5463713429484696
ood,test_ood,penobscot_000_xl_0749,penobscot,50,13,22,True,-9.710078473322234,0.9200550928807121
ood,test_ood,penobscot_000_xl_0749,penobscot,50,14,22,True,-5.927194340582197,0.5616170203494311
ood,test_ood,penobscot_000_xl_0749,penobscot,50,15,22,True,-5.92482357666653,0.5613923843260847
ood,test_ood,penobscot_000_xl_0749,penobscot,50,16,22,True,-5.913331997047341,0.5603035273839988
ood,test_ood,penobscot_000_xl_0749,penobscot,50,17,22,True,-5.651727825186071,0.5355158543182159
ood,test_ood,penobscot_000_xl_0749,penobscot,50,18,22,True,-9.212495158161882,0.8729077845964861
ood,test_ood,penobscot_000_xl_0749,penobscot,50,19,22,True,-10.103259670907132,0.9573100300325386
ood,test_ood,penobscot_000_xl_0749,penobscot,50,20,22,True,-3.80943189440137,0.3609535417304436
ood,test_ood,penobscot_000_xl_0749,penobscot,50,21,22,True,-6.569577698755994,0.6224845078670063
ood,test_ood,penobscot_000_xl_0749,penobscot,50,22,22,True,-10.16300568726729,0.9629711198767171
ood,test_ood,penobscot_000_xl_0749,penobscot,50,23,22,True,-7.045667218735995,0.6675952233703039
ood,test_ood,penobscot_000_xl_0749,penobscot,50,24,22,True,-5.9116244550118004,0.5601417333521147
ood,test_ood,penobscot_000_xl_0749,penobscot,50,25,22,True,-5.043990692891569,0.4779311864665087
ood,test_ood,penobscot_000_xl_0749,penobscot,50,26,22,True,-7.218755817507504,0.6839958165536487
ood,test_ood,penobscot_000_xl_0749,penobscot,50,27,22,True,-8.83731547733201,0.8373585377967552
ood,test_ood,penobscot_000_xl_0749,penobscot,50,28,22,True,-10.107732786089368,0.9577338692853075
ood,test_ood,penobscot_000_xl_0749,penobscot,50,29,22,True,-6.1898501241772035,0.5865043363515722
ood,test_ood,penobscot_000_xl_0749,penobscot,50,30,22,True,-9.971719880645693,0.944846294103009
ood,test_ood,penobscot_000_xl_0749,penobscot,50,31,22,True,-5.540931870227272,0.525017650528155
ood,test_ood,penobscot_000_xl_0749,penobscot,50,32,22,True,-6.000892737237169,0.5686001343753211
ood,test_ood,penobscot_000_xl_0749,penobscot,50,33,22,True,-6.615182966523873,0.6268057251452502
ood,test_ood,penobscot_000_xl_0749,penobscot,50,34,22,True,-10.056467201763322,0.9528763223480431
ood,test_ood,penobscot_000_xl_0749,penobscot,50,35,22,True,-5.509307636619054,0.5220211724595554
ood,test_ood,penobscot_000_xl_0749,penobscot,50,36,22,True,-5.043990692891569,0.4779311864665087
ood,test_ood,penobscot_000_xl_0749,penobscot,50,37,22,True,-6.2561361779171865,0.5927851116818634
ood,test_ood,penobscot_000_xl_0749,penobscot,50,38,22,True,-10.038873124637428,0.9512092379564294
ood,test_ood,penobscot_000_xl_0749,penobscot,50,39,22,True,-2.893140406149065,0.27413254922806884
ood,test_ood,penobscot_000_xl_0749,penobscot,50,40,22,True,-10.168479652689411,0.9634897922827856
ood,test_ood,penobscot_000_xl_0749,penobscot,50,41,22,True,-10.040889585080226,0.951400302807768
ood,test_ood,penobscot_000_xl_0749,penobscot,50,42,22,True,-10.168479652689411,0.9634897922827856
ood,test_ood,penobscot_000_xl_0749,penobscot,50,43,22,True,-5.098212343577851,0.4830688283501838
ood,test_ood,penobscot_000_xl_0749,penobscot,50,44,22,True,-10.161374045385537,0.9628165175810517
ood,test_ood,penobscot_000_xl_0749,penobscot,50,45,22,True,-9.060117399186122,0.8584695971428447
ood,test_ood,penobscot_000_xl_0749,penobscot,50,46,22,True,-6.270584640494652,0.5941541409451407
ood,test_ood,penobscot_000_xl_0749,penobscot,50,47,22,True,-5.292815520460311,0.5015079835509775
ood,test_ood,penobscot_000_xl_0749,penobscot,50,48,22,True,-10.119775225745986,0.9588749216431454
ood,test_ood,penobscot_000_xl_0749,penobscot,50,49,22,True,-5.781901692949182,0.547850165552104
ood,test_ood,penobscot_000_xl_0749,penobscot,50,50,22,True,-10.01794058923311,0.9492258259934303
ood,test_ood,penobscot_000_xl_0749,penobscot,50,51,22,True,-9.712273057762467,0.9202630354423029
ood,test_ood,penobscot_000_xl_0749,penobscot,50,52,22,True,-5.1868658259792495,0.49146897549720364
ood,test_ood,penobscot_000_xl_0749,penobscot,50,53,22,True,-6.316548121204955,0.5985092998277617
ood,test_ood,penobscot_000_xl_0749,penobscot,50,54,22,True,-9.841068883611173,0.9324667736344763
ood,test_ood,penobscot_000_xl_0749,penobscot,50,55,22,True,-5.733690362107192,0.543282017045622
ood,test_ood,penobscot_000_xl_0749,penobscot,50,56,22,True,-2.842245443190699,0.26931011962562323
ood,test_ood,penobscot_000_xl_0749,penobscot,50,57,22,True,-5.743883940430276,0.5442478850019521
ood,test_ood,penobscot_000_xl_0749,penobscot,50,58,22,True,-10.119775225745986,0.9588749216431454
ood,test_ood,penobscot_000_xl_0749,penobscot,50,59,22,True,-6.989049971035472,0.6622305924628532
ood,test_ood,penobscot_000_xl_0749,penobscot,50,60,22,True,-6.002189735653131,0.5687230283355854
ood,test_ood,penobscot_000_xl_0749,penobscot,50,61,22,True,-10.264019441076655,0.9725424347634753
ood,test_ood,penobscot_000_xl_0749,penobscot,50,62,22,True,-6.715423747927241,0.6363037988938711
ood,test_ood,penobscot_000_xl_0749,penobscot,50,63,22,True,-10.26579913784395,0.9727110656431365
ood,test_ood,penobscot_000_xl_0749,penobscot,50,64,22,True,-6.762355493497706,0.6407507033806391
ood,test_ood,penobscot_000_xl_0749,penobscot,50,65,22,True,-10.01794058923311,0.9492258259934303
ood,test_ood,penobscot_000_xl_0749,penobscot,50,66,22,True,-6.635401588628506,0.628721491973449
ood,test_ood,penobscot_000_xl_0749,penobscot,50,67,22,True,-4.721561162964203,0.4473801531334784
ood,test_ood,penobscot_000_xl_0749,penobscot,50,68,22,True,-9.710078473322234,0.9200550928807121
ood,test_ood,penobscot_000_xl_0749,penobscot,50,69,22,True,-6.784425796392774,0.6428419217611926
ood,test_ood,penobscot_000_xl_0749,penobscot,50,70,22,True,-6.51182604579744,0.6170123891222625
ood,test_ood,penobscot_000_xl_0749,penobscot,50,71,22,True,-10.315881751882229,0.9774565230807148
ood,test_ood,penobscot_000_xl_0749,penobscot,50,72,22,True,-6.381818117215699,0.6046938010557362
ood,test_ood,penobscot_000_xl_0749,penobscot,50,73,22,True,-6.000892737237169,0.5686001343753211
ood,test_ood,penobscot_000_xl_0749,penobscot,50,74,22,True,-10.042867940138173,0.9515877570751654
ood,test_ood,penobscot_000_xl_0749,penobscot,50,75,22,True,-5.61537154163649,0.5320710022575549
ood,test_ood,penobscot_000_xl_0749,penobscot,50,76,22,True,-9.94199006468478,0.9420293170146783
ood,test_ood,penobscot_000_xl_0749,penobscot,50,77,22,True,-3.9913446060556215,0.37819024247154176
ood,test_ood,penobscot_000_xl_0749,penobscot,50,78,22,True,-10.14570145859946,0.961331499377464
ood,test_ood,penobscot_000_xl_0749,penobscot,50,79,22,True,-10.024253482540677,0.9498239889901972
ood,test_ood,penobscot_000_xl_0749,penobscot,50,80,22,True,-5.486821789102061,0.519890580149453
ood,test_ood,penobscot_000_xl_0749,penobscot,50,81,22,True,-9.885551438272874,0.9366816109371081
ood,test_ood,penobscot_000_xl_0749,penobscot,50,82,22,True,-10.053031060681075,0.9525507390779113
ood,test_ood,penobscot_000_xl_0749,penobscot,50,83,22,True,-6.250937249260613,0.5922924997219144
ood,test_ood,penobscot_000_xl_0749,penobscot,50,84,22,True,-5.5873654968018,0.5294173569494972
ood,test_ood,penobscot_000_xl_0749,penobscot,50,85,22,True,-9.060117399186122,0.8584695971428447
ood,test_ood,penobscot_000_xl_0749,penobscot,50,86,22,True,-10.224642154582138,0.9688113348467615
ood,test_ood,penobscot_000_xl_0749,penobscot,50,87,22,True,-5.486705646725641,0.5198795753583776
ood,test_ood,penobscot_000_xl_0749,penobscot,50,88,22,True,-9.860004300896573,0.9342609534814381
ood,test_ood,penobscot_000_xl_0749,penobscot,50,89,22,True,-10.01794058923311,0.9492258259934303
ood,test_ood,penobscot_000_xl_0749,penobscot,50,90,22,True,-5.955403744990389,0.5642899345039557
ood,test_ood,penobscot_000_xl_0749,penobscot,50,91,22,True,-6.759703542031269,0.6404994241083378
ood,test_ood,penobscot_000_xl_0749,penobscot,50,92,22,True,-4.841322888485205,0.4587278869134383
ood,test_ood,penobscot_000_xl_0749,penobscot,50,93,22,True,-8.595683555922964,0.8144632872067898
ood,test_ood,penobscot_000_xl_0749,penobscot,50,94,22,True,-6.844143606999259,0.6485003390371332
ood,test_ood,penobscot_000_xl_0749,penobscot,50,95,22,True,-9.860004300896573,0.9342609534814381
ood,test_ood,penobscot_000_xl_0749,penobscot,50,96,22,True,-6.1898501241772035,0.5865043363515722
ood,test_ood,penobscot_000_xl_0749,penobscot,50,97,22,True,-6.219712977550864,0.5893339190794433
ood,test_ood,penobscot_000_xl_0749,penobscot,50,98,22,True,-10.038873124637428,0.9512092379564294
ood,test_ood,penobscot_000_xl_0749,penobscot,50,99,22,True,-10.154339030544856,0.9621499316981011
ood,test_ood,penobscot_000_xl_0798,penobscot,51,0,21,True,-4.577603732206073,0.4435684752736949
ood,test_ood,penobscot_000_xl_0798,penobscot,51,1,21,True,-6.411605358262949,0.6212827014300675
ood,test_ood,penobscot_000_xl_0798,penobscot,51,2,21,True,-4.852392227525785,0.4701954008492244
ood,test_ood,penobscot_000_xl_0798,penobscot,51,3,21,True,-8.162976055632189,0.7909900145392159
ood,test_ood,penobscot_000_xl_0798,penobscot,51,4,21,True,-4.817409615193956,0.4668055958506074
ood,test_ood,penobscot_000_xl_0798,penobscot,51,5,21,True,-4.364332833609289,0.4229025869956732
ood,test_ood,penobscot_000_xl_0798,penobscot,51,6,21,True,-0.8031897803706529,0.07782885699080122
ood,test_ood,penobscot_000_xl_0798,penobscot,51,7,21,True,-8.230490969626757,0.7975321901426016
ood,test_ood,penobscot_000_xl_0798,penobscot,51,8,21,True,-3.636979912941844,0.35242229973611117
ood,test_ood,penobscot_000_xl_0798,penobscot,51,9,21,True,-9.361179642842414,0.9070955949561063
ood,test_ood,penobscot_000_xl_0798,penobscot,51,10,21,True,-9.700095404748282,0.9399364340827299
ood,test_ood,penobscot_000_xl_0798,penobscot,51,11,21,True,-1.8199319787250592,0.17635088140665037
ood,test_ood,penobscot_000_xl_0798,penobscot,51,12,21,True,-2.495150022297867,0.2417793141820094
ood,test_ood,penobscot_000_xl_0798,penobscot,51,13,21,True,-6.652602980805348,0.6446353012245021
ood,test_ood,penobscot_000_xl_0798,penobscot,51,14,21,True,-5.645501840237493,0.5470474925146388
ood,test_ood,penobscot_000_xl_0798,penobscot,51,15,21,True,-5.71891751365971,0.5541614499967972
ood,test_ood,penobscot_000_xl_0798,penobscot,51,16,21,True,-8.570238755017249,0.8304536521038026
ood,test_ood,penobscot_000_xl_0798,penobscot,51,17,21,True,-6.364137156589479,0.6166830464419897
ood,test_ood,penobscot_000_xl_0798,penobscot,51,18,21,True,-4.04089326792147,0.3915613867982959
ood,test_ood,penobscot_000_xl_0798,penobscot,51,19,21,True,-5.5258879345756675,0.5354569397145654
ood,test_ood,penobscot_000_xl_0798,penobscot,51,20,21,True,-4.417664895595534,0.42807044834898433
ood,test_ood,penobscot_000_xl_0798,penobscot,51,21,21,True,-4.466645908409002,0.43281669429818553
ood,test_ood,penobscot_000_xl_0798,penobscot,51,22,21,True,-4.364332833609289,0.4229025869956732
ood,test_ood,penobscot_000_xl_0798,penobscot,51,23,21,True,-6.022973336681126,0.583624371146309
ood,test_ood,penobscot_000_xl_0798,penobscot,51,24,21,True,-5.238582287248903,0.5076171057364418
ood,test_ood,penobscot_000_xl_0798,penobscot,51,25,21,True,-5.8008784163981915,0.5621034377236911
ood,test_ood,penobscot_000_xl_0798,penobscot,51,26,21,True,-5.442228164726087,0.5273503322568587
ood,test_ood,penobscot_000_xl_0798,penobscot,51,27,21,True,-7.770180915082086,0.7529282792337095
ood,test_ood,penobscot_000_xl_0798,penobscot,51,28,21,True,-6.079821442678616,0.5891329361455235
ood,test_ood,penobscot_000_xl_0798,penobscot,51,29,21,True,-6.82334964385667,0.661180603399718
ood,test_ood,penobscot_000_xl_0798,penobscot,51,30,21,True,-4.9351409348190955,0.478213726609212
ood,test_ood,penobscot_000_xl_0798,penobscot,51,31,21,True,-6.260436634648922,0.6066344959135473
ood,test_ood,penobscot_000_xl_0798,penobscot,51,32,21,True,-8.697767065572503,0.8428111084448222
ood,test_ood,penobscot_000_xl_0798,penobscot,51,33,21,True,-9.341599812269909,0.9051983150469569
ood,test_ood,penobscot_000_xl_0798,penobscot,51,34,21,True,-9.206178043382671,0.892075984880726
ood,test_ood,penobscot_000_xl_0798,penobscot,51,35,21,True,-5.492081059082308,0.532181063274922
ood,test_ood,penobscot_000_xl_0798,penobscot,51,36,21,True,-2.8488724691546463,0.2760549167900856
ood,test_ood,penobscot_000_xl_0798,penobscot,51,37,21,True,-0.5990286920148996,0.05804570668553521
ood,test_ood,penobscot_000_xl_0798,penobscot,51,38,21,True,-5.416677694894247,0.5248744991334937
ood,test_ood,penobscot_000_xl_0798,penobscot,51,39,21,True,-6.0596240765479,0.5871758172197162
ood,test_ood,penobscot_000_xl_0798,penobscot,51,40,21,True,-8.474546656770595,0.82118111551083
ood,test_ood,penobscot_000_xl_0798,penobscot,51,41,21,True,-8.236676575651853,0.7981315735741317
ood,test_ood,penobscot_000_xl_0798,penobscot,51,42,21,True,-9.54363277719582,0.9247752508085025
ood,test_ood,penobscot_000_xl_0798,penobscot,51,43,21,True,-7.721416258901617,0.7482029981795559
ood,test_ood,penobscot_000_xl_0798,penobscot,51,44,21,True,-5.858713921322211,0.5677076813927839
ood,test_ood,penobscot_000_xl_0798,penobscot,51,45,21,True,-3.459744891139163,0.3352482774779135
ood,test_ood,penobscot_000_xl_0798,penobscot,51,46,21,True,-3.0034798470258663,0.2910363269077655
ood,test_ood,penobscot_000_xl_0798,penobscot,51,47,21,True,-7.624956941881781,0.7388561183097662
ood,test_ood,penobscot_000_xl_0798,penobscot,51,48,21,True,-8.294791754765953,0.8037629175912068
ood,test_ood,penobscot_000_xl_0798,penobscot,51,49,21,True,-6.349946098091344,0.6153079369854304
ood,test_ood,penobscot_000_xl_0798,penobscot,51,50,21,True,-2.7212348897470124,0.2636868723289316
ood,test_ood,penobscot_000_xl_0798,penobscot,51,51,21,True,-5.315714145006456,0.5150911604039168
ood,test_ood,penobscot_000_xl_0798,penobscot,51,52,21,True,-8.249670226318022,0.7993906545587268
ood,test_ood,penobscot_000_xl_0798,penobscot,51,53,21,True,-8.080671451627396,0.7830147222592054
ood,test_ood,penobscot_000_xl_0798,penobscot,51,54,21,True,-4.491109014355125,0.4351871621760923
ood,test_ood,penobscot_000_xl_0798,penobscot,51,55,21,True,-5.362953177071175,0.5196686089233095
ood,test_ood,penobscot_000_xl_0798,penobscot,51,56,21,True,-9.43287110494945,0.9140424768614209
ood,test_ood,penobscot_000_xl_0798,penobscot,51,57,21,True,-5.72856664885218,0.5550964484010762
ood,test_ood,penobscot_000_xl_0798,penobscot,51,58,21,True,-5.98072366817081,0.579530390509652
ood,test_ood,penobscot_000_xl_0798,penobscot,51,59,21,True,-5.555701245928634,0.538345840946154
ood,test_ood,penobscot_000_xl_0798,penobscot,51,60,21,True,-3.8097878072719227,0.3691673346249896
ood,test_ood,penobscot_000_xl_0798,penobscot,51,61,21,True,-5.149034842159559,0.49893998425397745
ood,test_ood,penobscot_000_xl_0798,penobscot,51,62,21,True,-4.097137394432307,0.397011426360259
ood,test_ood,penobscot_000_xl_0798,penobscot,51,63,21,True,-8.51523947021336,0.8251242373425456
ood,test_ood,penobscot_000_xl_0798,penobscot,51,64,21,True,-6.52858768090989,0.6326182545985091
ood,test_ood,penobscot_000_xl_0798,penobscot,51,65,21,True,-9.519779693917414,0.9224638939503411
ood,test_ood,penobscot_000_xl_0798,penobscot,51,66,21,True,-9.708166296714236,0.9407185011756607
ood,test_ood,penobscot_000_xl_0798,penobscot,51,67,21,True,-6.396649356458738,0.6198334691887948
ood,test_ood,penobscot_000_xl_0798,penobscot,51,68,21,True,-5.780552707749187,0.5601338824450494
ood,test_ood,penobscot_000_xl_0798,penobscot,51,69,21,True,-4.039228379665559,0.3914000596087054
ood,test_ood,penobscot_000_xl_0798,penobscot,51,70,21,True,-8.212434475133172,0.7957825210581069
ood,test_ood,penobscot_000_xl_0798,penobscot,51,71,21,True,-4.232463116520045,0.41012444961944816
ood,test_ood,penobscot_000_xl_0798,penobscot,51,72,21,True,-4.258508077997842,0.4126481988400259
ood,test_ood,penobscot_000_xl_0798,penobscot,51,73,21,True,-3.910583139371976,0.37893437309967637
ood,test_ood,penobscot_000_xl_0798,penobscot,51,74,21,True,-9.405406065112297,0.911381122459294
ood,test_ood,penobscot_000_xl_0798,penobscot,51,75,21,True,-5.227543062181835,0.506547408026098
ood,test_ood,penobscot_000_xl_0798,penobscot,51,76,21,True,-5.175359660102668,0.5014908514849546
ood,test_ood,penobscot_000_xl_0798,penobscot,51,77,21,True,-7.076256466816725,0.6856872012638897
ood,test_ood,penobscot_000_xl_0798,penobscot,51,78,21,True,-5.789298369665698,0.5609813345506726
ood,test_ood,penobscot_000_xl_0798,penobscot,51,79,21,True,-9.595424910092918,0.9297938934792753
ood,test_ood,penobscot_000_xl_0798,penobscot,51,80,21,True,-9.529845148334324,0.9234392335668385
ood,test_ood,penobscot_000_xl_0798,penobscot,51,81,21,True,-4.942838172142594,0.478959586675557
ood,test_ood,penobscot_000_xl_0798,penobscot,51,82,21,True,-5.700835239973484,0.5524092829160054
ood,test_ood,penobscot_000_xl_0798,penobscot,51,83,21,True,-7.593788756137699,0.7358359301422579
ood,test_ood,penobscot_000_xl_0798,penobscot,51,84,21,True,-6.291299270024181,0.609625076338851
ood,test_ood,penobscot_000_xl_0798,penobscot,51,85,21,True,-3.7384296523481075,0.3622527500891527
ood,test_ood,penobscot_000_xl_0798,penobscot,51,86,21,True,-9.855398724259452,0.9549852807436683
ood,test_ood,penobscot_000_xl_0798,penobscot,51,87,21,True,-5.60272157937251,0.5429020976325557
ood,test_ood,penobscot_000_xl_0798,penobscot,51,88,21,True,-9.490033625262601,0.91958150851672
ood,test_ood,penobscot_000_xl_0798,penobscot,51,89,21,True,-4.9351409348190955,0.478213726609212
ood,test_ood,penobscot_000_xl_0798,penobscot,51,90,21,True,-5.590555633653374,0.5417232210174977
ood,test_ood,penobscot_000_xl_0798,penobscot,51,91,21,True,-8.217255982323405,0.7962497237077919
ood,test_ood,penobscot_000_xl_0798,penobscot,51,92,21,True,-5.594755772203595,0.5421302132260089
ood,test_ood,penobscot_000_xl_0798,penobscot,51,93,21,True,-9.557373862947237,0.9261067580362863
ood,test_ood,penobscot_000_xl_0798,penobscot,51,94,21,True,-6.047293048326735,0.5859809441580449
ood,test_ood,penobscot_000_xl_0798,penobscot,51,95,21,True,-5.9691884506682715,0.5784126312760268
ood,test_ood,penobscot_000_xl_0798,penobscot,51,96,21,True,-4.807540116704968,0.4658492443067471
ood,test_ood,penobscot_000_xl_0798,penobscot,51,97,21,True,-6.340014633853437,0.6143455809784546
ood,test_ood,penobscot_000_xl_0798,penobscot,51,98,21,True,-7.957365035997345,0.7710663663131286
ood,test_ood,penobscot_000_xl_0798,penobscot,51,99,21,True,-3.9779611862451736,0.38546328631865884
ood,test_ood,penobscot_000_xl_0833,penobscot,52,0,22,True,-8.509156012754477,0.9640871060144722
ood,test_ood,penobscot_000_xl_0833,penobscot,52,1,22,True,-6.98891224592534,0.7918435355120664
ood,test_ood,penobscot_000_xl_0833,penobscot,52,2,22,True,-5.6065696888566405,0.6352241676961037
ood,test_ood,penobscot_000_xl_0833,penobscot,52,3,22,True,-4.46704683324178,0.5061162643434824
ood,test_ood,penobscot_000_xl_0833,penobscot,52,4,22,True,-3.9982618041502427,0.45300293543491177
ood,test_ood,penobscot_000_xl_0833,penobscot,52,5,22,True,-8.160220523464385,0.9245527261592679
ood,test_ood,penobscot_000_xl_0833,penobscot,52,6,22,True,-8.34265728058064,0.945222804946781
ood,test_ood,penobscot_000_xl_0833,penobscot,52,7,22,True,-8.364936215357702,0.9477470075494957
ood,test_ood,penobscot_000_xl_0833,penobscot,52,8,22,True,-5.579909916899249,0.6322036163799821
ood,test_ood,penobscot_000_xl_0833,penobscot,52,9,22,True,-8.354738711931436,0.9465916307351485
ood,test_ood,penobscot_000_xl_0833,penobscot,52,10,22,True,-3.5282557396510628,0.3997512632534325
ood,test_ood,penobscot_000_xl_0833,penobscot,52,11,22,True,-8.045237362220604,0.9115251376419395
ood,test_ood,penobscot_000_xl_0833,penobscot,52,12,22,True,-6.692880697187906,0.7583031704413749
ood,test_ood,penobscot_000_xl_0833,penobscot,52,13,22,True,-5.661403447615414,0.6414368308220824
ood,test_ood,penobscot_000_xl_0833,penobscot,52,14,22,True,-6.569098272679134,0.7442786256755674
ood,test_ood,penobscot_000_xl_0833,penobscot,52,15,22,True,-4.134532920827019,0.4684424486267432
ood,test_ood,penobscot_000_xl_0833,penobscot,52,16,22,True,-4.028506472104874,0.45642965535367275
ood,test_ood,penobscot_000_xl_0833,penobscot,52,17,22,True,-8.180846250325217,0.9268896203575758
ood,test_ood,penobscot_000_xl_0833,penobscot,52,18,22,True,-4.8055511202786185,0.544468789314663
ood,test_ood,penobscot_000_xl_0833,penobscot,52,19,22,True,-6.417772302420412,0.727133398051008
ood,test_ood,penobscot_000_xl_0833,penobscot,52,20,22,True,-4.310177569928043,0.48834298179183194
ood,test_ood,penobscot_000_xl_0833,penobscot,52,21,22,True,-8.601636694954383,0.974565164370754
ood,test_ood,penobscot_000_xl_0833,penobscot,52,22,22,True,-4.28792202729012,0.4858214295177385
ood,test_ood,penobscot_000_xl_0833,penobscot,52,23,22,True,-5.602764725281325,0.6347930654438568
ood,test_ood,penobscot_000_xl_0833,penobscot,52,24,22,True,-5.6065696888566405,0.6352241676961037
ood,test_ood,penobscot_000_xl_0833,penobscot,52,25,22,True,-8.43424378369166,0.9555995528406893
ood,test_ood,penobscot_000_xl_0833,penobscot,52,26,22,True,-4.743061695574661,0.5373887394802207
ood,test_ood,penobscot_000_xl_0833,penobscot,52,27,22,True,-8.107681774270047,0.9186000875440556
ood,test_ood,penobscot_000_xl_0833,penobscot,52,28,22,True,-5.2323142737517045,0.5928210410501783
ood,test_ood,penobscot_000_xl_0833,penobscot,52,29,22,True,-3.944532858474586,0.4469154475961638
ood,test_ood,penobscot_000_xl_0833,penobscot,52,30,22,True,-4.733221856429292,0.5362738860175403
ood,test_ood,penobscot_000_xl_0833,penobscot,52,31,22,True,-8.241809219672906,0.9337967228486297
ood,test_ood,penobscot_000_xl_0833,penobscot,52,32,22,True,-7.6417114586184915,0.8658056655788461
ood,test_ood,penobscot_000_xl_0833,penobscot,52,33,22,True,-1.7004183122327916,0.1926573407747233
ood,test_ood,penobscot_000_xl_0833,penobscot,52,34,22,True,-8.308413743715175,0.9413430133074168
ood,test_ood,penobscot_000_xl_0833,penobscot,52,35,22,True,-3.4689414617778063,0.3930309574540734
ood,test_ood,penobscot_000_xl_0833,penobscot,52,36,22,True,-7.934767888968535,0.8990089498307289
ood,test_ood,penobscot_000_xl_0833,penobscot,52,37,22,True,-8.422091516139186,0.9542227013129213
ood,test_ood,penobscot_000_xl_0833,penobscot,52,38,22,True,-3.318534229924029,0.37598982286161725
ood,test_ood,penobscot_000_xl_0833,penobscot,52,39,22,True,-7.775243677671815,0.880934861756921
ood,test_ood,penobscot_000_xl_0833,penobscot,52,40,22,True,-7.105010740331863,0.8049974912413128
ood,test_ood,penobscot_000_xl_0833,penobscot,52,41,22,True,-8.01870361282547,0.9085188646781204
ood,test_ood,penobscot_000_xl_0833,penobscot,52,42,22,True,-8.20776577506377,0.9299396016555538
ood,test_ood,penobscot_000_xl_0833,penobscot,52,43,22,True,-4.283975801722523,0.4853743222862525
ood,test_ood,penobscot_000_xl_0833,penobscot,52,44,22,True,-6.56557972824524,0.7438799747029478
ood,test_ood,penobscot_000_xl_0833,penobscot,52,45,22,True,-7.960537084775007,0.9019285988972338
ood,test_ood,penobscot_000_xl_0833,penobscot,52,46,22,True,-3.8380286938558688,0.43484852912718286
ood,test_ood,penobscot_000_xl_0833,penobscot,52,47,22,True,-3.9882298473871365,0.4518663150522432
ood,test_ood,penobscot_000_xl_0833,penobscot,52,48,22,True,-1.5484893336009593,0.1754437923206406
ood,test_ood,penobscot_000_xl_0833,penobscot,52,49,22,True,-8.395911938542564,0.9512565560026256
ood,test_ood,penobscot_000_xl_0833,penobscot,52,50,22,True,-8.20776577506377,0.9299396016555538
ood,test_ood,penobscot_000_xl_0833,penobscot,52,51,22,True,-6.930599858901381,0.7852367439141152
ood,test_ood,penobscot_000_xl_0833,penobscot,52,52,22,True,-5.242697855307432,0.5939975005106843
ood,test_ood,penobscot_000_xl_0833,penobscot,52,53,22,True,-3.574364270670782,0.4049753583536692
ood,test_ood,penobscot_000_xl_0833,penobscot,52,54,22,True,-8.5211835025701,0.9654498202286175
ood,test_ood,penobscot_000_xl_0833,penobscot,52,55,22,True,-8.402852584504817,0.9520429309697305
ood,test_ood,penobscot_000_xl_0833,penobscot,52,56,22,True,-6.9853669675511725,0.791441855584863
ood,test_ood,penobscot_000_xl_0833,penobscot,52,57,22,True,-4.134532920827019,0.4684424486267432
ood,test_ood,penobscot_000_xl_0833,penobscot,52,58,22,True,-2.274566524255973,0.2577083149633644
ood,test_ood,penobscot_000_xl_0833,penobscot,52,59,22,True,-4.270364837083309,0.4838322004248814
ood,test_ood,penobscot_000_xl_0833,penobscot,52,60,22,True,-8.49879099704072,0.9629127500632715
ood,test_ood,penobscot_000_xl_0833,penobscot,52,61,22,True,-7.934767888968535,0.8990089498307289
ood,test_ood,penobscot_000_xl_0833,penobscot,52,62,22,True,-5.602764725281325,0.6347930654438568
ood,test_ood,penobscot_000_xl_0833,penobscot,52,63,22,True,-3.769769733766851,0.42711479111683986
ood,test_ood,penobscot_000_xl_0833,penobscot,52,64,22,True,-8.326989206758244,0.9434476126802844
ood,test_ood,penobscot_000_xl_0833,penobscot,52,65,22,True,-5.235321498201215,0.5931617594848054
ood,test_ood,penobscot_000_xl_0833,penobscot,52,66,22,True,-5.297386509309947,0.6001937232723874
ood,test_ood,penobscot_000_xl_0833,penobscot,52,67,22,True,-3.9982618041502427,0.45300293543491177
ood,test_ood,penobscot_000_xl_0833,penobscot,52,68,22,True,-4.8055511202786185,0.544468789314663
ood,test_ood,penobscot_000_xl_0833,penobscot,52,69,22,True,-4.733221856429292,0.5362738860175403
ood,test_ood,penobscot_000_xl_0833,penobscot,52,70,22,True,-6.855317163791069,0.7767072169489165
ood,test_ood,penobscot_000_xl_0833,penobscot,52,71,22,True,-1.5484893336009593,0.1754437923206406
ood,test_ood,penobscot_000_xl_0833,penobscot,52,72,22,True,-1.7004183122327916,0.1926573407747233
ood,test_ood,penobscot_000_xl_0833,penobscot,52,73,22,True,-6.817709702201228,0.7724462927451113
ood,test_ood,penobscot_000_xl_0833,penobscot,52,74,22,True,-4.567280983441021,0.5174727903778578
ood,test_ood,penobscot_000_xl_0833,penobscot,52,75,22,True,-8.288952201864712,0.9391380212338123
ood,test_ood,penobscot_000_xl_0833,penobscot,52,76,22,True,-4.178263593556793,0.47339713245824433
ood,test_ood,penobscot_000_xl_0833,penobscot,52,77,22,True,-4.967962797599235,0.5628700271972792
ood,test_ood,penobscot_000_xl_0833,penobscot,52,78,22,True,-3.919406533916441,0.4440686358216785
ood,test_ood,penobscot_000_xl_0833,penobscot,52,79,22,True,-5.306794137190087,0.6012596072124433
ood,test_ood,penobscot_000_xl_0833,penobscot,52,80,22,True,-6.517357303601439,0.7384163755222353
ood,test_ood,penobscot_000_xl_0833,penobscot,52,81,22,True,-6.9853669675511725,0.791441855584863
ood,test_ood,penobscot_000_xl_0833,penobscot,52,82,22,True,-6.930599858901381,0.7852367439141152
ood,test_ood,penobscot_000_xl_0833,penobscot,52,83,22,True,-5.185041672426379,0.5874650568212846
ood,test_ood,penobscot_000_xl_0833,penobscot,52,84,22,True,-8.402427293756915,0.951994745541499
ood,test_ood,penobscot_000_xl_0833,penobscot,52,85,22,True,-6.46851561225582,0.7328826134438727
ood,test_ood,penobscot_000_xl_0833,penobscot,52,86,22,True,-8.521161049174397,0.9654472762595976
ood,test_ood,penobscot_000_xl_0833,penobscot,52,87,22,True,-2.7116475675823244,0.30722958329158284
ood,test_ood,penobscot_000_xl_0833,penobscot,52,88,22,True,-5.583019029342738,0.6325558787210914
ood,test_ood,penobscot_000_xl_0833,penobscot,52,89,22,True,-4.527886841851883,0.5130094353868728
ood,test_ood,penobscot_000_xl_0833,penobscot,52,90,22,True,-8.315151661995486,0.9421064192345964
ood,test_ood,penobscot_000_xl_0833,penobscot,52,91,22,True,-4.574186984889289,0.5182552401226282
ood,test_ood,penobscot_000_xl_0833,penobscot,52,92,22,True,-8.236823731690858,0.9332318672185909
ood,test_ood,penobscot_000_xl_0833,penobscot,52,93,22,True,-6.692880697187906,0.7583031704413749
ood,test_ood,penobscot_000_xl_0833,penobscot,52,94,22,True,-4.507999079972594,0.5107561525975375
ood,test_ood,penobscot_000_xl_0833,penobscot,52,95,22,True,-5.6065696888566405,0.6352241676961037
ood,test_ood,penobscot_000_xl_0833,penobscot,52,96,22,True,-8.045237362220604,0.9115251376419395
ood,test_ood,penobscot_000_xl_0833,penobscot,52,97,22,True,-2.7116475675823244,0.30722958329158284
ood,test_ood,penobscot_000_xl_0833,penobscot,52,98,22,True,-4.229224413540871,0.4791709917440456
ood,test_ood,penobscot_000_xl_0833,penobscot,52,99,22,True,-4.310177569928043,0.48834298179183194
ood,test_ood,penobscot_000_xl_0871,penobscot,53,0,22,True,-4.724448833389335,0.537298647395619
ood,test_ood,penobscot_000_xl_0871,penobscot,53,1,22,True,-5.339220982568276,0.6072150029027168
ood,test_ood,penobscot_000_xl_0871,penobscot,53,2,22,True,-3.524596039763864,0.4008426700268631
ood,test_ood,penobscot_000_xl_0871,penobscot,53,3,22,True,-6.641161389425783,0.7552811253782976
ood,test_ood,penobscot_000_xl_0871,penobscot,53,4,22,True,-8.419689054891258,0.9575482136059709
ood,test_ood,penobscot_000_xl_0871,penobscot,53,5,22,True,-8.152197962440908,0.92712718308317
ood,test_ood,penobscot_000_xl_0871,penobscot,53,6,22,True,-7.9459356986619305,0.903669539822443
ood,test_ood,penobscot_000_xl_0871,penobscot,53,7,22,True,-5.743923481581271,0.6532407115061295
ood,test_ood,penobscot_000_xl_0871,penobscot,53,8,22,True,-4.646365866624182,0.5284184850937118
ood,test_ood,penobscot_000_xl_0871,penobscot,53,9,22,True,-5.324273967560567,0.6055151197566689
ood,test_ood,penobscot_000_xl_0871,penobscot,53,10,22,True,-8.371762942546347,0.9520977078970588
ood,test_ood,penobscot_000_xl_0871,penobscot,53,11,22,True,-4.257354869005145,0.4841773280373486
ood,test_ood,penobscot_000_xl_0871,penobscot,53,12,22,True,-8.425678099926358,0.9582293313215039
ood,test_ood,penobscot_000_xl_0871,penobscot,53,13,22,True,-2.651397460805536,0.3015361832963246
ood,test_ood,penobscot_000_xl_0871,penobscot,53,14,22,True,-2.6859716406352048,0.30546821022949955
ood,test_ood,penobscot_000_xl_0871,penobscot,53,15,22,True,-5.300187625649823,0.602775845952307
ood,test_ood,penobscot_000_xl_0871,penobscot,53,16,22,True,-6.563304269587424,0.7464266480298243
ood,test_ood,penobscot_000_xl_0871,penobscot,53,17,22,True,-2.3660936807025656,0.26908936451340004
ood,test_ood,penobscot_000_xl_0871,penobscot,53,18,22,True,-4.310480468089214,0.4902191571557464
ood,test_ood,penobscot_000_xl_0871,penobscot,53,19,22,True,-4.799144274288896,0.5457935556436064
ood,test_ood,penobscot_000_xl_0871,penobscot,53,20,22,True,-3.92617563009374,0.446513218764955
ood,test_ood,penobscot_000_xl_0871,penobscot,53,21,22,True,-5.729029214061452,0.6515468271876476
ood,test_ood,penobscot_000_xl_0871,penobscot,53,22,22,True,-4.601957804318076,0.5233680775960369
ood,test_ood,penobscot_000_xl_0871,penobscot,53,23,22,True,-5.121007403990931,0.5823981692893762
ood,test_ood,penobscot_000_xl_0871,penobscot,53,24,22,True,-8.238499637554087,0.9369420366124483
ood,test_ood,penobscot_000_xl_0871,penobscot,53,25,22,True,-6.907614375488759,0.7855840949002375
ood,test_ood,penobscot_000_xl_0871,penobscot,53,26,22,True,-4.838902326028831,0.5503151301544741
ood,test_ood,penobscot_000_xl_0871,penobscot,53,27,22,True,-5.108861606022413,0.581016860897611
ood,test_ood,penobscot_000_xl_0871,penobscot,53,28,22,True,-4.829037306956087,0.5491932085100153
ood,test_ood,penobscot_000_xl_0871,penobscot,53,29,22,True,-3.481015605483802,0.3958863864015429
ood,test_ood,penobscot_000_xl_0871,penobscot,53,30,22,True,-4.5721930820833885,0.5199830171242672
ood,test_ood,penobscot_000_xl_0871,penobscot,53,31,22,True,-4.5187476019507615,0.5139048088088924
ood,test_ood,penobscot_000_xl_0871,penobscot,53,32,22,True,-6.2400928011309995,0.7096686915043846
ood,test_ood,penobscot_000_xl_0871,penobscot,53,33,22,True,-4.412240589820352,0.5017920575496596
ood,test_ood,penobscot_000_xl_0871,penobscot,53,34,22,True,-6.812268121020008,0.7747406260921424
ood,test_ood,penobscot_000_xl_0871,penobscot,53,35,22,True,-4.4999270622921355,0.5117644002959735
ood,test_ood,penobscot_000_xl_0871,penobscot,53,36,22,True,-5.743923481581271,0.6532407115061295
ood,test_ood,penobscot_000_xl_0871,penobscot,53,37,22,True,-3.524245735003153,0.4008028308242928
ood,test_ood,penobscot_000_xl_0871,penobscot,53,38,22,True,-4.344208257381616,0.4940549264074691
ood,test_ood,penobscot_000_xl_0871,penobscot,53,39,22,True,-7.866662850630705,0.8946540555777295
ood,test_ood,penobscot_000_xl_0871,penobscot,53,40,22,True,-2.3660936807025656,0.26908936451340004
ood,test_ood,penobscot_000_xl_0871,penobscot,53,41,22,True,-4.5187476019507615,0.5139048088088924
ood,test_ood,penobscot_000_xl_0871,penobscot,53,42,22,True,-8.198727011376432,0.9324188045906305
ood,test_ood,penobscot_000_xl_0871,penobscot,53,43,22,True,-4.51597822137323,0.5135898547283411
ood,test_ood,penobscot_000_xl_0871,penobscot,53,44,22,True,-4.154152682052856,0.47244042550898435
ood,test_ood,penobscot_000_xl_0871,penobscot,53,45,22,True,-8.04816395211066,0.9152956795565493
ood,test_ood,penobscot_000_xl_0871,penobscot,53,46,22,True,-5.348403765443628,0.6082593356899374
ood,test_ood,penobscot_000_xl_0871,penobscot,53,47,22,True,-8.049298164923842,0.9154246704784266
ood,test_ood,penobscot_000_xl_0871,penobscot,53,48,22,True,-7.866022107550561,0.8945811856192581
ood,test_ood,penobscot_000_xl_0871,penobscot,53,49,22,True,-3.6402545170216745,0.41399619239147645
ood,test_ood,penobscot_000_xl_0871,penobscot,53,50,22,True,-4.067481944533505,0.46258359952140776
ood,test_ood,penobscot_000_xl_0871,penobscot,53,51,22,True,-3.481015605483802,0.3958863864015429
ood,test_ood,penobscot_000_xl_0871,penobscot,53,52,22,True,-3.069835135026297,0.3491239558189645
ood,test_ood,penobscot_000_xl_0871,penobscot,53,53,22,True,-4.610606794999196,0.5243517036565963
ood,test_ood,penobscot_000_xl_0871,penobscot,53,54,22,True,-8.488776115303091,0.9654052960765175
ood,test_ood,penobscot_000_xl_0871,penobscot,53,55,22,True,-4.281308922305096,0.486901557019732
ood,test_ood,penobscot_000_xl_0871,penobscot,53,56,22,True,-6.63470567516973,0.7545469346483156
ood,test_ood,penobscot_000_xl_0871,penobscot,53,57,22,True,-4.705275327340792,0.5351180969803183
ood,test_ood,penobscot_000_xl_0871,penobscot,53,58,22,True,-8.238499637554087,0.9369420366124483
ood,test_ood,penobscot_000_xl_0871,penobscot,53,59,22,True,-8.329508745075,0.947292253557562
ood,test_ood,penobscot_000_xl_0871,penobscot,53,60,22,True,-5.121007403990931,0.5823981692893762
ood,test_ood,penobscot_000_xl_0871,penobscot,53,61,22,True,-4.270346574905545,0.48565483922517516
ood,test_ood,penobscot_000_xl_0871,penobscot,53,62,22,True,-8.51196270934792,0.9680422440163386
ood,test_ood,penobscot_000_xl_0871,penobscot,53,63,22,True,-1.399963159450049,0.1592139820967389
ood,test_ood,penobscot_000_xl_0871,penobscot,53,64,22,True,-4.786602197103866,0.5443671795001243
ood,test_ood,penobscot_000_xl_0871,penobscot,53,65,22,True,-8.293849452437694,0.943236819711882
ood,test_ood,penobscot_000_xl_0871,penobscot,53,66,22,True,-8.537924634048043,0.9709948227227859
ood,test_ood,penobscot_000_xl_0871,penobscot,53,67,22,True,-4.3743602716908345,0.4974840325478723
ood,test_ood,penobscot_000_xl_0871,penobscot,53,68,22,True,-6.981918533305585,0.7940345035931409
ood,test_ood,penobscot_000_xl_0871,penobscot,53,69,22,True,-8.186447567677867,0.9310222970354249
ood,test_ood,penobscot_000_xl_0871,penobscot,53,70,22,True,-5.457658883439363,0.6206846215148755
ood,test_ood,penobscot_000_xl_0871,penobscot,53,71,22,True,-4.7550376079821906,0.5407774250888128
ood,test_ood,penobscot_000_xl_0871,penobscot,53,72,22,True,-5.108861606022413,0.581016860897611
ood,test_ood,penobscot_000_xl_0871,penobscot,53,73,22,True,-8.571698942469894,0.9748358824678995
ood,test_ood,penobscot_000_xl_0871,penobscot,53,74,22,True,-4.270346574905545,0.48565483922517516
ood,test_ood,penobscot_000_xl_0871,penobscot,53,75,22,True,-4.805902703479383,0.5465621733153447
ood,test_ood,penobscot_000_xl_0871,penobscot,53,76,22,True,-8.329508745075,0.947292253557562
ood,test_ood,penobscot_000_xl_0871,penobscot,53,77,22,True,-5.457658883439363,0.6206846215148755
ood,test_ood,penobscot_000_xl_0871,penobscot,53,78,22,True,-6.47764914017864,0.7366853243756066
ood,test_ood,penobscot_000_xl_0871,penobscot,53,79,22,True,-1.8984714652547714,0.21590796860610362
ood,test_ood,penobscot_000_xl_0871,penobscot,53,80,22,True,-8.254818543277748,0.9387979411383541
ood,test_ood,penobscot_000_xl_0871,penobscot,53,81,22,True,-4.491892080577967,0.5108506037962931
ood,test_ood,penobscot_000_xl_0871,penobscot,53,82,22,True,-6.5671436988900105,0.7468632958259587
ood,test_ood,penobscot_000_xl_0871,penobscot,53,83,22,True,-4.51597822137323,0.5135898547283411
ood,test_ood,penobscot_000_xl_0871,penobscot,53,84,22,True,-4.708385486913633,0.5354718069241877
ood,test_ood,penobscot_000_xl_0871,penobscot,53,85,22,True,-6.907614375488759,0.7855840949002375
ood,test_ood,penobscot_000_xl_0871,penobscot,53,86,22,True,-8.055034994426697,0.9160771044111293
ood,test_ood,penobscot_000_xl_0871,penobscot,53,87,22,True,-8.055034994426697,0.9160771044111293
ood,test_ood,penobscot_000_xl_0871,penobscot,53,88,22,True,-6.812268121020008,0.7747406260921424
ood,test_ood,penobscot_000_xl_0871,penobscot,53,89,22,True,-3.418819238324173,0.38881296363281403
ood,test_ood,penobscot_000_xl_0871,penobscot,53,90,22,True,-4.257354869005145,0.4841773280373486
ood,test_ood,penobscot_000_xl_0871,penobscot,53,91,22,True,-4.681867088450041,0.5324559419782307
ood,test_ood,penobscot_000_xl_0871,penobscot,53,92,22,True,-8.380086975089263,0.9530443773571189
ood,test_ood,penobscot_000_xl_0871,penobscot,53,93,22,True,-8.124644390703468,0.9239935907113324
ood,test_ood,penobscot_000_xl_0871,penobscot,53,94,22,True,-6.907614375488759,0.7855840949002375
ood,test_ood,penobscot_000_xl_0871,penobscot,53,95,22,True,-6.370392438432411,0.7244873129663005
ood,test_ood,penobscot_000_xl_0871,penobscot,53,96,22,True,-8.425678099926358,0.9582293313215039
ood,test_ood,penobscot_000_xl_0871,penobscot,53,97,22,True,-4.8060855380128675,0.5465829665868996
ood,test_ood,penobscot_000_xl_0871,penobscot,53,98,22,True,-8.275770190310356,0.9411807146656644
ood,test_ood,penobscot_000_xl_0871,penobscot,53,99,22,True,-4.51597822137323,0.5135898547283411
ood,test_ood,penobscot_000_xl_0880,penobscot,54,0,22,True,-6.16769534645508,0.7655253993633793
ood,test_ood,penobscot_000_xl_0880,penobscot,54,1,22,True,-3.1918285871175103,0.396165134073452
ood,test_ood,penobscot_000_xl_0880,penobscot,54,2,22,True,-7.454005463688093,0.925180345155396
ood,test_ood,penobscot_000_xl_0880,penobscot,54,3,22,True,-7.520803589424522,0.9334712316224937
ood,test_ood,penobscot_000_xl_0880,penobscot,54,4,22,True,-3.565788338227663,0.4425804759043302
ood,test_ood,penobscot_000_xl_0880,penobscot,54,5,22,True,-6.362433884370939,0.7896960641960971
ood,test_ood,penobscot_000_xl_0880,penobscot,54,6,22,True,-2.7777310683816507,0.34476795074988653
ood,test_ood,penobscot_000_xl_0880,penobscot,54,7,22,True,-4.461446371166883,0.5537482516851
ood,test_ood,penobscot_000_xl_0880,penobscot,54,8,22,True,-3.5193446714162206,0.4368159553522309
ood,test_ood,penobscot_000_xl_0880,penobscot,54,9,22,True,-3.5193446714162206,0.4368159553522309
ood,test_ood,penobscot_000_xl_0880,penobscot,54,10,22,True,-7.087177464220119,0.8796501859928181
ood,test_ood,penobscot_000_xl_0880,penobscot,54,11,22,True,-2.214437692372227,0.2748527940493851
ood,test_ood,penobscot_000_xl_0880,penobscot,54,12,22,True,-3.966477580935342,0.4923134434577141
ood,test_ood,penobscot_000_xl_0880,penobscot,54,13,22,True,-7.487895076664577,0.9293866747567767
ood,test_ood,penobscot_000_xl_0880,penobscot,54,14,22,True,-2.502666806950926,0.31062737363733944
ood,test_ood,penobscot_000_xl_0880,penobscot,54,15,22,True,-0.7986137734997423,0.09912278307437286
ood,test_ood,penobscot_000_xl_0880,penobscot,54,16,22,True,-3.2901278933710265,0.40836590136979994
ood,test_ood,penobscot_000_xl_0880,penobscot,54,17,22,True,-3.9199775345945604,0.4865419251602187
ood,test_ood,penobscot_000_xl_0880,penobscot,54,18,22,True,-4.11239463960733,0.5104244571085435
ood,test_ood,penobscot_000_xl_0880,penobscot,54,19,22,True,-6.7503723016349015,0.8378464177921258
ood,test_ood,penobscot_000_xl_0880,penobscot,54,20,22,True,-2.769122425856829,0.3436994585276536
ood,test_ood,penobscot_000_xl_0880,penobscot,54,21,22,True,-3.6083466715764745,0.447862754503226
ood,test_ood,penobscot_000_xl_0880,penobscot,54,22,22,True,-4.0139385512452215,0.4982042302443095
ood,test_ood,penobscot_000_xl_0880,penobscot,54,23,22,True,-3.709213525151748,0.46038220204859154
ood,test_ood,penobscot_000_xl_0880,penobscot,54,24,22,True,-7.476736435360959,0.9280016803852218
ood,test_ood,penobscot_000_xl_0880,penobscot,54,25,22,True,-3.210742949746246,0.39851275732520497
ood,test_ood,penobscot_000_xl_0880,penobscot,54,26,22,True,-5.819202216526941,0.7222709376109899
ood,test_ood,penobscot_000_xl_0880,penobscot,54,27,22,True,-7.549063049476199,0.9369787548101112
ood,test_ood,penobscot_000_xl_0880,penobscot,54,28,22,True,-7.469235524929774,0.9270706782635425
ood,test_ood,penobscot_000_xl_0880,penobscot,54,29,22,True,-3.9403080536595496,0.48906531969452166
ood,test_ood,penobscot_000_xl_0880,penobscot,54,30,22,True,-7.547778113378364,0.9368192704056135
ood,test_ood,penobscot_000_xl_0880,penobscot,54,31,22,True,-2.769122425856829,0.3436994585276536
ood,test_ood,penobscot_000_xl_0880,penobscot,54,32,22,True,-7.742018242307068,0.9609280734378524
ood,test_ood,penobscot_000_xl_0880,penobscot,54,33,22,True,-7.527331739584067,0.9342814961503714
ood,test_ood,penobscot_000_xl_0880,penobscot,54,34,22,True,-3.223960844453959,0.4001533432420631
ood,test_ood,penobscot_000_xl_0880,penobscot,54,35,22,True,-3.616722594775159,0.44890236194028854
ood,test_ood,penobscot_000_xl_0880,penobscot,54,36,22,True,-4.099915249394005,0.5088755332982324
ood,test_ood,penobscot_000_xl_0880,penobscot,54,37,22,True,-3.4237131298767665,0.4249463071422551
ood,test_ood,penobscot_000_xl_0880,penobscot,54,38,22,True,-4.017373912031395,0.4986306222416548
ood,test_ood,penobscot_000_xl_0880,penobscot,54,39,22,True,-3.157626393127626,0.3919200073701269
ood,test_ood,penobscot_000_xl_0880,penobscot,54,40,22,True,-2.662120554774415,0.330418541508937
ood,test_ood,penobscot_000_xl_0880,penobscot,54,41,22,True,-3.9570216812528,0.49113979090612064
ood,test_ood,penobscot_000_xl_0880,penobscot,54,42,22,True,-7.391078532678357,0.9173699457621074
ood,test_ood,penobscot_000_xl_0880,penobscot,54,43,22,True,-2.82127507978998,0.35017257027967635
ood,test_ood,penobscot_000_xl_0880,penobscot,54,44,22,True,-3.9199775345945604,0.4865419251602187
ood,test_ood,penobscot_000_xl_0880,penobscot,54,45,22,True,-3.1918285871175103,0.396165134073452
ood,test_ood,penobscot_000_xl_0880,penobscot,54,46,22,True,-3.4462319008991926,0.4277413043351729
ood,test_ood,penobscot_000_xl_0880,penobscot,54,47,22,True,-3.9570216812528,0.49113979090612064
ood,test_ood,penobscot_000_xl_0880,penobscot,54,48,22,True,-7.725584328490372,0.9588883198944383
ood,test_ood,penobscot_000_xl_0880,penobscot,54,49,22,True,-4.697136505615402,0.5830017692738722
ood,test_ood,penobscot_000_xl_0880,penobscot,54,50,22,True,-7.655952018843358,0.9502456586317086
ood,test_ood,penobscot_000_xl_0880,penobscot,54,51,22,True,-7.6207148499948225,0.945872072350293
ood,test_ood,penobscot_000_xl_0880,penobscot,54,52,22,True,-4.265785935289671,0.5294631622147512
ood,test_ood,penobscot_000_xl_0880,penobscot,54,53,22,True,-3.2075466208149748,0.39811603361494363
ood,test_ood,penobscot_000_xl_0880,penobscot,54,54,22,True,-7.753001431369993,0.9622912909318087
ood,test_ood,penobscot_000_xl_0880,penobscot,54,55,22,True,-7.603553948620883,0.943742086165863
ood,test_ood,penobscot_000_xl_0880,penobscot,54,56,22,True,-1.440980685524667,0.1788524323587423
ood,test_ood,penobscot_000_xl_0880,penobscot,54,57,22,True,-4.59104527749239,0.5698338799382714
ood,test_ood,penobscot_000_xl_0880,penobscot,54,58,22,True,-3.895949789416717,0.4835596362840921
ood,test_ood,penobscot_000_xl_0880,penobscot,54,59,22,True,-7.454005463688093,0.925180345155396
ood,test_ood,penobscot_000_xl_0880,penobscot,54,60,22,True,-3.4462319008991926,0.4277413043351729
ood,test_ood,penobscot_000_xl_0880,penobscot,54,61,22,True,-7.5718414159404155,0.939805972612688
ood,test_ood,penobscot_000_xl_0880,penobscot,54,62,22,True,-4.971892161838586,0.6171040427557312
ood,test_ood,penobscot_000_xl_0880,penobscot,54,63,22,True,-3.940786933626695,0.48912475758136653
ood,test_ood,penobscot_000_xl_0880,penobscot,54,64,22,True,-7.404883333092334,0.9190833775638448
ood,test_ood,penobscot_000_xl_0880,penobscot,54,65,22,True,-4.555750411614764,0.5654531323853015
ood,test_ood,penobscot_000_xl_0880,penobscot,54,66,22,True,-7.220485833353832,0.8961962273886889
ood,test_ood,penobscot_000_xl_0880,penobscot,54,67,22,True,-7.486214803600824,0.9291781217015571
ood,test_ood,penobscot_000_xl_0880,penobscot,54,68,22,True,-3.160445126291025,0.39226986444143175
ood,test_ood,penobscot_000_xl_0880,penobscot,54,69,22,True,-3.709213525151748,0.46038220204859154
ood,test_ood,penobscot_000_xl_0880,penobscot,54,70,22,True,-7.072617351100104,0.877843005873686
ood,test_ood,penobscot_000_xl_0880,penobscot,54,71,22,True,-7.0259164549119895,0.8720465583844987
ood,test_ood,penobscot_000_xl_0880,penobscot,54,72,22,True,-7.209036232601528,0.8947751195524375
ood,test_ood,penobscot_000_xl_0880,penobscot,54,73,22,True,-4.971892161838586,0.6171040427557312
ood,test_ood,penobscot_000_xl_0880,penobscot,54,74,22,True,-7.501149541673101,0.9310317997263214
ood,test_ood,penobscot_000_xl_0880,penobscot,54,75,22,True,-4.280885976924789,0.5313373574779414
ood,test_ood,penobscot_000_xl_0880,penobscot,54,76,22,True,-3.223960844453959,0.4001533432420631
ood,test_ood,penobscot_000_xl_0880,penobscot,54,77,22,True,-2.713449681439337,0.33678943825106006
ood,test_ood,penobscot_000_xl_0880,penobscot,54,78,22,True,-7.32858885741081,0.909613817917244
ood,test_ood,penobscot_000_xl_0880,penobscot,54,79,22,True,-2.633944257859287,0.32692134040918874
ood,test_ood,penobscot_000_xl_0880,penobscot,54,80,22,True,-3.5547702517444018,0.44121292699318543
ood,test_ood,penobscot_000_xl_0880,penobscot,54,81,22,True,-4.107686075995322,0.5098400370234003
ood,test_ood,penobscot_000_xl_0880,penobscot,54,82,22,True,-4.05466164399583,0.50325872144241
ood,test_ood,penobscot_000_xl_0880,penobscot,54,83,22,True,-6.16769534645508,0.7655253993633793
ood,test_ood,penobscot_000_xl_0880,penobscot,54,84,22,True,-7.072617351100104,0.877843005873686
ood,test_ood,penobscot_000_xl_0880,penobscot,54,85,22,True,-5.614411497337794,0.6968526106206187
ood,test_ood,penobscot_000_xl_0880,penobscot,54,86,22,True,-3.945060010153319,0.4896551256412016
ood,test_ood,penobscot_000_xl_0880,penobscot,54,87,22,True,-5.000741887380816,0.6206848288397798
ood,test_ood,penobscot_000_xl_0880,penobscot,54,88,22,True,-3.92732556279289,0.4874539517609314
ood,test_ood,penobscot_000_xl_0880,penobscot,54,89,22,True,-7.264983801686458,0.9017192506680847
ood,test_ood,penobscot_000_xl_0880,penobscot,54,90,22,True,-7.472194266505377,0.9274379129758696
ood,test_ood,penobscot_000_xl_0880,penobscot,54,91,22,True,-7.476736435360959,0.9280016803852218
ood,test_ood,penobscot_000_xl_0880,penobscot,54,92,22,True,-3.7759554871652092,0.46866611755586696
ood,test_ood,penobscot_000_xl_0880,penobscot,54,93,22,True,-3.5547702517444018,0.44121292699318543
ood,test_ood,penobscot_000_xl_0880,penobscot,54,94,22,True,-7.470318187861245,0.9272050568160545
ood,test_ood,penobscot_000_xl_0880,penobscot,54,95,22,True,-5.699453996300443,0.7074079622267352
ood,test_ood,penobscot_000_xl_0880,penobscot,54,96,22,True,-7.277524490933205,0.9032757828255018
ood,test_ood,penobscot_000_xl_0880,penobscot,54,97,22,True,-5.845683199363927,0.7255577187866309
ood,test_ood,penobscot_000_xl_0880,penobscot,54,98,22,True,-7.611893805270094,0.9447772170751239
ood,test_ood,penobscot_000_xl_0880,penobscot,54,99,22,True,-3.854162779012764,0.4783730931702087
