split,slice_id,model_type,policy,certified,true_descent,false_certification,true_directional_derivative,cosine_to_exact,exact_blocks,exact_fraction,mode
id,seam_004_xl_0643,seam,neural-only,False,True,False,-15.241858383256695,0.19389258503454918,0,0.0,unverified
id,seam_004_xl_0643,seam,global-fallback,True,True,False,-78.60980542675622,1.0,24,1.0,exact-fallback
id,seam_004_xl_0643,seam,wavecert-selective,True,True,False,-75.75784787749618,0.9637200787639995,18,0.75,selective-repair
id,seam_004_xl_0643,seam,random-1,False,True,False,-26.839386704583436,0.3414254310753986,1,0.041666666666666664,random-repair
id,seam_004_xl_0643,seam,random-2,False,True,False,-25.8603815654125,0.32897144860010646,2,0.08333333333333333,random-repair
id,seam_004_xl_0643,seam,random-4,False,True,False,-42.46702671475143,0.5402255670804272,4,0.16666666666666666,random-repair
id,seam_004_xl_0643,seam,random-8,False,True,False,-56.61291890168022,0.7201763010904365,8,0.3333333333333333,random-repair
id,seam_004_xl_0643,seam,random-12,False,True,False,-72.91677730101193,0.9275786513547762,12,0.5,random-repair
id,seam_004_xl_0643,seam,random-15,False,True,False,-72.01560126018603,0.9161147374583664,15,0.625,random-repair
id,seam_004_xl_0643,seam,random-16,False,True,False,-76.02817843953622,0.9671589698867098,16,0.6666666666666666,random-repair
id,seam_004_xl_0643,seam,random-20,False,True,False,-77.9620819578539,0.9917602713123894,20,0.8333333333333334,random-repair
id,seam_004_xl_0643,seam,exact,True,True,False,-78.60980542675622,1.0,24,1.0,exact
id,gom_142_xl_0408,gom,neural-only,False,True,False,-38.49927166916402,0.2944938290323928,0,0.0,unverified
id,gom_142_xl_0408,gom,global-fallback,True,True,False,-130.7303171535364,1.0,24,1.0,exact-fallback
id,gom_142_xl_0408,gom,wavecert-selective,True,True,False,-121.14235140627328,0.9266584373385829,7,0.2916666666666667,selective-repair
id,gom_142_xl_0408,gom,random-1,False,True,False,-38.054287570830525,0.29108999656244733,1,0.041666666666666664,random-repair
id,gom_142_xl_0408,gom,random-2,False,True,False,-38.69092280908846,0.29595983281864047,2,0.08333333333333333,random-repair
id,gom_142_xl_0408,gom,random-4,False,True,False,-103.03124305617047,0.7881205010400558,4,0.16666666666666666,random-repair
id,gom_142_xl_0408,gom,random-8,False,True,False,-52.38427687932215,0.4007048863638829,8,0.3333333333333333,random-repair
id,gom_142_xl_0408,gom,random-12,False,True,False,-119.66344618608422,0.9153457957693578,12,0.5,random-repair
id,gom_142_xl_0408,gom,random-15,False,True,False,-104.88942604991803,0.8023343653846609,15,0.625,random-repair
id,gom_142_xl_0408,gom,random-16,False,True,False,-128.98988546267597,0.9866868548263651,16,0.6666666666666666,random-repair
id,gom_142_xl_0408,gom,random-20,False,True,False,-130.2118151804484,0.9960338046722632,20,0.8333333333333334,random-repair
id,gom_142_xl_0408,gom,exact,True,True,False,-130.7303171535364,1.0,24,1.0,exact
id,salt_canopy_003_xl_0891,salt_canopy,neural-only,False,True,False,-25.653205490954782,0.5869754850483094,0,0.0,unverified
id,salt_canopy_003_xl_0891,salt_canopy,global-fallback,True,True,False,-43.70404922250454,1.0000000000000002,24,1.0,exact-fallback
id,salt_canopy_003_xl_0891,salt_canopy,wavecert-selective,True,True,False,-40.71811106091609,0.9316782262808981,15,0.625,selective-repair
id,salt_canopy_003_xl_0891,salt_canopy,random-1,False,True,False,-27.224794532341406,0.6229352889874229,1,0.041666666666666664,random-repair
id,salt_canopy_003_xl_0891,salt_canopy,random-2,False,True,False,-27.26814596628042,0.6239272207354014,2,0.08333333333333333,random-repair
id,salt_canopy_003_xl_0891,salt_canopy,random-4,False,True,False,-28.844008047822065,0.6599847968542334,4,0.16666666666666666,random-repair
id,salt_canopy_003_xl_0891,salt_canopy,random-8,False,True,False,-36.386500512944,0.8325658871491363,8,0.3333333333333333,random-repair
id,salt_canopy_003_xl_0891,salt_canopy,random-12,False,True,False,-38.55370836133327,0.8821541492654368,12,0.5,random-repair
id,salt_canopy_003_xl_0891,salt_canopy,random-15,False,True,False,-39.533279836139876,0.9045678956398161,15,0.625,random-repair
id,salt_canopy_003_xl_0891,salt_canopy,random-16,False,True,False,-42.09267777222246,0.9631299277996348,16,0.6666666666666666,random-repair
id,salt_canopy_003_xl_0891,salt_canopy,random-20,False,True,False,-43.2264788827969,0.9890726294656074,20,0.8333333333333334,random-repair
id,salt_canopy_003_xl_0891,salt_canopy,exact,True,True,False,-43.70404922250454,1.0000000000000002,24,1.0,exact
id,f3_043_il_0308,f3,neural-only,False,False,False,7.759002973523555,-0.17306492749192473,0,0.0,unverified
id,f3_043_il_0308,f3,global-fallback,True,True,False,-44.832902229052706,1.0,24,1.0,exact-fallback
id,f3_043_il_0308,f3,wavecert-selective,True,True,False,-44.28098967130787,0.9876895643533158,15,0.625,selective-repair
id,f3_043_il_0308,f3,random-1,False,False,False,7.495605743007843,-0.167189839834873,1,0.041666666666666664,random-repair
id,f3_043_il_0308,f3,random-2,False,False,False,0.8319250061800527,-0.01855612652354564,2,0.08333333333333333,random-repair
id,f3_043_il_0308,f3,random-4,False,True,False,-18.569337655827848,0.414189952748464,4,0.16666666666666666,random-repair
id,f3_043_il_0308,f3,random-8,False,True,False,-25.46072136339643,0.5679025915680588,8,0.3333333333333333,random-repair
id,f3_043_il_0308,f3,random-12,False,True,False,-39.0780974261721,0.8716388072875785,12,0.5,random-repair
id,f3_043_il_0308,f3,random-15,False,True,False,-42.03917246489863,0.9376857257671871,15,0.625,random-repair
id,f3_043_il_0308,f3,random-16,False,True,False,-42.983889718766896,0.9587576886983773,16,0.6666666666666666,random-repair
id,f3_043_il_0308,f3,random-20,False,True,False,-43.66853610364578,0.9740287586233402,20,0.8333333333333334,random-repair
id,f3_043_il_0308,f3,exact,True,True,False,-44.832902229052706,1.0,24,1.0,exact
id,salt_canopy_000_xl_0779,salt_canopy,neural-only,False,True,False,-30.52933643506482,0.6309449794846962,0,0.0,unverified
id,salt_canopy_000_xl_0779,salt_canopy,global-fallback,True,True,False,-48.3866857297108,1.0,24,1.0,exact-fallback
id,salt_canopy_000_xl_0779,salt_canopy,wavecert-selective,True,True,False,-34.56172387720201,0.7142816945608684,5,0.20833333333333334,selective-repair
id,salt_canopy_000_xl_0779,salt_canopy,random-1,False,True,False,-31.22604096230335,0.645343662029939,1,0.041666666666666664,random-repair
id,salt_canopy_000_xl_0779,salt_canopy,random-2,False,True,False,-31.340604269049717,0.6477113238157929,2,0.08333333333333333,random-repair
id,salt_canopy_000_xl_0779,salt_canopy,random-4,False,True,False,-31.087087977986773,0.6424719426257053,4,0.16666666666666666,random-repair
id,salt_canopy_000_xl_0779,salt_canopy,random-8,False,True,False,-33.04223523414571,0.6828786625048148,8,0.3333333333333333,random-repair
id,salt_canopy_000_xl_0779,salt_canopy,random-12,False,True,False,-38.45009520361529,0.7946420512948222,12,0.5,random-repair
id,salt_canopy_000_xl_0779,salt_canopy,random-15,False,True,False,-40.68017689298313,0.840730797728606,15,0.625,random-repair
id,salt_canopy_000_xl_0779,salt_canopy,random-16,False,True,False,-40.66334108785296,0.8403828548001688,16,0.6666666666666666,random-repair
id,salt_canopy_000_xl_0779,salt_canopy,random-20,False,True,False,-43.50817850842718,0.8991766609406753,20,0.8333333333333334,random-repair
id,salt_canopy_000_xl_0779,salt_canopy,exact,True,True,False,-48.3866857297108,1.0,24,1.0,exact
id,salt_canopy_002_il_0466,salt_canopy,neural-only,False,True,False,-63.68944971571924,0.643524776931261,0,0.0,unverified
id,salt_canopy_002_il_0466,salt_canopy,global-fallback,True,True,False,-98.96969316306891,1.0,24,1.0,exact-fallback
id,salt_canopy_002_il_0466,salt_canopy,wavecert-selective,True,True,False,-91.7257377316744,0.9268063262613246,12,0.5,selective-repair
id,salt_canopy_002_il_0466,salt_canopy,random-1,False,True,False,-67.99219685263589,0.6870001783334574,1,0.041666666666666664,random-repair
id,salt_canopy_002_il_0466,salt_canopy,random-2,False,True,False,-69.30853250183551,0.7003005696666987,2,0.08333333333333333,random-repair
id,salt_canopy_002_il_0466,salt_canopy,random-4,False,True,False,-78.22238830701212,0.7903670892272832,4,0.16666666666666666,random-repair
id,salt_canopy_002_il_0466,salt_canopy,random-8,False,True,False,-78.8989236242191,0.7972028719359583,8,0.3333333333333333,random-repair
id,salt_canopy_002_il_0466,salt_canopy,random-12,False,True,False,-88.52757007108735,0.8944917099543144,12,0.5,random-repair
id,salt_canopy_002_il_0466,salt_canopy,random-15,False,True,False,-93.44681887344251,0.9441963078482366,15,0.625,random-repair
id,salt_canopy_002_il_0466,salt_canopy,random-16,False,True,False,-94.32313404852776,0.9530506868715339,16,0.6666666666666666,random-repair
id,salt_canopy_002_il_0466,salt_canopy,random-20,False,True,False,-98.0693477476392,0.9909028169467371,20,0.8333333333333334,random-repair
id,salt_canopy_002_il_0466,salt_canopy,exact,True,True,False,-98.96969316306891,1.0,24,1.0,exact
id,seam_007_xl_0764,seam,neural-only,False,True,False,-1.5403007731024512,0.09658248136370291,0,0.0,unverified
id,seam_007_xl_0764,seam,global-fallback,True,True,False,-15.948034792170066,1.0000000000000002,24,1.0,exact-fallback
id,seam_007_xl_0764,seam,wavecert-selective,True,True,False,-13.387979407725346,0.8394751818762263,19,0.7916666666666666,selective-repair
id,seam_007_xl_0764,seam,random-1,False,True,False,-1.6666245086412423,0.10450344072860297,1,0.041666666666666664,random-repair
id,seam_007_xl_0764,seam,random-2,False,True,False,-2.0901345797511226,0.1310590682168129,2,0.08333333333333333,random-repair
id,seam_007_xl_0764,seam,random-4,False,True,False,-1.7998848066602176,0.11285934788303185,4,0.16666666666666666,random-repair
id,seam_007_xl_0764,seam,random-8,False,True,False,-2.844526245370236,0.17836217956878286,8,0.3333333333333333,random-repair
id,seam_007_xl_0764,seam,random-12,False,True,False,-4.03634873900442,0.2530938006848422,12,0.5,random-repair
id,seam_007_xl_0764,seam,random-15,False,True,False,-5.279610317825451,0.331050840221239,15,0.625,random-repair
id,seam_007_xl_0764,seam,random-16,False,True,False,-6.037433166125078,0.37856909925285903,16,0.6666666666666666,random-repair
id,seam_007_xl_0764,seam,random-20,False,True,False,-9.58669418497021,0.6011207217629689,20,0.8333333333333334,random-repair
id,seam_007_xl_0764,seam,exact,True,True,False,-15.948034792170066,1.0000000000000002,24,1.0,exact
id,fault_004_il_0881,fault,neural-only,False,False,False,8.881023788283663,-0.18986762490670853,0,0.0,unverified
id,fault_004_il_0881,fault,global-fallback,True,True,False,-46.774818996378976,1.0,24,1.0,exact-fallback
id,fault_004_il_0881,fault,wavecert-selective,True,True,False,-45.43184813077987,0.9712885929990868,17,0.7083333333333334,selective-repair
id,fault_004_il_0881,fault,random-1,False,False,False,8.349246698818217,-0.17849874949734307,1,0.041666666666666664,random-repair
id,fault_004_il_0881,fault,random-2,False,False,False,4.207400942728997,-0.0899501277183928,2,0.08333333333333333,random-repair
id,fault_004_il_0881,fault,random-4,False,False,False,0.8246500211987363,-0.017630212984096755,4,0.16666666666666666,random-repair
id,fault_004_il_0881,fault,random-8,False,True,False,-1.8840402746589273,0.04027894313828937,8,0.3333333333333333,random-repair
id,fault_004_il_0881,fault,random-12,False,True,False,-23.450509264251018,0.5013490114428111,12,0.5,random-repair
id,fault_004_il_0881,fault,random-15,False,True,False,-27.40529598834859,0.585898493599091,15,0.625,random-repair
id,fault_004_il_0881,fault,random-16,False,True,False,-25.30433820709055,0.5409820657787999,16,0.6666666666666666,random-repair
id,fault_004_il_0881,fault,random-20,False,True,False,-46.21096039963597,0.9879452532614468,20,0.8333333333333334,random-repair
id,fault_004_il_0881,fault,exact,True,True,False,-46.774818996378976,1.0,24,1.0,exact
id,salt_canopy_002_il_0331,salt_canopy,neural-only,False,True,False,-71.7920551085762,0.6285929732868866,0,0.0,unverified
id,salt_canopy_002_il_0331,salt_canopy,global-fallback,True,True,False,-114.21071847682062,1.0,24,1.0,exact-fallback
id,salt_canopy_002_il_0331,salt_canopy,wavecert-selective,True,True,False,-106.51309438649095,0.9326015614559688,12,0.5,selective-repair
id,salt_canopy_002_il_0331,salt_canopy,random-1,False,True,False,-76.11355611198022,0.6664309368426546,1,0.041666666666666664,random-repair
id,salt_canopy_002_il_0331,salt_canopy,random-2,False,True,False,-78.05660141104443,0.6834437472423947,2,0.08333333333333333,random-repair
id,salt_canopy_002_il_0331,salt_canopy,random-4,False,True,False,-87.55260596241295,0.7665883476618004,4,0.16666666666666666,random-repair
id,salt_canopy_002_il_0331,salt_canopy,random-8,False,True,False,-93.56396991196475,0.8192223213353994,8,0.3333333333333333,random-repair
id,salt_canopy_002_il_0331,salt_canopy,random-12,False,True,False,-100.59169331749197,0.8807552798812608,12,0.5,random-repair
id,salt_canopy_002_il_0331,salt_canopy,random-15,False,True,False,-109.51871750509044,0.9589180329630582,15,0.625,random-repair
id,salt_canopy_002_il_0331,salt_canopy,random-16,False,True,False,-110.7308987524714,0.9695315836310456,16,0.6666666666666666,random-repair
id,salt_canopy_002_il_0331,salt_canopy,random-20,False,True,False,-112.7062843711529,0.9868275576431735,20,0.8333333333333334,random-repair
id,salt_canopy_002_il_0331,salt_canopy,exact,True,True,False,-114.21071847682062,1.0,24,1.0,exact
id,gom_145_xl_0658,gom,neural-only,False,False,False,3.7783626259931253,-0.08451342752660165,0,0.0,unverified
id,gom_145_xl_0658,gom,global-fallback,True,True,False,-44.70724636986044,1.0,24,1.0,exact-fallback
id,gom_145_xl_0658,gom,wavecert-selective,True,True,False,-40.916823067131986,0.9152168024089314,15,0.625,selective-repair
id,gom_145_xl_0658,gom,random-1,False,False,False,3.9060465992725293,-0.08736942926339132,1,0.041666666666666664,random-repair
id,gom_145_xl_0658,gom,random-2,False,True,False,-0.9427747504501709,0.02108773916985741,2,0.08333333333333333,random-repair
id,gom_145_xl_0658,gom,random-4,False,True,False,-4.829244625701724,0.10801928138784622,4,0.16666666666666666,random-repair
id,gom_145_xl_0658,gom,random-8,False,True,False,-16.406885024253626,0.3669849153428154,8,0.3333333333333333,random-repair
id,gom_145_xl_0658,gom,random-12,False,True,False,-31.914370640457918,0.7138522998359634,12,0.5,random-repair
id,gom_145_xl_0658,gom,random-15,False,True,False,-25.371645671299355,0.5675063380419633,15,0.625,random-repair
id,gom_145_xl_0658,gom,random-16,False,True,False,-12.57731889738955,0.28132618129370174,16,0.6666666666666666,random-repair
id,gom_145_xl_0658,gom,random-20,False,True,False,-41.528674150004946,0.9289025274882877,20,0.8333333333333334,random-repair
id,gom_145_xl_0658,gom,exact,True,True,False,-44.70724636986044,1.0,24,1.0,exact
id,fault_004_xl_0161,fault,neural-only,False,False,False,7.02579332830198,-0.21219190696860227,0,0.0,unverified
id,fault_004_xl_0161,fault,global-fallback,True,True,False,-33.110562173050134,1.0000000000000002,24,1.0,exact-fallback
id,fault_004_xl_0161,fault,wavecert-selective,True,True,False,-31.73657719313444,0.9585031213685031,18,0.75,selective-repair
id,fault_004_xl_0161,fault,random-1,False,False,False,7.643941631470565,-0.23086112496429428,1,0.041666666666666664,random-repair
id,fault_004_xl_0161,fault,random-2,False,False,False,4.148701958801475,-0.12529844516437263,2,0.08333333333333333,random-repair
id,fault_004_xl_0161,fault,random-4,False,False,False,3.572495205989768,-0.10789593928723894,4,0.16666666666666666,random-repair
id,fault_004_xl_0161,fault,random-8,False,True,False,-2.6078668780732626,0.07876238598557829,8,0.3333333333333333,random-repair
id,fault_004_xl_0161,fault,random-12,False,True,False,-10.071872448908671,0.3041891102986626,12,0.5,random-repair
id,fault_004_xl_0161,fault,random-15,False,True,False,-13.349052609470462,0.40316599095184574,15,0.625,random-repair
id,fault_004_xl_0161,fault,random-16,False,True,False,-18.94532013671791,0.5721835841294827,16,0.6666666666666666,random-repair
id,fault_004_xl_0161,fault,random-20,False,True,False,-32.19725177955348,0.9724163428961642,20,0.8333333333333334,random-repair
id,fault_004_xl_0161,fault,exact,True,True,False,-33.110562173050134,1.0000000000000002,24,1.0,exact
id,seam_003_xl_0478,seam,neural-only,False,True,False,-22.181449987188216,0.46279788938054756,0,0.0,unverified
id,seam_003_xl_0478,seam,global-fallback,True,True,False,-47.92902149333042,1.0000000000000002,24,1.0,exact-fallback
id,seam_003_xl_0478,seam,wavecert-selective,True,True,False,-46.8931736363535,0.978387878060038,13,0.5416666666666666,selective-repair
id,seam_003_xl_0478,seam,random-1,False,True,False,-22.55780367444812,0.47065020256228607,1,0.041666666666666664,random-repair
id,seam_003_xl_0478,seam,random-2,False,True,False,-23.285622872285323,0.48583555738824435,2,0.08333333333333333,random-repair
id,seam_003_xl_0478,seam,random-4,False,True,False,-34.39584562434307,0.7176413069298618,4,0.16666666666666666,random-repair
id,seam_003_xl_0478,seam,random-8,False,True,False,-43.079632827778546,0.8988214548417877,8,0.3333333333333333,random-repair
id,seam_003_xl_0478,seam,random-12,False,True,False,-44.16419467755675,0.9214499545688084,12,0.5,random-repair
id,seam_003_xl_0478,seam,random-15,False,True,False,-46.65647325916602,0.9734493174591208,15,0.625,random-repair
id,seam_003_xl_0478,seam,random-16,False,True,False,-46.16227532531539,0.963138280044777,16,0.6666666666666666,random-repair
id,seam_003_xl_0478,seam,random-20,False,True,False,-47.662646571356916,0.9944423041891111,20,0.8333333333333334,random-repair
id,seam_003_xl_0478,seam,exact,True,True,False,-47.92902149333042,1.0000000000000002,24,1.0,exact
id,salt_canopy_001_xl_0872,salt_canopy,neural-only,False,True,False,-53.79549364526776,0.6681116873386194,0,0.0,unverified
id,salt_canopy_001_xl_0872,salt_canopy,global-fallback,True,True,False,-80.51871365932655,1.0,24,1.0,exact-fallback
id,salt_canopy_001_xl_0872,salt_canopy,wavecert-selective,True,True,False,-73.88703959790229,0.917638102249339,13,0.5416666666666666,selective-repair
id,salt_canopy_001_xl_0872,salt_canopy,random-1,False,True,False,-54.12081231257194,0.672151973782844,1,0.041666666666666664,random-repair
id,salt_canopy_001_xl_0872,salt_canopy,random-2,False,True,False,-57.85290432445329,0.7185025902081358,2,0.08333333333333333,random-repair
id,salt_canopy_001_xl_0872,salt_canopy,random-4,False,True,False,-61.08803029308361,0.7586811502174037,4,0.16666666666666666,random-repair
id,salt_canopy_001_xl_0872,salt_canopy,random-8,False,True,False,-69.1086002272128,0.8582924029264836,8,0.3333333333333333,random-repair
id,salt_canopy_001_xl_0872,salt_canopy,random-12,False,True,False,-70.39482889043246,0.8742666852363284,12,0.5,random-repair
id,salt_canopy_001_xl_0872,salt_canopy,random-15,False,True,False,-73.90656875598462,0.9178806441032106,15,0.625,random-repair
id,salt_canopy_001_xl_0872,salt_canopy,random-16,False,True,False,-75.10682377116845,0.9327871790021919,16,0.6666666666666666,random-repair
id,salt_canopy_001_xl_0872,salt_canopy,random-20,False,True,False,-79.69817384718601,0.9898093278587113,20,0.8333333333333334,random-repair
id,salt_canopy_001_xl_0872,salt_canopy,exact,True,True,False,-80.51871365932655,1.0,24,1.0,exact
id,gom_147_xl_0129,gom,neural-only,False,True,False,-4.033193512722597,0.12847978691663,0,0.0,unverified
id,gom_147_xl_0129,gom,global-fallback,True,True,False,-31.39165785929984,1.0000000000000002,24,1.0,exact-fallback
id,gom_147_xl_0129,gom,wavecert-selective,True,True,False,-30.026630088936773,0.9565162255373308,19,0.7916666666666666,selective-repair
id,gom_147_xl_0129,gom,random-1,False,True,False,-4.257068426429722,0.13561145593234594,1,0.041666666666666664,random-repair
id,gom_147_xl_0129,gom,random-2,False,True,False,-3.775604187969347,0.12027412521160666,2,0.08333333333333333,random-repair
id,gom_147_xl_0129,gom,random-4,False,True,False,-4.230479421166548,0.13476444729768422,4,0.16666666666666666,random-repair
id,gom_147_xl_0129,gom,random-8,False,True,False,-11.494056870425347,0.36615004285350955,8,0.3333333333333333,random-repair
id,gom_147_xl_0129,gom,random-12,False,True,False,-20.106509326213892,0.6405048569378856,12,0.5,random-repair
id,gom_147_xl_0129,gom,random-15,False,True,False,-19.09272907073639,0.6082102817350926,15,0.625,random-repair
id,gom_147_xl_0129,gom,random-16,False,True,False,-23.143452597188134,0.7372484977034062,16,0.6666666666666666,random-repair
id,gom_147_xl_0129,gom,random-20,False,True,False,-26.448692358008604,0.8425388833095074,20,0.8333333333333334,random-repair
id,gom_147_xl_0129,gom,exact,True,True,False,-31.39165785929984,1.0000000000000002,24,1.0,exact
id,f3_043_xl_0491,f3,neural-only,False,False,False,6.068623442889786,-0.15232678403863778,0,0.0,unverified
id,f3_043_xl_0491,f3,global-fallback,True,True,False,-39.83950348055977,1.0,24,1.0,exact-fallback
id,f3_043_xl_0491,f3,wavecert-selective,True,True,False,-39.29016807047146,0.9862112887436869,16,0.6666666666666666,selective-repair
id,f3_043_xl_0491,f3,random-1,False,False,False,0.8712138071074121,-0.02186808898189538,1,0.041666666666666664,random-repair
id,f3_043_xl_0491,f3,random-2,False,False,False,0.5477791078782503,-0.013749646958967427,2,0.08333333333333333,random-repair
id,f3_043_xl_0491,f3,random-4,False,True,False,-10.753724745653313,0.2699261739268598,4,0.16666666666666666,random-repair
id,f3_043_xl_0491,f3,random-8,False,True,False,-12.83761222005116,0.32223323833128215,8,0.3333333333333333,random-repair
id,f3_043_xl_0491,f3,random-12,False,True,False,-32.07408613997805,0.8050824768845083,12,0.5,random-repair
id,f3_043_xl_0491,f3,random-15,False,True,False,-33.17886599028273,0.8328132404178383,15,0.625,random-repair
id,f3_043_xl_0491,f3,random-16,False,True,False,-37.267628092078,0.9354440903176229,16,0.6666666666666666,random-repair
id,f3_043_xl_0491,f3,random-20,False,True,False,-38.87691806396313,0.9758384183410734,20,0.8333333333333334,random-repair
id,f3_043_xl_0491,f3,exact,True,True,False,-39.83950348055977,1.0,24,1.0,exact
id,fault_003_il_0761,fault,neural-only,False,True,False,-8.287292348604621,0.15978947251837866,0,0.0,unverified
id,fault_003_il_0761,fault,global-fallback,True,True,False,-51.863819424345586,1.0,24,1.0,exact-fallback
id,fault_003_il_0761,fault,wavecert-selective,True,True,False,-50.334653125580544,0.970515740727587,16,0.6666666666666666,selective-repair
id,fault_003_il_0761,fault,random-1,False,True,False,-21.016487946494212,0.40522445473093693,1,0.041666666666666664,random-repair
id,fault_003_il_0761,fault,random-2,False,True,False,-9.93900353080456,0.1916365520534543,2,0.08333333333333333,random-repair
id,fault_003_il_0761,fault,random-4,False,True,False,-9.405845555618225,0.18135659232229615,4,0.16666666666666666,random-repair
id,fault_003_il_0761,fault,random-8,False,True,False,-25.136430045012286,0.48466214644448086,8,0.3333333333333333,random-repair
id,fault_003_il_0761,fault,random-12,False,True,False,-22.521047016647948,0.43423425552951606,12,0.5,random-repair
id,fault_003_il_0761,fault,random-15,False,True,False,-46.205817543435046,0.8909065714073772,15,0.625,random-repair
id,fault_003_il_0761,fault,random-16,False,True,False,-46.021862009076884,0.8873596761651841,16,0.6666666666666666,random-repair
id,fault_003_il_0761,fault,random-20,False,True,False,-50.718729244827806,0.9779212138205874,20,0.8333333333333334,random-repair
id,fault_003_il_0761,fault,exact,True,True,False,-51.863819424345586,1.0,24,1.0,exact
id,f3_050_xl_0766,f3,neural-only,False,True,False,-27.295112748469123,0.2641562424843779,0,0.0,unverified
id,f3_050_xl_0766,f3,global-fallback,True,True,False,-103.32942538764094,1.0,24,1.0,exact-fallback
id,f3_050_xl_0766,f3,wavecert-selective,True,True,False,-102.494368264375,0.991918496399905,8,0.3333333333333333,selective-repair
id,f3_050_xl_0766,f3,random-1,False,True,False,-28.251859891047005,0.27341543597150564,1,0.041666666666666664,random-repair
id,f3_050_xl_0766,f3,random-2,False,True,False,-65.32646679157196,0.6322155237629488,2,0.08333333333333333,random-repair
id,f3_050_xl_0766,f3,random-4,False,True,False,-46.49177607356871,0.4499374297220229,4,0.16666666666666666,random-repair
id,f3_050_xl_0766,f3,random-8,False,True,False,-78.84635051971873,0.7630580565402949,8,0.3333333333333333,random-repair
id,f3_050_xl_0766,f3,random-12,False,True,False,-100.72704051059644,0.974814677742747,12,0.5,random-repair
id,f3_050_xl_0766,f3,random-15,False,True,False,-101.98044573223007,0.9869448644435003,15,0.625,random-repair
id,f3_050_xl_0766,f3,random-16,False,True,False,-81.50161487890165,0.7887551350754914,16,0.6666666666666666,random-repair
id,f3_050_xl_0766,f3,random-20,False,True,False,-102.7669306430449,0.9945562965971615,20,0.8333333333333334,random-repair
id,f3_050_xl_0766,f3,exact,True,True,False,-103.32942538764094,1.0,24,1.0,exact
id,f3_047_il_0782,f3,neural-only,False,True,False,-0.9251781140752625,0.1322429879172313,0,0.0,unverified
id,f3_047_il_0782,f3,global-fallback,True,True,False,-6.9960466611229055,1.0,24,1.0,exact-fallback
id,f3_047_il_0782,f3,wavecert-selective,True,True,False,-6.950402758730473,0.9934757578667855,23,0.9583333333333334,selective-repair
id,f3_047_il_0782,f3,random-1,False,True,False,-1.0406163812040379,0.14874348780244032,1,0.041666666666666664,random-repair
id,f3_047_il_0782,f3,random-2,False,True,False,-1.2883203449799527,0.18414976448615775,2,0.08333333333333333,random-repair
id,f3_047_il_0782,f3,random-4,False,True,False,-1.5321079620611768,0.2189962469197232,4,0.16666666666666666,random-repair
id,f3_047_il_0782,f3,random-8,False,True,False,-1.8083315563997748,0.2584790588159868,8,0.3333333333333333,random-repair
id,f3_047_il_0782,f3,random-12,False,True,False,-3.427833048531327,0.489967150673798,12,0.5,random-repair
id,f3_047_il_0782,f3,random-15,False,True,False,-4.488401675108113,0.6415625699082602,15,0.625,random-repair
id,f3_047_il_0782,f3,random-16,False,True,False,-5.042893006567384,0.720820379113648,16,0.6666666666666666,random-repair
id,f3_047_il_0782,f3,random-20,False,True,False,-6.039268500497454,0.8632401687738487,20,0.8333333333333334,random-repair
id,f3_047_il_0782,f3,exact,True,True,False,-6.9960466611229055,1.0,24,1.0,exact
id,f3_051_il_0568,f3,neural-only,False,False,False,2.805433991670742,-0.16995987376474642,0,0.0,unverified
id,f3_051_il_0568,f3,global-fallback,True,True,False,-16.506449019572372,1.0000000000000002,24,1.0,exact-fallback
id,f3_051_il_0568,f3,wavecert-selective,True,True,False,-16.397191936597093,0.9933809456627696,22,0.9166666666666666,selective-repair
id,f3_051_il_0568,f3,random-1,False,False,False,2.1195485889957757,-0.12840730229030728,1,0.041666666666666664,random-repair
id,f3_051_il_0568,f3,random-2,False,False,False,1.953464467503915,-0.11834553059762352,2,0.08333333333333333,random-repair
id,f3_051_il_0568,f3,random-4,False,True,False,-2.1328974652377086,0.12921600901009325,4,0.16666666666666666,random-repair
id,f3_051_il_0568,f3,random-8,False,True,False,-2.8160941852132986,0.17060569368215658,8,0.3333333333333333,random-repair
id,f3_051_il_0568,f3,random-12,False,True,False,-3.349492956853219,0.20292026182503506,12,0.5,random-repair
id,f3_051_il_0568,f3,random-15,False,True,False,-11.818248668554105,0.7159776554327778,15,0.625,random-repair
id,f3_051_il_0568,f3,random-16,False,True,False,-12.76746849785673,0.7734836537354475,16,0.6666666666666666,random-repair
id,f3_051_il_0568,f3,random-20,False,True,False,-14.449749601631531,0.8754002501990509,20,0.8333333333333334,random-repair
id,f3_051_il_0568,f3,exact,True,True,False,-16.506449019572372,1.0000000000000002,24,1.0,exact
id,fault_001_xl_0115,fault,neural-only,False,True,False,-19.776447006024622,0.14945595955227484,0,0.0,unverified
id,fault_001_xl_0115,fault,global-fallback,True,True,False,-132.32290679655011,1.0,24,1.0,exact-fallback
id,fault_001_xl_0115,fault,wavecert-selective,True,True,False,-131.0116334566341,0.9900903526708933,16,0.6666666666666666,selective-repair
id,fault_001_xl_0115,fault,random-1,False,True,False,-23.685975257465724,0.17900132207557626,1,0.041666666666666664,random-repair
id,fault_001_xl_0115,fault,random-2,False,True,False,-45.54740325682389,0.3442140469817081,2,0.08333333333333333,random-repair
id,fault_001_xl_0115,fault,random-4,False,True,False,-29.954030066060525,0.2263707077725827,4,0.16666666666666666,random-repair
id,fault_001_xl_0115,fault,random-8,False,True,False,-89.92965688064477,0.6796227430139057,8,0.3333333333333333,random-repair
id,fault_001_xl_0115,fault,random-12,False,True,False,-92.73023157150485,0.7007874435080238,12,0.5,random-repair
id,fault_001_xl_0115,fault,random-15,False,True,False,-114.78418098848647,0.8674551048441681,15,0.625,random-repair
id,fault_001_xl_0115,fault,random-16,False,True,False,-126.99028864735612,0.9596999621736468,16,0.6666666666666666,random-repair
id,fault_001_xl_0115,fault,random-20,False,True,False,-127.94553266280376,0.9669189995918341,20,0.8333333333333334,random-repair
id,fault_001_xl_0115,fault,exact,True,True,False,-132.32290679655011,1.0,24,1.0,exact
id,seam_002_il_0775,seam,neural-only,False,True,False,-10.530023744393535,0.37565172765835314,0,0.0,unverified
id,seam_002_il_0775,seam,global-fallback,True,True,False,-28.031346508195387,1.0000000000000002,24,1.0,exact-fallback
id,seam_002_il_0775,seam,wavecert-selective,True,True,False,-25.902195789970474,0.9240439371115331,13,0.5416666666666666,selective-repair
id,seam_002_il_0775,seam,random-1,False,True,False,-10.944856234203339,0.390450606109965,1,0.041666666666666664,random-repair
id,seam_002_il_0775,seam,random-2,False,True,False,-12.29328000532816,0.4385547444798643,2,0.08333333333333333,random-repair
id,seam_002_il_0775,seam,random-4,False,True,False,-12.66539234851968,0.4518296095700135,4,0.16666666666666666,random-repair
id,seam_002_il_0775,seam,random-8,False,True,False,-19.60538262214034,0.6994092351720751,8,0.3333333333333333,random-repair
id,seam_002_il_0775,seam,random-12,False,True,False,-20.798502482742684,0.7419730078489788,12,0.5,random-repair
id,seam_002_il_0775,seam,random-15,False,True,False,-25.184509747187203,0.898440955728764,15,0.625,random-repair
id,seam_002_il_0775,seam,random-16,False,True,False,-26.43264569235427,0.9429673913319255,16,0.6666666666666666,random-repair
id,seam_002_il_0775,seam,random-20,False,True,False,-27.59277513057147,0.9843542522120483,20,0.8333333333333334,random-repair
id,seam_002_il_0775,seam,exact,True,True,False,-28.031346508195387,1.0000000000000002,24,1.0,exact
id,gom_149_xl_0757,gom,neural-only,False,True,False,-5.450469645219188,0.1483736394564275,0,0.0,unverified
id,gom_149_xl_0757,gom,global-fallback,True,True,False,-36.734757367866635,1.0,24,1.0,exact-fallback
id,gom_149_xl_0757,gom,wavecert-selective,True,True,False,-35.96587644052896,0.9790693887089548,21,0.875,selective-repair
id,gom_149_xl_0757,gom,random-1,False,True,False,-5.832029673663304,0.15876053338968868,1,0.041666666666666664,random-repair
id,gom_149_xl_0757,gom,random-2,False,True,False,-13.14406780652888,0.3578101163130732,2,0.08333333333333333,random-repair
id,gom_149_xl_0757,gom,random-4,False,True,False,-13.850462082603606,0.3770397050374739,4,0.16666666666666666,random-repair
id,gom_149_xl_0757,gom,random-8,False,True,False,-15.344116859226116,0.4177002370144476,8,0.3333333333333333,random-repair
id,gom_149_xl_0757,gom,random-12,False,True,False,-27.869743176994564,0.7586750307863298,12,0.5,random-repair
id,gom_149_xl_0757,gom,random-15,False,True,False,-24.99996320934978,0.6805533777995837,15,0.625,random-repair
id,gom_149_xl_0757,gom,random-16,False,True,False,-22.767717122423768,0.6197867837923875,16,0.6666666666666666,random-repair
id,gom_149_xl_0757,gom,random-20,False,True,False,-32.95255033527921,0.8970400976189418,20,0.8333333333333334,random-repair
id,gom_149_xl_0757,gom,exact,True,True,False,-36.734757367866635,1.0,24,1.0,exact
id,seam_005_xl_0121,seam,neural-only,False,True,False,-8.502682392589099,0.3250772491920518,0,0.0,unverified
id,seam_005_xl_0121,seam,global-fallback,True,True,False,-26.15588268241379,1.0,24,1.0,exact-fallback
id,seam_005_xl_0121,seam,wavecert-selective,True,True,False,-24.347114461209955,0.9308465998580129,14,0.5833333333333334,selective-repair
id,seam_005_xl_0121,seam,random-1,False,True,False,-8.604299213005584,0.32896229569001645,1,0.041666666666666664,random-repair
id,seam_005_xl_0121,seam,random-2,False,True,False,-11.264052630837615,0.43065083169267804,2,0.08333333333333333,random-repair
id,seam_005_xl_0121,seam,random-4,False,True,False,-10.835620807449487,0.41427089037736586,4,0.16666666666666666,random-repair
id,seam_005_xl_0121,seam,random-8,False,True,False,-12.53780305116954,0.47934926163281344,8,0.3333333333333333,random-repair
id,seam_005_xl_0121,seam,random-12,False,True,False,-21.258551092085085,0.8127636658340922,12,0.5,random-repair
id,seam_005_xl_0121,seam,random-15,False,True,False,-23.216938599735858,0.8876373579755363,15,0.625,random-repair
id,seam_005_xl_0121,seam,random-16,False,True,False,-22.97154603779765,0.8782554317405178,16,0.6666666666666666,random-repair
id,seam_005_xl_0121,seam,random-20,False,True,False,-25.59606714248016,0.9785969547756831,20,0.8333333333333334,random-repair
id,seam_005_xl_0121,seam,exact,True,True,False,-26.15588268241379,1.0,24,1.0,exact
id,gom_149_xl_0254,gom,neural-only,False,False,False,1.001577330794531,-0.015758159806484703,0,0.0,unverified
id,gom_149_xl_0254,gom,global-fallback,True,True,False,-63.55928249835168,1.0,24,1.0,exact-fallback
id,gom_149_xl_0254,gom,wavecert-selective,True,True,False,-60.65788452827889,0.9543513102095191,20,0.8333333333333334,selective-repair
id,gom_149_xl_0254,gom,random-1,False,False,False,1.3477525481577857,-0.021204653280860082,1,0.041666666666666664,random-repair
id,gom_149_xl_0254,gom,random-2,False,False,False,1.1828430430500971,-0.018610075453271063,2,0.08333333333333333,random-repair
id,gom_149_xl_0254,gom,random-4,False,False,False,1.1417737281985647,-0.017963917831013535,4,0.16666666666666666,random-repair
id,gom_149_xl_0254,gom,random-8,False,True,False,-21.129402040806568,0.3324361322259189,8,0.3333333333333333,random-repair
id,gom_149_xl_0254,gom,random-12,False,True,False,-45.7917101820551,0.7204566883404112,12,0.5,random-repair
id,gom_149_xl_0254,gom,random-15,False,True,False,-37.485374325273646,0.5897702562366998,15,0.625,random-repair
id,gom_149_xl_0254,gom,random-16,False,True,False,-48.85072528273779,0.7685852225283484,16,0.6666666666666666,random-repair
id,gom_149_xl_0254,gom,random-20,False,True,False,-58.06769475568372,0.9135989657716737,20,0.8333333333333334,random-repair
id,gom_149_xl_0254,gom,exact,True,True,False,-63.55928249835168,1.0,24,1.0,exact
id,salt_canopy_000_xl_0363,salt_canopy,neural-only,False,True,False,-31.993541063739123,0.6314963364156204,0,0.0,unverified
id,salt_canopy_000_xl_0363,salt_canopy,global-fallback,True,True,False,-50.663066780933036,1.0,24,1.0,exact-fallback
id,salt_canopy_000_xl_0363,salt_canopy,wavecert-selective,True,True,False,-33.77688542664717,0.6666964235050816,6,0.25,selective-repair
id,salt_canopy_000_xl_0363,salt_canopy,random-1,False,True,False,-32.82658585676336,0.6479391782322502,1,0.041666666666666664,random-repair
id,salt_canopy_000_xl_0363,salt_canopy,random-2,False,True,False,-33.223061915124006,0.6557649196165017,2,0.08333333333333333,random-repair
id,salt_canopy_000_xl_0363,salt_canopy,random-4,False,True,False,-34.3235579606144,0.6774867796501419,4,0.16666666666666666,random-repair
id,salt_canopy_000_xl_0363,salt_canopy,random-8,False,True,False,-36.97388781971306,0.7297996384543411,8,0.3333333333333333,random-repair
id,salt_canopy_000_xl_0363,salt_canopy,random-12,False,True,False,-40.83587892690562,0.8060285632427241,12,0.5,random-repair
id,salt_canopy_000_xl_0363,salt_canopy,random-15,False,True,False,-43.34377064153832,0.8555299431231965,15,0.625,random-repair
id,salt_canopy_000_xl_0363,salt_canopy,random-16,False,True,False,-45.5761753313396,0.8995936927468459,16,0.6666666666666666,random-repair
id,salt_canopy_000_xl_0363,salt_canopy,random-20,False,True,False,-45.73018592615625,0.9026335915252324,20,0.8333333333333334,random-repair
id,salt_canopy_000_xl_0363,salt_canopy,exact,True,True,False,-50.663066780933036,1.0,24,1.0,exact
id,seam_008_il_0665,seam,neural-only,False,True,False,-3.0233733397331886,0.1408024088926905,0,0.0,unverified
id,seam_008_il_0665,seam,global-fallback,True,True,False,-21.47245465123674,1.0,24,1.0,exact-fallback
id,seam_008_il_0665,seam,wavecert-selective,True,True,False,-20.763516940004518,0.9669838533718176,17,0.7083333333333334,selective-repair
id,seam_008_il_0665,seam,random-1,False,True,False,-3.937381122439077,0.18336893412473912,1,0.041666666666666664,random-repair
id,seam_008_il_0665,seam,random-2,False,True,False,-4.573457043628858,0.21299181290227776,2,0.08333333333333333,random-repair
id,seam_008_il_0665,seam,random-4,False,True,False,-7.40068739154543,0.3446595888430099,4,0.16666666666666666,random-repair
id,seam_008_il_0665,seam,random-8,False,True,False,-12.857738499532537,0.5988015207563601,8,0.3333333333333333,random-repair
id,seam_008_il_0665,seam,random-12,False,True,False,-18.209437856487316,0.848037085291435,12,0.5,random-repair
id,seam_008_il_0665,seam,random-15,False,True,False,-19.808105862864984,0.9224891231391705,15,0.625,random-repair
id,seam_008_il_0665,seam,random-16,False,True,False,-20.469855285545492,0.9533076501044792,16,0.6666666666666666,random-repair
id,seam_008_il_0665,seam,random-20,False,True,False,-21.043348245846204,0.9800159594065868,20,0.8333333333333334,random-repair
id,seam_008_il_0665,seam,exact,True,True,False,-21.47245465123674,1.0,24,1.0,exact
id,salt_canopy_003_il_0599,salt_canopy,neural-only,False,True,False,-26.43240411255252,0.6183556661598351,0,0.0,unverified
id,salt_canopy_003_il_0599,salt_canopy,global-fallback,True,True,False,-42.74627946195639,1.0,24,1.0,exact-fallback
id,salt_canopy_003_il_0599,salt_canopy,wavecert-selective,True,True,False,-38.91091760360827,0.9102761244575325,14,0.5833333333333334,selective-repair
id,salt_canopy_003_il_0599,salt_canopy,random-1,False,True,False,-27.272200647557625,0.6380017393520648,1,0.041666666666666664,random-repair
id,salt_canopy_003_il_0599,salt_canopy,random-2,False,True,False,-28.040039302959414,0.6559644407863537,2,0.08333333333333333,random-repair
id,salt_canopy_003_il_0599,salt_canopy,random-4,False,True,False,-31.26709931008628,0.7314577947751821,4,0.16666666666666666,random-repair
id,salt_canopy_003_il_0599,salt_canopy,random-8,False,True,False,-34.331649870026325,0.8031494273222313,8,0.3333333333333333,random-repair
id,salt_canopy_003_il_0599,salt_canopy,random-12,False,True,False,-38.52450233181867,0.9012363840016764,12,0.5,random-repair
id,salt_canopy_003_il_0599,salt_canopy,random-15,False,True,False,-39.475406690720334,0.9234816968305493,15,0.625,random-repair
id,salt_canopy_003_il_0599,salt_canopy,random-16,False,True,False,-39.381784643407606,0.921291516808074,16,0.6666666666666666,random-repair
id,salt_canopy_003_il_0599,salt_canopy,random-20,False,True,False,-40.930192986259385,0.9575147475159033,20,0.8333333333333334,random-repair
id,salt_canopy_003_il_0599,salt_canopy,exact,True,True,False,-42.74627946195639,1.0,24,1.0,exact
id,f3_049_xl_0386,f3,neural-only,False,False,False,1.6307451164772575,-0.06945615656971757,0,0.0,unverified
id,f3_049_xl_0386,f3,global-fallback,True,True,False,-23.478769874638473,1.0,24,1.0,exact-fallback
id,f3_049_xl_0386,f3,wavecert-selective,True,True,False,-23.37344081003534,0.9955138593220381,18,0.75,selective-repair
id,f3_049_xl_0386,f3,random-1,False,True,False,-3.609100150267317,0.15371759975235458,1,0.041666666666666664,random-repair
id,f3_049_xl_0386,f3,random-2,False,True,False,-8.743441812227953,0.3723977814388194,2,0.08333333333333333,random-repair
id,f3_049_xl_0386,f3,random-4,False,True,False,-3.171823039200529,0.13509323768391718,4,0.16666666666666666,random-repair
id,f3_049_xl_0386,f3,random-8,False,True,False,-15.867811259823894,0.6758365682933053,8,0.3333333333333333,random-repair
id,f3_049_xl_0386,f3,random-12,False,True,False,-20.642627459237012,0.8792039604057356,12,0.5,random-repair
id,f3_049_xl_0386,f3,random-15,False,True,False,-22.40218302630177,0.9541463690778957,15,0.625,random-repair
id,f3_049_xl_0386,f3,random-16,False,True,False,-21.84997993830568,0.930627117816245,16,0.6666666666666666,random-repair
id,f3_049_xl_0386,f3,random-20,False,True,False,-22.79102851327096,0.9707079474333788,20,0.8333333333333334,random-repair
id,f3_049_xl_0386,f3,exact,True,True,False,-23.478769874638473,1.0,24,1.0,exact
id,f3_048_xl_0442,f3,neural-only,False,True,False,-10.567874351077744,0.30859157904406953,0,0.0,unverified
id,f3_048_xl_0442,f3,global-fallback,True,True,False,-34.2455046369511,1.0,24,1.0,exact-fallback
id,f3_048_xl_0442,f3,wavecert-selective,True,True,False,-33.51298821824536,0.9786098518193437,20,0.8333333333333334,selective-repair
id,f3_048_xl_0442,f3,random-1,False,True,False,-10.943612136737642,0.31956346541698843,1,0.041666666666666664,random-repair
id,f3_048_xl_0442,f3,random-2,False,True,False,-13.50634102219713,0.3943974885282815,2,0.08333333333333333,random-repair
id,f3_048_xl_0442,f3,random-4,False,True,False,-19.782791083620232,0.5776755604376316,4,0.16666666666666666,random-repair
id,f3_048_xl_0442,f3,random-8,False,True,False,-18.211758866302397,0.5317999854104005,8,0.3333333333333333,random-repair
id,f3_048_xl_0442,f3,random-12,False,True,False,-25.186579723827663,0.7354711221469693,12,0.5,random-repair
id,f3_048_xl_0442,f3,random-15,False,True,False,-28.516472024259297,0.8327070173610424,15,0.625,random-repair
id,f3_048_xl_0442,f3,random-16,False,True,False,-30.431684566491768,0.8886329720968925,16,0.6666666666666666,random-repair
id,f3_048_xl_0442,f3,random-20,False,True,False,-33.12980123094893,0.9674204419578528,20,0.8333333333333334,random-repair
id,f3_048_xl_0442,f3,exact,True,True,False,-34.2455046369511,1.0,24,1.0,exact
id,seam_002_xl_0298,seam,neural-only,False,True,False,-11.54493079915853,0.3455136360580994,0,0.0,unverified
id,seam_002_xl_0298,seam,global-fallback,True,True,False,-33.413821031414265,1.0000000000000002,24,1.0,exact-fallback
id,seam_002_xl_0298,seam,wavecert-selective,True,True,False,-31.601893593756856,0.9457731147852293,11,0.4583333333333333,selective-repair
id,seam_002_xl_0298,seam,random-1,False,True,False,-12.953877663782427,0.38768022524582685,1,0.041666666666666664,random-repair
id,seam_002_xl_0298,seam,random-2,False,True,False,-13.084074070304862,0.3915767088715705,2,0.08333333333333333,random-repair
id,seam_002_xl_0298,seam,random-4,False,True,False,-14.413486810867806,0.43136302182611375,4,0.16666666666666666,random-repair
id,seam_002_xl_0298,seam,random-8,False,True,False,-22.6418693474464,0.6776198784975676,8,0.3333333333333333,random-repair
id,seam_002_xl_0298,seam,random-12,False,True,False,-31.25940086521638,0.9355230829729894,12,0.5,random-repair
id,seam_002_xl_0298,seam,random-15,False,True,False,-30.61330965392649,0.9161870360514938,15,0.625,random-repair
id,seam_002_xl_0298,seam,random-16,False,True,False,-32.392906772507736,0.9694463480262643,16,0.6666666666666666,random-repair
id,seam_002_xl_0298,seam,random-20,False,True,False,-33.19512309603341,0.9934548660216016,20,0.8333333333333334,random-repair
id,seam_002_xl_0298,seam,exact,True,True,False,-33.413821031414265,1.0000000000000002,24,1.0,exact
id,seam_006_xl_0261,seam,neural-only,False,True,False,-4.253268267008793,0.2693366839178259,0,0.0,unverified
id,seam_006_xl_0261,seam,global-fallback,True,True,False,-15.791641172453346,1.0,24,1.0,exact-fallback
id,seam_006_xl_0261,seam,wavecert-selective,True,True,False,-14.986317361814349,0.9490031592128764,17,0.7083333333333334,selective-repair
id,seam_006_xl_0261,seam,random-1,False,True,False,-4.316981044760927,0.27337127266362865,1,0.041666666666666664,random-repair
id,seam_006_xl_0261,seam,random-2,False,True,False,-4.8678212462637,0.308253030391486,2,0.08333333333333333,random-repair
id,seam_006_xl_0261,seam,random-4,False,True,False,-7.545145009317751,0.477793595163457,4,0.16666666666666666,random-repair
id,seam_006_xl_0261,seam,random-8,False,True,False,-8.701556242094913,0.5510229207382039,8,0.3333333333333333,random-repair
id,seam_006_xl_0261,seam,random-12,False,True,False,-12.349718734576578,0.7820414990253961,12,0.5,random-repair
id,seam_006_xl_0261,seam,random-15,False,True,False,-12.201281174858593,0.7726417439209733,15,0.625,random-repair
id,seam_006_xl_0261,seam,random-16,False,True,False,-14.243761662956452,0.9019810865385552,16,0.6666666666666666,random-repair
id,seam_006_xl_0261,seam,random-20,False,True,False,-15.106052887170332,0.9565853683099802,20,0.8333333333333334,random-repair
id,seam_006_xl_0261,seam,exact,True,True,False,-15.791641172453346,1.0,24,1.0,exact
id,f3_046_xl_0707,f3,neural-only,False,False,False,1.9631330761390737,-0.10891998686245112,0,0.0,unverified
id,f3_046_xl_0707,f3,global-fallback,True,True,False,-18.023625715436445,1.0000000000000002,24,1.0,exact-fallback
id,f3_046_xl_0707,f3,wavecert-selective,True,True,False,-17.835733797474802,0.9895752430211235,18,0.75,selective-repair
id,f3_046_xl_0707,f3,random-1,False,False,False,1.8833654881010724,-0.10449426313197639,1,0.041666666666666664,random-repair
id,f3_046_xl_0707,f3,random-2,False,False,False,1.1545938445102326,-0.06406002114887314,2,0.08333333333333333,random-repair
id,f3_046_xl_0707,f3,random-4,False,True,False,-1.6423239015331523,0.0911206173198866,4,0.16666666666666666,random-repair
id,f3_046_xl_0707,f3,random-8,False,True,False,-1.713442528228215,0.09506647304380748,8,0.3333333333333333,random-repair
id,f3_046_xl_0707,f3,random-12,False,True,False,-9.978022589660213,0.5536079558684172,12,0.5,random-repair
id,f3_046_xl_0707,f3,random-15,False,True,False,-14.36394375417616,0.7969508455712143,15,0.625,random-repair
id,f3_046_xl_0707,f3,random-16,False,True,False,-16.086425728315824,0.8925188517723436,16,0.6666666666666666,random-repair
id,f3_046_xl_0707,f3,random-20,False,True,False,-17.091301337789623,0.9482720961716192,20,0.8333333333333334,random-repair
id,f3_046_xl_0707,f3,exact,True,True,False,-18.023625715436445,1.0000000000000002,24,1.0,exact
id,salt_canopy_002_il_0787,salt_canopy,neural-only,False,True,False,-69.48387513317428,0.632501612747985,0,0.0,unverified
id,salt_canopy_002_il_0787,salt_canopy,global-fallback,True,True,False,-109.85564895446291,1.0,24,1.0,exact-fallback
id,salt_canopy_002_il_0787,salt_canopy,wavecert-selective,True,True,False,-101.96674566467073,0.9281884603579901,12,0.5,selective-repair
id,salt_canopy_002_il_0787,salt_canopy,random-1,False,True,False,-73.68004930881573,0.6706987761672357,1,0.041666666666666664,random-repair
id,salt_canopy_002_il_0787,salt_canopy,random-2,False,True,False,-76.75593799037435,0.6986981436174579,2,0.08333333333333333,random-repair
id,salt_canopy_002_il_0787,salt_canopy,random-4,False,True,False,-83.3993089771866,0.7591717837992753,4,0.16666666666666666,random-repair
id,salt_canopy_002_il_0787,salt_canopy,random-8,False,True,False,-92.55366056239558,0.8425025152849509,8,0.3333333333333333,random-repair
id,salt_canopy_002_il_0787,salt_canopy,random-12,False,True,False,-102.20469364143557,0.9303544661940982,12,0.5,random-repair
id,salt_canopy_002_il_0787,salt_canopy,random-15,False,True,False,-107.0984221787352,0.9749013655467947,15,0.625,random-repair
id,salt_canopy_002_il_0787,salt_canopy,random-16,False,True,False,-103.2036538523459,0.9394478557504643,16,0.6666666666666666,random-repair
id,salt_canopy_002_il_0787,salt_canopy,random-20,False,True,False,-108.48926504932547,0.987562005976554,20,0.8333333333333334,random-repair
id,salt_canopy_002_il_0787,salt_canopy,exact,True,True,False,-109.85564895446291,1.0,24,1.0,exact
id,gom_148_xl_0787,gom,neural-only,False,True,False,-5.570759425989549,0.10459764195448577,0,0.0,unverified
id,gom_148_xl_0787,gom,global-fallback,True,True,False,-53.258938938734275,1.0,24,1.0,exact-fallback
id,gom_148_xl_0787,gom,wavecert-selective,True,True,False,-50.241501122025454,0.9433440117877694,17,0.7083333333333334,selective-repair
id,gom_148_xl_0787,gom,random-1,False,True,False,-9.103869984992095,0.17093599997297376,1,0.041666666666666664,random-repair
id,gom_148_xl_0787,gom,random-2,False,True,False,-12.956571771062986,0.24327506385298833,2,0.08333333333333333,random-repair
id,gom_148_xl_0787,gom,random-4,False,True,False,-10.346256033508354,0.19426327748305375,4,0.16666666666666666,random-repair
id,gom_148_xl_0787,gom,random-8,False,True,False,-21.08239732074043,0.39584711488511426,8,0.3333333333333333,random-repair
id,gom_148_xl_0787,gom,random-12,False,True,False,-29.372872146610863,0.5515106521442261,12,0.5,random-repair
id,gom_148_xl_0787,gom,random-15,False,True,False,-40.85776849959208,0.7671532575328299,15,0.625,random-repair
id,gom_148_xl_0787,gom,random-16,False,True,False,-46.02090879650115,0.8640973649407604,16,0.6666666666666666,random-repair
id,gom_148_xl_0787,gom,random-20,False,True,False,-50.85197084711403,0.9548063078314596,20,0.8333333333333334,random-repair
id,gom_148_xl_0787,gom,exact,True,True,False,-53.258938938734275,1.0,24,1.0,exact
id,f3_044_il_0593,f3,neural-only,False,False,False,1.6749145225666986,-0.08870716812848828,0,0.0,unverified
id,f3_044_il_0593,f3,global-fallback,True,True,False,-18.88138870740029,1.0000000000000002,24,1.0,exact-fallback
id,f3_044_il_0593,f3,wavecert-selective,True,True,False,-18.707403544015285,0.9907853619200784,21,0.875,selective-repair
id,f3_044_il_0593,f3,random-1,False,False,False,0.6463056668669488,-0.03422977392619636,1,0.041666666666666664,random-repair
id,f3_044_il_0593,f3,random-2,False,True,False,-0.8883119394948427,0.04704696001235762,2,0.08333333333333333,random-repair
id,f3_044_il_0593,f3,random-4,False,True,False,-4.205149252213433,0.22271398133789186,4,0.16666666666666666,random-repair
id,f3_044_il_0593,f3,random-8,False,True,False,-11.173724211071486,0.5917850844674418,8,0.3333333333333333,random-repair
id,f3_044_il_0593,f3,random-12,False,True,False,-14.219966339490064,0.7531207878749271,12,0.5,random-repair
id,f3_044_il_0593,f3,random-15,False,True,False,-17.666879337764232,0.9356769044662452,15,0.625,random-repair
id,f3_044_il_0593,f3,random-16,False,True,False,-16.7073537312237,0.8848583115433395,16,0.6666666666666666,random-repair
id,f3_044_il_0593,f3,random-20,False,True,False,-18.715564458039946,0.9912175819305409,20,0.8333333333333334,random-repair
id,f3_044_il_0593,f3,exact,True,True,False,-18.88138870740029,1.0000000000000002,24,1.0,exact
id,seam_005_xl_0110,seam,neural-only,False,True,False,-8.456806818556165,0.32431948020150053,0,0.0,unverified
id,seam_005_xl_0110,seam,global-fallback,True,True,False,-26.075543822720523,1.0,24,1.0,exact-fallback
id,seam_005_xl_0110,seam,wavecert-selective,True,True,False,-24.3272356652567,0.9329521880981652,14,0.5833333333333334,selective-repair
id,seam_005_xl_0110,seam,random-1,False,True,False,-9.785684596694828,0.3752820904992296,1,0.041666666666666664,random-repair
id,seam_005_xl_0110,seam,random-2,False,True,False,-9.579808728276424,0.3673867280930574,2,0.08333333333333333,random-repair
id,seam_005_xl_0110,seam,random-4,False,True,False,-11.925721469125765,0.45735274210214066,4,0.16666666666666666,random-repair
id,seam_005_xl_0110,seam,random-8,False,True,False,-16.37448409990978,0.6279632828076294,8,0.3333333333333333,random-repair
id,seam_005_xl_0110,seam,random-12,False,True,False,-18.66512611661858,0.7158096584108447,12,0.5,random-repair
id,seam_005_xl_0110,seam,random-15,False,True,False,-23.305026383178912,0.89375034866473,15,0.625,random-repair
id,seam_005_xl_0110,seam,random-16,False,True,False,-20.71063198671245,0.7942550355811395,16,0.6666666666666666,random-repair
id,seam_005_xl_0110,seam,random-20,False,True,False,-25.00311739579495,0.9588723274875238,20,0.8333333333333334,random-repair
id,seam_005_xl_0110,seam,exact,True,True,False,-26.075543822720523,1.0,24,1.0,exact
id,seam_000_xl_0372,seam,neural-only,False,True,False,-12.644278583283853,0.19437968249068519,0,0.0,unverified
id,seam_000_xl_0372,seam,global-fallback,True,True,False,-65.04938387215329,1.0,24,1.0,exact-fallback
id,seam_000_xl_0372,seam,wavecert-selective,True,True,False,-64.24484542760037,0.9876318821691821,9,0.375,selective-repair
id,seam_000_xl_0372,seam,random-1,False,True,False,-12.869723744416367,0.19784543647193123,1,0.041666666666666664,random-repair
id,seam_000_xl_0372,seam,random-2,False,True,False,-13.016357769786183,0.20009963192531177,2,0.08333333333333333,random-repair
id,seam_000_xl_0372,seam,random-4,False,True,False,-38.8334833897657,0.5969846457898546,4,0.16666666666666666,random-repair
id,seam_000_xl_0372,seam,random-8,False,True,False,-51.7380512755311,0.7953657390086276,8,0.3333333333333333,random-repair
id,seam_000_xl_0372,seam,random-12,False,True,False,-50.50540133936593,0.7764162907158078,12,0.5,random-repair
id,seam_000_xl_0372,seam,random-15,False,True,False,-50.865488766900555,0.7819518916100809,15,0.625,random-repair
id,seam_000_xl_0372,seam,random-16,False,True,False,-61.312826381503356,0.9425581417036373,16,0.6666666666666666,random-repair
id,seam_000_xl_0372,seam,random-20,False,True,False,-64.97630171213564,0.9988765126482785,20,0.8333333333333334,random-repair
id,seam_000_xl_0372,seam,exact,True,True,False,-65.04938387215329,1.0,24,1.0,exact
id,fault_002_xl_0483,fault,neural-only,False,True,False,-4.6468958403071445,0.04452930365499434,0,0.0,unverified
id,fault_002_xl_0483,fault,global-fallback,True,True,False,-104.35590631083124,1.0000000000000002,24,1.0,exact-fallback
id,fault_002_xl_0483,fault,wavecert-selective,True,True,False,-99.76270616493449,0.9559852402391522,15,0.625,selective-repair
id,fault_002_xl_0483,fault,random-1,False,True,False,-5.850968686027267,0.05606744163190683,1,0.041666666666666664,random-repair
id,fault_002_xl_0483,fault,random-2,False,True,False,-16.703857879312764,0.16006624320389853,2,0.08333333333333333,random-repair
id,fault_002_xl_0483,fault,random-4,False,True,False,-48.60342141717122,0.46574672326070915,4,0.16666666666666666,random-repair
id,fault_002_xl_0483,fault,random-8,False,True,False,-87.10184940193935,0.8346614243615545,8,0.3333333333333333,random-repair
id,fault_002_xl_0483,fault,random-12,False,True,False,-52.67330193569232,0.5047467249127354,12,0.5,random-repair
id,fault_002_xl_0483,fault,random-15,False,True,False,-81.86348328859843,0.784464302813512,15,0.625,random-repair
id,fault_002_xl_0483,fault,random-16,False,True,False,-96.72286156352796,0.9268556518059672,16,0.6666666666666666,random-repair
id,fault_002_xl_0483,fault,random-20,False,True,False,-102.19963448629089,0.9793373283720257,20,0.8333333333333334,random-repair
id,fault_002_xl_0483,fault,exact,True,True,False,-104.35590631083124,1.0000000000000002,24,1.0,exact
id,gom_151_xl_0318,gom,neural-only,False,True,False,-23.584123193877204,0.3606318015147216,0,0.0,unverified
id,gom_151_xl_0318,gom,global-fallback,True,True,False,-65.39668186449293,1.0000000000000002,24,1.0,exact-fallback
id,gom_151_xl_0318,gom,wavecert-selective,True,True,False,-64.47567382245072,0.9859165936897132,17,0.7083333333333334,selective-repair
id,gom_151_xl_0318,gom,random-1,False,True,False,-23.987358486112377,0.36679779160380127,1,0.041666666666666664,random-repair
id,gom_151_xl_0318,gom,random-2,False,True,False,-28.20268737889848,0.4312556321639783,2,0.08333333333333333,random-repair
id,gom_151_xl_0318,gom,random-4,False,True,False,-31.63302606132015,0.48370995529813376,4,0.16666666666666666,random-repair
id,gom_151_xl_0318,gom,random-8,False,True,False,-46.47676371980333,0.7106899370843748,8,0.3333333333333333,random-repair
id,gom_151_xl_0318,gom,random-12,False,True,False,-59.791147154227495,0.9142841112048995,12,0.5,random-repair
id,gom_151_xl_0318,gom,random-15,False,True,False,-57.55506297349641,0.8800914867937033,15,0.625,random-repair
id,gom_151_xl_0318,gom,random-16,False,True,False,-61.06516825894452,0.9337655446414904,16,0.6666666666666666,random-repair
id,gom_151_xl_0318,gom,random-20,False,True,False,-64.46842540202186,0.9858057559495991,20,0.8333333333333334,random-repair
id,gom_151_xl_0318,gom,exact,True,True,False,-65.39668186449293,1.0000000000000002,24,1.0,exact
id,fault_001_il_0228,fault,neural-only,False,True,False,-14.283282837607995,0.13422587485347817,0,0.0,unverified
id,fault_001_il_0228,fault,global-fallback,True,True,False,-106.41229087312499,1.0000000000000002,24,1.0,exact-fallback
id,fault_001_il_0228,fault,wavecert-selective,True,True,False,-105.85141627408203,0.9947292310461421,17,0.7083333333333334,selective-repair
id,fault_001_il_0228,fault,random-1,False,True,False,-33.0288041336773,0.3103852371062795,1,0.041666666666666664,random-repair
id,fault_001_il_0228,fault,random-2,False,True,False,-33.56789078912998,0.3154512558060878,2,0.08333333333333333,random-repair
id,fault_001_il_0228,fault,random-4,False,True,False,-24.84564884574749,0.23348476611006208,4,0.16666666666666666,random-repair
id,fault_001_il_0228,fault,random-8,False,True,False,-55.1678663752144,0.518435097323399,8,0.3333333333333333,random-repair
id,fault_001_il_0228,fault,random-12,False,True,False,-86.26346569030136,0.8106532147978376,12,0.5,random-repair
id,fault_001_il_0228,fault,random-15,False,True,False,-96.8369851225566,0.9100169193614579,15,0.625,random-repair
id,fault_001_il_0228,fault,random-16,False,True,False,-81.2349023383374,0.7633977397892271,16,0.6666666666666666,random-repair
id,fault_001_il_0228,fault,random-20,False,True,False,-101.65813037123499,0.9553232012685604,20,0.8333333333333334,random-repair
id,fault_001_il_0228,fault,exact,True,True,False,-106.41229087312499,1.0000000000000002,24,1.0,exact
id,salt_canopy_001_il_0722,salt_canopy,neural-only,False,True,False,-56.35714839617474,0.6624970080150316,0,0.0,unverified
id,salt_canopy_001_il_0722,salt_canopy,global-fallback,True,True,False,-85.06777798896267,1.0,24,1.0,exact-fallback
id,salt_canopy_001_il_0722,salt_canopy,wavecert-selective,True,True,False,-77.85288805730708,0.9151865711998295,13,0.5416666666666666,selective-repair
id,salt_canopy_001_il_0722,salt_canopy,random-1,False,True,False,-57.63041183644742,0.6774646428865795,1,0.041666666666666664,random-repair
id,salt_canopy_001_il_0722,salt_canopy,random-2,False,True,False,-59.27852994621919,0.6968388189698621,2,0.08333333333333333,random-repair
id,salt_canopy_001_il_0722,salt_canopy,random-4,False,True,False,-64.7976230940211,0.7617175930283316,4,0.16666666666666666,random-repair
id,salt_canopy_001_il_0722,salt_canopy,random-8,False,True,False,-67.39282801653493,0.7922250893314619,8,0.3333333333333333,random-repair
id,salt_canopy_001_il_0722,salt_canopy,random-12,False,True,False,-72.90401849151189,0.8570109648446559,12,0.5,random-repair
id,salt_canopy_001_il_0722,salt_canopy,random-15,False,True,False,-78.85882012049716,0.9270116368941583,15,0.625,random-repair
id,salt_canopy_001_il_0722,salt_canopy,random-16,False,True,False,-81.42027532475225,0.9571223940434452,16,0.6666666666666666,random-repair
id,salt_canopy_001_il_0722,salt_canopy,random-20,False,True,False,-82.79105938118778,0.9732364161660565,20,0.8333333333333334,random-repair
id,salt_canopy_001_il_0722,salt_canopy,exact,True,True,False,-85.06777798896267,1.0,24,1.0,exact
id,fault_004_il_0138,fault,neural-only,False,False,False,7.157833152942535,-0.21274853807749494,0,0.0,unverified
id,fault_004_il_0138,fault,global-fallback,True,True,False,-33.64457033465138,1.0000000000000002,24,1.0,exact-fallback
id,fault_004_il_0138,fault,wavecert-selective,True,True,False,-32.31535386921953,0.9604923929118256,18,0.75,selective-repair
id,fault_004_il_0138,fault,random-1,False,False,False,6.816181094845639,-0.2025937923132128,1,0.041666666666666664,random-repair
id,fault_004_il_0138,fault,random-2,False,False,False,6.165358389412697,-0.1832497287998605,2,0.08333333333333333,random-repair
id,fault_004_il_0138,fault,random-4,False,False,False,3.1475364365393963,-0.09355258234038642,4,0.16666666666666666,random-repair
id,fault_004_il_0138,fault,random-8,False,True,False,-3.194656417923621,0.09495310494821106,8,0.3333333333333333,random-repair
id,fault_004_il_0138,fault,random-12,False,True,False,-5.457047513813572,0.16219697441620248,12,0.5,random-repair
id,fault_004_il_0138,fault,random-15,False,True,False,-18.10226285228231,0.5380441085210808,15,0.625,random-repair
id,fault_004_il_0138,fault,random-16,False,True,False,-13.37118680875169,0.39742480512465844,16,0.6666666666666666,random-repair
id,fault_004_il_0138,fault,random-20,False,True,False,-24.87652536588009,0.7393919767273455,20,0.8333333333333334,random-repair
id,fault_004_il_0138,fault,exact,True,True,False,-33.64457033465138,1.0000000000000002,24,1.0,exact
id,salt_canopy_003_il_0484,salt_canopy,neural-only,False,True,False,-23.798276909989752,0.5559716022715899,0,0.0,unverified
id,salt_canopy_003_il_0484,salt_canopy,global-fallback,True,True,False,-42.8048425724528,1.0,24,1.0,exact-fallback
id,salt_canopy_003_il_0484,salt_canopy,wavecert-selective,True,True,False,-39.57481999103323,0.9245407204581505,16,0.6666666666666666,selective-repair
id,salt_canopy_003_il_0484,salt_canopy,random-1,False,True,False,-24.42242994535145,0.5705529673193702,1,0.041666666666666664,random-repair
id,salt_canopy_003_il_0484,salt_canopy,random-2,False,True,False,-26.28300486795557,0.6140194260373261,2,0.08333333333333333,random-repair
id,salt_canopy_003_il_0484,salt_canopy,random-4,False,True,False,-29.06010099147012,0.6788975089040938,4,0.16666666666666666,random-repair
id,salt_canopy_003_il_0484,salt_canopy,random-8,False,True,False,-28.528698532868077,0.6664829682431263,8,0.3333333333333333,random-repair
id,salt_canopy_003_il_0484,salt_canopy,random-12,False,True,False,-37.21122528178487,0.8693227925975895,12,0.5,random-repair
id,salt_canopy_003_il_0484,salt_canopy,random-15,False,True,False,-39.862535718298105,0.9312622900277118,15,0.625,random-repair
id,salt_canopy_003_il_0484,salt_canopy,random-16,False,True,False,-40.69646961242856,0.9507445225045376,16,0.6666666666666666,random-repair
id,salt_canopy_003_il_0484,salt_canopy,random-20,False,True,False,-42.037443251260854,0.9820721377518669,20,0.8333333333333334,random-repair
id,salt_canopy_003_il_0484,salt_canopy,exact,True,True,False,-42.8048425724528,1.0,24,1.0,exact
id,seam_006_xl_0683,seam,neural-only,False,True,False,-6.462241184361203,0.32223405210051986,0,0.0,unverified
id,seam_006_xl_0683,seam,global-fallback,True,True,False,-20.054494992805196,1.0000000000000002,24,1.0,exact-fallback
id,seam_006_xl_0683,seam,wavecert-selective,True,True,False,-19.02786188404649,0.9488078304077454,15,0.625,selective-repair
id,seam_006_xl_0683,seam,random-1,False,True,False,-7.014526069653796,0.3497732589212717,1,0.041666666666666664,random-repair
id,seam_006_xl_0683,seam,random-2,False,True,False,-6.5674839953487,0.3274818935956687,2,0.08333333333333333,random-repair
id,seam_006_xl_0683,seam,random-4,False,True,False,-7.697905769995477,0.38384939499883686,4,0.16666666666666666,random-repair
id,seam_006_xl_0683,seam,random-8,False,True,False,-10.102986479971324,0.5037766587289234,8,0.3333333333333333,random-repair
id,seam_006_xl_0683,seam,random-12,False,True,False,-14.033509080990797,0.6997687593741702,12,0.5,random-repair
id,seam_006_xl_0683,seam,random-15,False,True,False,-14.612895670739546,0.7286593691829244,15,0.625,random-repair
id,seam_006_xl_0683,seam,random-16,False,True,False,-16.073559042007247,0.8014940813904234,16,0.6666666666666666,random-repair
id,seam_006_xl_0683,seam,random-20,False,True,False,-18.577688047753675,0.9263603024867326,20,0.8333333333333334,random-repair
id,seam_006_xl_0683,seam,exact,True,True,False,-20.054494992805196,1.0000000000000002,24,1.0,exact
id,fault_000_xl_0652,fault,neural-only,False,False,False,8.5948888959851,-0.18743756395511185,0,0.0,unverified
id,fault_000_xl_0652,fault,global-fallback,True,True,False,-45.854676696734245,1.0,24,1.0,exact-fallback
id,fault_000_xl_0652,fault,wavecert-selective,True,True,False,-44.67465624749084,0.9742660828894808,17,0.7083333333333334,selective-repair
id,fault_000_xl_0652,fault,random-1,False,False,False,7.226825771744258,-0.15760280722378212,1,0.041666666666666664,random-repair
id,fault_000_xl_0652,fault,random-2,False,False,False,7.355392166534468,-0.16040658655561552,2,0.08333333333333333,random-repair
id,fault_000_xl_0652,fault,random-4,False,False,False,6.580057804048969,-0.1434980743091271,4,0.16666666666666666,random-repair
id,fault_000_xl_0652,fault,random-8,False,False,False,0.12897207405497704,-0.0028126263959497443,8,0.3333333333333333,random-repair
id,fault_000_xl_0652,fault,random-12,False,True,False,-23.776364829256828,0.5185155919101743,12,0.5,random-repair
id,fault_000_xl_0652,fault,random-15,False,True,False,-35.82906474910147,0.7813611899624018,15,0.625,random-repair
id,fault_000_xl_0652,fault,random-16,False,True,False,-23.7630293860291,0.5182247722121983,16,0.6666666666666666,random-repair
id,fault_000_xl_0652,fault,random-20,False,True,False,-44.17938280521162,0.963465146584668,20,0.8333333333333334,random-repair
id,fault_000_xl_0652,fault,exact,True,True,False,-45.854676696734245,1.0,24,1.0,exact
ood,penobscot_000_il_0101,penobscot,neural-only,False,False,False,1.0153180718157346,-0.06352833520359011,0,0.0,unverified
ood,penobscot_000_il_0101,penobscot,global-fallback,True,True,False,-15.982129368917523,1.0,24,1.0,exact-fallback
ood,penobscot_000_il_0101,penobscot,wavecert-selective,True,True,False,-15.349043541921066,0.960387892477726,21,0.875,selective-repair
ood,penobscot_000_il_0101,penobscot,random-1,False,False,False,0.7411352620229945,-0.04637274826872408,1,0.041666666666666664,random-repair
ood,penobscot_000_il_0101,penobscot,random-2,False,False,False,1.0825334140600638,-0.06773399145206545,2,0.08333333333333333,random-repair
ood,penobscot_000_il_0101,penobscot,random-4,False,False,False,0.0958153192469271,-0.005995153526492645,4,0.16666666666666666,random-repair
ood,penobscot_000_il_0101,penobscot,random-8,False,True,False,-1.1725986972474054,0.07336936588236528,8,0.3333333333333333,random-repair
ood,penobscot_000_il_0101,penobscot,random-12,False,True,False,-4.191483207025092,0.262260623116767,12,0.5,random-repair
ood,penobscot_000_il_0101,penobscot,random-15,False,True,False,-6.112704061174492,0.38247119142100333,15,0.625,random-repair
ood,penobscot_000_il_0101,penobscot,random-16,False,True,False,-6.882686076371958,0.4306488777244909,16,0.6666666666666666,random-repair
ood,penobscot_000_il_0101,penobscot,random-20,False,True,False,-10.364248821923248,0.6484898590597021,20,0.8333333333333334,random-repair
ood,penobscot_000_il_0101,penobscot,exact,True,True,False,-15.982129368917523,1.0,24,1.0,exact
ood,penobscot_000_il_0102,penobscot,neural-only,False,False,False,1.0176994523707203,-0.06406419956260015,0,0.0,unverified
ood,penobscot_000_il_0102,penobscot,global-fallback,True,True,False,-15.885618790511517,1.0,24,1.0,exact-fallback
ood,penobscot_000_il_0102,penobscot,wavecert-selective,True,True,False,-15.247797165729065,0.9598491167896199,21,0.875,selective-repair
ood,penobscot_000_il_0102,penobscot,random-1,False,False,False,0.8434659897906525,-0.05309619983418301,1,0.041666666666666664,random-repair
ood,penobscot_000_il_0102,penobscot,random-2,False,False,False,0.9926252214351834,-0.062485776256199645,2,0.08333333333333333,random-repair
ood,penobscot_000_il_0102,penobscot,random-4,False,False,False,1.227546716527196,-0.07727408876640113,4,0.16666666666666666,random-repair
ood,penobscot_000_il_0102,penobscot,random-8,False,False,False,0.33215192683608485,-0.020908970007166433,8,0.3333333333333333,random-repair
ood,penobscot_000_il_0102,penobscot,random-12,False,True,False,-4.044956346982575,0.25463007770264695,12,0.5,random-repair
ood,penobscot_000_il_0102,penobscot,random-15,False,True,False,-2.9950998172283754,0.18854158951726516,15,0.625,random-repair
ood,penobscot_000_il_0102,penobscot,random-16,False,True,False,-4.987674097969875,0.3139741777606432,16,0.6666666666666666,random-repair
ood,penobscot_000_il_0102,penobscot,random-20,False,True,False,-13.739145745796666,0.8648794816858543,20,0.8333333333333334,random-repair
ood,penobscot_000_il_0102,penobscot,exact,True,True,False,-15.885618790511517,1.0,24,1.0,exact
ood,penobscot_000_il_0175,penobscot,neural-only,False,False,False,1.023992919002259,-0.05274941620596884,0,0.0,unverified
ood,penobscot_000_il_0175,penobscot,global-fallback,True,True,False,-19.412402878619712,1.0,24,1.0,exact-fallback
ood,penobscot_000_il_0175,penobscot,wavecert-selective,True,True,False,-18.907744456042522,0.9740032995537607,21,0.875,selective-repair
ood,penobscot_000_il_0175,penobscot,random-1,False,False,False,1.5692556826070485,-0.08083778666758369,1,0.041666666666666664,random-repair
ood,penobscot_000_il_0175,penobscot,random-2,False,False,False,0.7680979765668767,-0.039567382841247285,2,0.08333333333333333,random-repair
ood,penobscot_000_il_0175,penobscot,random-4,False,True,False,-1.738215019106829,0.08954146634888004,4,0.16666666666666666,random-repair
ood,penobscot_000_il_0175,penobscot,random-8,False,True,False,-2.371549204300579,0.12216670028585377,8,0.3333333333333333,random-repair
ood,penobscot_000_il_0175,penobscot,random-12,False,True,False,-3.436532233701616,0.17702765882149082,12,0.5,random-repair
ood,penobscot_000_il_0175,penobscot,random-15,False,True,False,-6.912840607154157,0.35610432414669124,15,0.625,random-repair
ood,penobscot_000_il_0175,penobscot,random-16,False,True,False,-11.138701384366922,0.573793025727628,16,0.6666666666666666,random-repair
ood,penobscot_000_il_0175,penobscot,random-20,False,True,False,-11.014539489675416,0.5673970171825833,20,0.8333333333333334,random-repair
ood,penobscot_000_il_0175,penobscot,exact,True,True,False,-19.412402878619712,1.0,24,1.0,exact
ood,penobscot_000_il_0177,penobscot,neural-only,False,False,False,0.9866757480681327,-0.05074483843177842,0,0.0,unverified
ood,penobscot_000_il_0177,penobscot,global-fallback,True,True,False,-19.443864214773743,1.0,24,1.0,exact-fallback
ood,penobscot_000_il_0177,penobscot,wavecert-selective,True,True,False,-18.939230137430506,0.9740466158491372,21,0.875,selective-repair
ood,penobscot_000_il_0177,penobscot,random-1,False,False,False,0.6089140649365536,-0.03131651497925454,1,0.041666666666666664,random-repair
ood,penobscot_000_il_0177,penobscot,random-2,False,True,False,-1.2881508875494818,0.0662497368486417,2,0.08333333333333333,random-repair
ood,penobscot_000_il_0177,penobscot,random-4,False,False,False,0.9259934272723516,-0.047623940233483396,4,0.16666666666666666,random-repair
ood,penobscot_000_il_0177,penobscot,random-8,False,False,False,0.2724393507862457,-0.01401158472291953,8,0.3333333333333333,random-repair
ood,penobscot_000_il_0177,penobscot,random-12,False,True,False,-5.559616085493097,0.2859316452780418,12,0.5,random-repair
ood,penobscot_000_il_0177,penobscot,random-15,False,True,False,-8.059288909180374,0.4144900838721555,15,0.625,random-repair
ood,penobscot_000_il_0177,penobscot,random-16,False,True,False,-15.21050037039518,0.7822776482278664,16,0.6666666666666666,random-repair
ood,penobscot_000_il_0177,penobscot,random-20,False,True,False,-15.17565987660559,0.7804857979349029,20,0.8333333333333334,random-repair
ood,penobscot_000_il_0177,penobscot,exact,True,True,False,-19.443864214773743,1.0,24,1.0,exact
ood,penobscot_000_il_0180,penobscot,neural-only,False,False,False,0.8983408249668082,-0.04748722309905383,0,0.0,unverified
ood,penobscot_000_il_0180,penobscot,global-fallback,True,True,False,-18.917526996534527,1.0,24,1.0,exact-fallback
ood,penobscot_000_il_0180,penobscot,wavecert-selective,True,True,False,-18.398762942329068,0.9725775967281299,21,0.875,selective-repair
ood,penobscot_000_il_0180,penobscot,random-1,False,False,False,0.13753841087237673,-0.007270422338901499,1,0.041666666666666664,random-repair
ood,penobscot_000_il_0180,penobscot,random-2,False,True,False,-0.09346281979207854,0.004940541108211436,2,0.08333333333333333,random-repair
ood,penobscot_000_il_0180,penobscot,random-4,False,True,False,-1.1955174252312841,0.06319628487646875,4,0.16666666666666666,random-repair
ood,penobscot_000_il_0180,penobscot,random-8,False,True,False,-3.470504319753097,0.18345443991642532,8,0.3333333333333333,random-repair
ood,penobscot_000_il_0180,penobscot,random-12,False,True,False,-5.376624500564561,0.2842139197977357,12,0.5,random-repair
ood,penobscot_000_il_0180,penobscot,random-15,False,True,False,-6.321189521777353,0.33414460161390674,15,0.625,random-repair
ood,penobscot_000_il_0180,penobscot,random-16,False,True,False,-8.630960233955449,0.4562414651522127,16,0.6666666666666666,random-repair
ood,penobscot_000_il_0180,penobscot,random-20,False,True,False,-10.279727511788561,0.5433970049928668,20,0.8333333333333334,random-repair
ood,penobscot_000_il_0180,penobscot,exact,True,True,False,-18.917526996534527,1.0,24,1.0,exact
ood,penobscot_000_il_0206,penobscot,neural-only,False,False,False,0.9241042593232535,-0.04567290460199648,0,0.0,unverified
ood,penobscot_000_il_0206,penobscot,global-fallback,True,True,False,-20.233095910498722,1.0,24,1.0,exact-fallback
ood,penobscot_000_il_0206,penobscot,wavecert-selective,True,True,False,-19.746513211305572,0.9759511494758119,21,0.875,selective-repair
ood,penobscot_000_il_0206,penobscot,random-1,False,False,False,0.7971287217986176,-0.039397268975777264,1,0.041666666666666664,random-repair
ood,penobscot_000_il_0206,penobscot,random-2,False,False,False,0.8987645028738609,-0.04442051314586525,2,0.08333333333333333,random-repair
ood,penobscot_000_il_0206,penobscot,random-4,False,True,False,-1.5969123102668574,0.07892575201199131,4,0.16666666666666666,random-repair
ood,penobscot_000_il_0206,penobscot,random-8,False,True,False,-1.6992186915214493,0.0839821399077016,8,0.3333333333333333,random-repair
ood,penobscot_000_il_0206,penobscot,random-12,False,True,False,-3.951777609198194,0.19531255259595048,12,0.5,random-repair
ood,penobscot_000_il_0206,penobscot,random-15,False,True,False,-4.0978963019142745,0.20253431902074476,15,0.625,random-repair
ood,penobscot_000_il_0206,penobscot,random-16,False,True,False,-6.437806546795031,0.318181981406737,16,0.6666666666666666,random-repair
ood,penobscot_000_il_0206,penobscot,random-20,False,True,False,-15.313327926104936,0.7568455165657088,20,0.8333333333333334,random-repair
ood,penobscot_000_il_0206,penobscot,exact,True,True,False,-20.233095910498722,1.0,24,1.0,exact
ood,penobscot_000_il_0234,penobscot,neural-only,False,False,False,0.7361938985142764,-0.036358405296728846,0,0.0,unverified
ood,penobscot_000_il_0234,penobscot,global-fallback,True,True,False,-20.248245007063367,1.0,24,1.0,exact-fallback
ood,penobscot_000_il_0234,penobscot,wavecert-selective,True,True,False,-19.77151623831397,0.9764557980909905,21,0.875,selective-repair
ood,penobscot_000_il_0234,penobscot,random-1,False,False,False,1.2199839898559015,-0.06025134471803974,1,0.041666666666666664,random-repair
ood,penobscot_000_il_0234,penobscot,random-2,False,False,False,0.8888471699942619,-0.04389749184110515,2,0.08333333333333333,random-repair
ood,penobscot_000_il_0234,penobscot,random-4,False,True,False,-0.21922763003989837,0.010826994140155038,4,0.16666666666666666,random-repair
ood,penobscot_000_il_0234,penobscot,random-8,False,True,False,-0.054466441032199886,0.002689933918381574,8,0.3333333333333333,random-repair
ood,penobscot_000_il_0234,penobscot,random-12,False,True,False,-6.934887360754159,0.3424932559999646,12,0.5,random-repair
ood,penobscot_000_il_0234,penobscot,random-15,False,True,False,-9.304798304656874,0.45953603887206046,15,0.625,random-repair
ood,penobscot_000_il_0234,penobscot,random-16,False,True,False,-10.003349891714048,0.4940354034744491,16,0.6666666666666666,random-repair
ood,penobscot_000_il_0234,penobscot,random-20,False,True,False,-16.428870960775836,0.8113725883425856,20,0.8333333333333334,random-repair
ood,penobscot_000_il_0234,penobscot,exact,True,True,False,-20.248245007063367,1.0,24,1.0,exact
ood,penobscot_000_il_0294,penobscot,neural-only,False,False,False,0.25584596544284044,-0.010734140528378497,0,0.0,unverified
ood,penobscot_000_il_0294,penobscot,global-fallback,True,True,False,-23.834788147820966,1.0,24,1.0,exact-fallback
ood,penobscot_000_il_0294,penobscot,wavecert-selective,True,True,False,-23.416087570193582,0.9824332158930619,21,0.875,selective-repair
ood,penobscot_000_il_0294,penobscot,random-1,False,True,False,-1.1294804163633851,0.047387894088189934,1,0.041666666666666664,random-repair
ood,penobscot_000_il_0294,penobscot,random-2,False,True,False,-1.3076700691825762,0.054863926671910715,2,0.08333333333333333,random-repair
ood,penobscot_000_il_0294,penobscot,random-4,False,False,False,0.11000234771667033,-0.004615201403698115,4,0.16666666666666666,random-repair
ood,penobscot_000_il_0294,penobscot,random-8,False,True,False,-2.6462804330792205,0.11102596828917691,8,0.3333333333333333,random-repair
ood,penobscot_000_il_0294,penobscot,random-12,False,True,False,-8.548660129820474,0.35866314719487075,12,0.5,random-repair
ood,penobscot_000_il_0294,penobscot,random-15,False,True,False,-17.760601476249832,0.7451545768353538,15,0.625,random-repair
ood,penobscot_000_il_0294,penobscot,random-16,False,True,False,-14.234713137629681,0.5972242358248548,16,0.6666666666666666,random-repair
ood,penobscot_000_il_0294,penobscot,random-20,False,True,False,-19.418493414416954,0.8147122304584964,20,0.8333333333333334,random-repair
ood,penobscot_000_il_0294,penobscot,exact,True,True,False,-23.834788147820966,1.0,24,1.0,exact
ood,penobscot_000_il_0303,penobscot,neural-only,False,False,False,0.27343841322320006,-0.011318679865866333,0,0.0,unverified
ood,penobscot_000_il_0303,penobscot,global-fallback,True,True,False,-24.158154172007826,1.0000000000000002,24,1.0,exact-fallback
ood,penobscot_000_il_0303,penobscot,wavecert-selective,True,True,False,-23.753507861670716,0.9832501147456884,21,0.875,selective-repair
ood,penobscot_000_il_0303,penobscot,random-1,False,False,False,0.589183611260411,-0.02438860216990836,1,0.041666666666666664,random-repair
ood,penobscot_000_il_0303,penobscot,random-2,False,True,False,-1.189230987555699,0.04922689784526945,2,0.08333333333333333,random-repair
ood,penobscot_000_il_0303,penobscot,random-4,False,True,False,-1.9669417216499732,0.08141937118395737,4,0.16666666666666666,random-repair
ood,penobscot_000_il_0303,penobscot,random-8,False,True,False,-2.340877086278642,0.09689801089981569,8,0.3333333333333333,random-repair
ood,penobscot_000_il_0303,penobscot,random-12,False,True,False,-6.806993508980384,0.2817679471914159,12,0.5,random-repair
ood,penobscot_000_il_0303,penobscot,random-15,False,True,False,-14.984554905898737,0.6202690321126195,15,0.625,random-repair
ood,penobscot_000_il_0303,penobscot,random-16,False,True,False,-15.248321787432612,0.6311873696501581,16,0.6666666666666666,random-repair
ood,penobscot_000_il_0303,penobscot,random-20,False,True,False,-18.824416491548234,0.779215843955503,20,0.8333333333333334,random-repair
ood,penobscot_000_il_0303,penobscot,exact,True,True,False,-24.158154172007826,1.0000000000000002,24,1.0,exact
ood,penobscot_000_il_0315,penobscot,neural-only,False,False,False,0.13525199131877685,-0.00539367392328462,0,0.0,unverified
ood,penobscot_000_il_0315,penobscot,global-fallback,True,True,False,-25.076041533562318,1.0,24,1.0,exact-fallback
ood,penobscot_000_il_0315,penobscot,wavecert-selective,True,True,False,-24.851870974140756,0.9910603689533087,22,0.9166666666666666,selective-repair
ood,penobscot_000_il_0315,penobscot,random-1,False,True,False,-0.08922034186583658,0.0035579914695237046,1,0.041666666666666664,random-repair
ood,penobscot_000_il_0315,penobscot,random-2,False,True,False,-0.9707997278016401,0.038714233524549745,2,0.08333333333333333,random-repair
ood,penobscot_000_il_0315,penobscot,random-4,False,True,False,-0.5315403363888731,0.021197138937477347,4,0.16666666666666666,random-repair
ood,penobscot_000_il_0315,penobscot,random-8,False,True,False,-5.4049220002020215,0.21554127643982235,8,0.3333333333333333,random-repair
ood,penobscot_000_il_0315,penobscot,random-12,False,True,False,-7.650682741434316,0.30509930090817877,12,0.5,random-repair
ood,penobscot_000_il_0315,penobscot,random-15,False,True,False,-15.068572278214242,0.6009151108657298,15,0.625,random-repair
ood,penobscot_000_il_0315,penobscot,random-16,False,True,False,-12.445099795092501,0.4962944322147382,16,0.6666666666666666,random-repair
ood,penobscot_000_il_0315,penobscot,random-20,False,True,False,-18.63217433273146,0.7430269369985595,20,0.8333333333333334,random-repair
ood,penobscot_000_il_0315,penobscot,exact,True,True,False,-25.076041533562318,1.0,24,1.0,exact
ood,penobscot_000_il_0332,penobscot,neural-only,False,False,False,0.149457403556508,-0.005728861583846664,0,0.0,unverified
ood,penobscot_000_il_0332,penobscot,global-fallback,True,True,False,-26.088499672941005,1.0000000000000002,24,1.0,exact-fallback
ood,penobscot_000_il_0332,penobscot,wavecert-selective,True,True,False,-25.87487604222716,0.9918115785349125,22,0.9166666666666666,selective-repair
ood,penobscot_000_il_0332,penobscot,random-1,False,True,False,-0.2097493912667608,0.008039917737558237,1,0.041666666666666664,random-repair
ood,penobscot_000_il_0332,penobscot,random-2,False,True,False,-0.37373148852306637,0.014325526312680253,2,0.08333333333333333,random-repair
ood,penobscot_000_il_0332,penobscot,random-4,False,True,False,-0.0008559911262213116,3.281105226258554e-05,4,0.16666666666666666,random-repair
ood,penobscot_000_il_0332,penobscot,random-8,False,True,False,-4.444128275790801,0.17034817377406536,8,0.3333333333333333,random-repair
ood,penobscot_000_il_0332,penobscot,random-12,False,True,False,-9.963162459322362,0.3818986367259806,12,0.5,random-repair
ood,penobscot_000_il_0332,penobscot,random-15,False,True,False,-13.178734660777327,0.5051549466620465,15,0.625,random-repair
ood,penobscot_000_il_0332,penobscot,random-16,False,True,False,-16.60771241425094,0.6365913188743645,16,0.6666666666666666,random-repair
ood,penobscot_000_il_0332,penobscot,random-20,False,True,False,-21.089189448149874,0.8083711103564761,20,0.8333333333333334,random-repair
ood,penobscot_000_il_0332,penobscot,exact,True,True,False,-26.088499672941005,1.0000000000000002,24,1.0,exact
ood,penobscot_000_il_0342,penobscot,neural-only,False,False,False,0.1322235965209361,-0.004979867263465689,0,0.0,unverified
ood,penobscot_000_il_0342,penobscot,global-fallback,True,True,False,-26.551630701280224,1.0,24,1.0,exact-fallback
ood,penobscot_000_il_0342,penobscot,wavecert-selective,True,True,False,-26.185803722856342,0.986222052327421,21,0.875,selective-repair
ood,penobscot_000_il_0342,penobscot,random-1,False,True,False,-1.3079607453673534,0.04926103259278489,1,0.041666666666666664,random-repair
ood,penobscot_000_il_0342,penobscot,random-2,False,True,False,-0.21096538946271737,0.00794547769348663,2,0.08333333333333333,random-repair
ood,penobscot_000_il_0342,penobscot,random-4,False,True,False,-3.3134068214259123,0.1247910856663938,4,0.16666666666666666,random-repair
ood,penobscot_000_il_0342,penobscot,random-8,False,True,False,-4.021859235338253,0.1514731535921947,8,0.3333333333333333,random-repair
ood,penobscot_000_il_0342,penobscot,random-12,False,True,False,-6.609109468913616,0.24891538840945646,12,0.5,random-repair
ood,penobscot_000_il_0342,penobscot,random-15,False,True,False,-12.16223761098226,0.4580599115667815,15,0.625,random-repair
ood,penobscot_000_il_0342,penobscot,random-16,False,True,False,-10.075364364131122,0.3794631100998752,16,0.6666666666666666,random-repair
ood,penobscot_000_il_0342,penobscot,random-20,False,True,False,-19.65426257719622,0.7402280785808217,20,0.8333333333333334,random-repair
ood,penobscot_000_il_0342,penobscot,exact,True,True,False,-26.551630701280224,1.0,24,1.0,exact
ood,penobscot_000_il_0392,penobscot,neural-only,False,False,False,0.08813343956420183,-0.003149252332776679,0,0.0,unverified
ood,penobscot_000_il_0392,penobscot,global-fallback,True,True,False,-27.9855121950469,1.0,24,1.0,exact-fallback
ood,penobscot_000_il_0392,penobscot,wavecert-selective,True,True,False,-27.63721675697932,0.9875544376089989,21,0.875,selective-repair
ood,penobscot_000_il_0392,penobscot,random-1,False,True,False,-0.03274688559724337,0.0011701370826809083,1,0.041666666666666664,random-repair
ood,penobscot_000_il_0392,penobscot,random-2,False,True,False,-1.0571680989811911,0.037775549420471115,2,0.08333333333333333,random-repair
ood,penobscot_000_il_0392,penobscot,random-4,False,True,False,-4.368721057879248,0.1561065249558827,4,0.16666666666666666,random-repair
ood,penobscot_000_il_0392,penobscot,random-8,False,True,False,-3.334558379095797,0.11915302303046552,8,0.3333333333333333,random-repair
ood,penobscot_000_il_0392,penobscot,random-12,False,True,False,-10.271049245790234,0.3670130878507946,12,0.5,random-repair
ood,penobscot_000_il_0392,penobscot,random-15,False,True,False,-21.46781997892388,0.7671047729733325,15,0.625,random-repair
ood,penobscot_000_il_0392,penobscot,random-16,False,True,False,-17.64152050979768,0.6303804763994999,16,0.6666666666666666,random-repair
ood,penobscot_000_il_0392,penobscot,random-20,False,True,False,-22.638600879101535,0.8089400230133467,20,0.8333333333333334,random-repair
ood,penobscot_000_il_0392,penobscot,exact,True,True,False,-27.9855121950469,1.0,24,1.0,exact
ood,penobscot_000_il_0438,penobscot,neural-only,False,False,False,0.0704704489073994,-0.0024661205376544973,0,0.0,unverified
ood,penobscot_000_il_0438,penobscot,global-fallback,True,True,False,-28.575427612481285,1.0000000000000002,24,1.0,exact-fallback
ood,penobscot_000_il_0438,penobscot,wavecert-selective,True,True,False,-28.229074515126626,0.9878793380784482,21,0.875,selective-repair
ood,penobscot_000_il_0438,penobscot,random-1,False,True,False,-1.2039652199165363,0.04213288550722033,1,0.041666666666666664,random-repair
ood,penobscot_000_il_0438,penobscot,random-2,False,True,False,-0.5043700442794555,0.0176504810748363,2,0.08333333333333333,random-repair
ood,penobscot_000_il_0438,penobscot,random-4,False,True,False,-2.0818331386527644,0.07285396274327155,4,0.16666666666666666,random-repair
ood,penobscot_000_il_0438,penobscot,random-8,False,True,False,-7.772768164885962,0.2720088136665694,8,0.3333333333333333,random-repair
ood,penobscot_000_il_0438,penobscot,random-12,False,True,False,-8.387687779055874,0.29352798820033293,12,0.5,random-repair
ood,penobscot_000_il_0438,penobscot,random-15,False,True,False,-12.103794352464266,0.4235735162604366,15,0.625,random-repair
ood,penobscot_000_il_0438,penobscot,random-16,False,True,False,-11.01552610712881,0.38548945816360797,16,0.6666666666666666,random-repair
ood,penobscot_000_il_0438,penobscot,random-20,False,True,False,-27.601689646411693,0.9659239406921674,20,0.8333333333333334,random-repair
ood,penobscot_000_il_0438,penobscot,exact,True,True,False,-28.575427612481285,1.0000000000000002,24,1.0,exact
ood,penobscot_000_il_0467,penobscot,neural-only,False,False,False,0.08265907996997121,-0.0028342923630989224,0,0.0,unverified
ood,penobscot_000_il_0467,penobscot,global-fallback,True,True,False,-29.163921494533078,1.0,24,1.0,exact-fallback
ood,penobscot_000_il_0467,penobscot,wavecert-selective,True,True,False,-28.81721374243091,0.9881117581472312,21,0.875,selective-repair
ood,penobscot_000_il_0467,penobscot,random-1,False,True,False,-1.2219481938017305,0.041899310215561786,1,0.041666666666666664,random-repair
ood,penobscot_000_il_0467,penobscot,random-2,False,True,False,-0.2722727793378916,0.009335945421089212,2,0.08333333333333333,random-repair
ood,penobscot_000_il_0467,penobscot,random-4,False,True,False,-3.7147540602521145,0.12737498490895555,4,0.16666666666666666,random-repair
ood,penobscot_000_il_0467,penobscot,random-8,False,True,False,-6.0985701581555904,0.20911351579720852,8,0.3333333333333333,random-repair
ood,penobscot_000_il_0467,penobscot,random-12,False,True,False,-18.908424813328537,0.6483498735543167,12,0.5,random-repair
ood,penobscot_000_il_0467,penobscot,random-15,False,True,False,-14.616073484647151,0.5011696896587452,15,0.625,random-repair
ood,penobscot_000_il_0467,penobscot,random-16,False,True,False,-17.820231854305668,0.6110368887684106,16,0.6666666666666666,random-repair
ood,penobscot_000_il_0467,penobscot,random-20,False,True,False,-26.656338057082635,0.9140176180380782,20,0.8333333333333334,random-repair
ood,penobscot_000_il_0467,penobscot,exact,True,True,False,-29.163921494533078,1.0,24,1.0,exact
ood,penobscot_000_il_0477,penobscot,neural-only,False,False,False,0.10794852659139681,-0.003656082062887647,0,0.0,unverified
ood,penobscot_000_il_0477,penobscot,global-fallback,True,True,False,-29.525739503269303,1.0000000000000002,24,1.0,exact-fallback
ood,penobscot_000_il_0477,penobscot,wavecert-selective,True,True,False,-29.17412578439505,0.9880912815465527,21,0.875,selective-repair
ood,penobscot_000_il_0477,penobscot,random-1,False,True,False,-1.210329425981879,0.040992349263525255,1,0.041666666666666664,random-repair
ood,penobscot_000_il_0477,penobscot,random-2,False,True,False,-1.5535577508665033,0.052617064872989276,2,0.08333333333333333,random-repair
ood,penobscot_000_il_0477,penobscot,random-4,False,True,False,-5.668334543124203,0.19197942671331114,4,0.16666666666666666,random-repair
ood,penobscot_000_il_0477,penobscot,random-8,False,True,False,-6.381036834429176,0.21611776510195863,8,0.3333333333333333,random-repair
ood,penobscot_000_il_0477,penobscot,random-12,False,True,False,-9.029596911049323,0.3058211940821839,12,0.5,random-repair
ood,penobscot_000_il_0477,penobscot,random-15,False,True,False,-19.882094002261187,0.6733817454448413,15,0.625,random-repair
ood,penobscot_000_il_0477,penobscot,random-16,False,True,False,-17.864093551094633,0.6050345851326298,16,0.6666666666666666,random-repair
ood,penobscot_000_il_0477,penobscot,random-20,False,True,False,-24.499380941018735,0.8297634996849441,20,0.8333333333333334,random-repair
ood,penobscot_000_il_0477,penobscot,exact,True,True,False,-29.525739503269303,1.0000000000000002,24,1.0,exact
ood,penobscot_000_il_0506,penobscot,neural-only,False,False,False,0.582813890299993,-0.022016663697416648,0,0.0,unverified
ood,penobscot_000_il_0506,penobscot,global-fallback,True,True,False,-26.47148988192877,1.0,24,1.0,exact-fallback
ood,penobscot_000_il_0506,penobscot,wavecert-selective,True,True,False,-26.09309756511899,0.9857056660392922,21,0.875,selective-repair
ood,penobscot_000_il_0506,penobscot,random-1,False,True,False,-0.6716111628626762,0.02537111306761631,1,0.041666666666666664,random-repair
ood,penobscot_000_il_0506,penobscot,random-2,False,True,False,-2.6029517740279307,0.09833038433567282,2,0.08333333333333333,random-repair
ood,penobscot_000_il_0506,penobscot,random-4,False,False,False,0.47401272909901637,-0.017906537607564336,4,0.16666666666666666,random-repair
ood,penobscot_000_il_0506,penobscot,random-8,False,True,False,-5.926626548716003,0.22388715463884473,8,0.3333333333333333,random-repair
ood,penobscot_000_il_0506,penobscot,random-12,False,True,False,-18.184902960107813,0.6869618235021241,12,0.5,random-repair
ood,penobscot_000_il_0506,penobscot,random-15,False,True,False,-13.403036933706042,0.5063197044627195,15,0.625,random-repair
ood,penobscot_000_il_0506,penobscot,random-16,False,True,False,-16.947838368048483,0.6402298640401884,16,0.6666666666666666,random-repair
ood,penobscot_000_il_0506,penobscot,random-20,False,True,False,-22.24234040573561,0.840237572760109,20,0.8333333333333334,random-repair
ood,penobscot_000_il_0506,penobscot,exact,True,True,False,-26.47148988192877,1.0,24,1.0,exact
ood,penobscot_000_il_0526,penobscot,neural-only,False,False,False,0.8530290895404162,-0.031382478457310806,0,0.0,unverified
ood,penobscot_000_il_0526,penobscot,global-fallback,True,True,False,-27.181699198830994,1.0,24,1.0,exact-fallback
ood,penobscot_000_il_0526,penobscot,wavecert-selective,True,True,False,-26.821536518044987,0.9867498099308856,21,0.875,selective-repair
ood,penobscot_000_il_0526,penobscot,random-1,False,True,False,-1.7627743526428856,0.0648515142393562,1,0.041666666666666664,random-repair
ood,penobscot_000_il_0526,penobscot,random-2,False,False,False,1.7441647099036262,-0.06416687555642722,2,0.08333333333333333,random-repair
ood,penobscot_000_il_0526,penobscot,random-4,False,False,False,0.9391144636778996,-0.034549512773590224,4,0.16666666666666666,random-repair
ood,penobscot_000_il_0526,penobscot,random-8,False,True,False,-6.713285417752308,0.24697813660012197,8,0.3333333333333333,random-repair
ood,penobscot_000_il_0526,penobscot,random-12,False,True,False,-7.412899370446163,0.2727165552168634,12,0.5,random-repair
ood,penobscot_000_il_0526,penobscot,random-15,False,True,False,-12.619913737615658,0.4642797952145097,15,0.625,random-repair
ood,penobscot_000_il_0526,penobscot,random-16,False,True,False,-12.284676888050964,0.4519466129836094,16,0.6666666666666666,random-repair
ood,penobscot_000_il_0526,penobscot,random-20,False,True,False,-24.710810531040394,0.909097343410493,20,0.8333333333333334,random-repair
ood,penobscot_000_il_0526,penobscot,exact,True,True,False,-27.181699198830994,1.0,24,1.0,exact
ood,penobscot_000_il_0605,penobscot,neural-only,False,False,False,1.5295274429173846,-0.08396288255278589,0,0.0,unverified
ood,penobscot_000_il_0605,penobscot,global-fallback,True,True,False,-18.216709531807698,1.0000000000000002,24,1.0,exact-fallback
ood,penobscot_000_il_0605,penobscot,wavecert-selective,True,True,False,-17.255871034226818,0.9472551013725511,20,0.8333333333333334,selective-repair
ood,penobscot_000_il_0605,penobscot,random-1,False,True,False,-0.2693286308939349,0.01478470249655503,1,0.041666666666666664,random-repair
ood,penobscot_000_il_0605,penobscot,random-2,False,False,False,2.087133223956883,-0.11457245998859435,2,0.08333333333333333,random-repair
ood,penobscot_000_il_0605,penobscot,random-4,False,True,False,-1.623409592573514,0.08911651084620545,4,0.16666666666666666,random-repair
ood,penobscot_000_il_0605,penobscot,random-8,False,True,False,-2.4079856927739614,0.1321855458346879,8,0.3333333333333333,random-repair
ood,penobscot_000_il_0605,penobscot,random-12,False,True,False,-7.334053044439157,0.40260031767171606,12,0.5,random-repair
ood,penobscot_000_il_0605,penobscot,random-15,False,True,False,-12.42533349531734,0.6820844057277088,15,0.625,random-repair
ood,penobscot_000_il_0605,penobscot,random-16,False,True,False,-2.7441462899868,0.15063896612038094,16,0.6666666666666666,random-repair
ood,penobscot_000_il_0605,penobscot,random-20,False,True,False,-12.281564771770878,0.6741922711303255,20,0.8333333333333334,random-repair
ood,penobscot_000_il_0605,penobscot,exact,True,True,False,-18.216709531807698,1.0000000000000002,24,1.0,exact
ood,penobscot_000_il_0624,penobscot,neural-only,False,False,False,1.4971021962555084,-0.08925721496310898,0,0.0,unverified
ood,penobscot_000_il_0624,penobscot,global-fallback,True,True,False,-16.77289837997161,1.0000000000000002,24,1.0,exact-fallback
ood,penobscot_000_il_0624,penobscot,wavecert-selective,True,True,False,-15.735154439722113,0.9381297187438601,20,0.8333333333333334,selective-repair
ood,penobscot_000_il_0624,penobscot,random-1,False,False,False,2.155408409738439,-0.12850542350582625,1,0.041666666666666664,random-repair
ood,penobscot_000_il_0624,penobscot,random-2,False,False,False,1.410870677755169,-0.08411609286561224,2,0.08333333333333333,random-repair
ood,penobscot_000_il_0624,penobscot,random-4,False,False,False,0.7981660147746478,-0.04758664821625177,4,0.16666666666666666,random-repair
ood,penobscot_000_il_0624,penobscot,random-8,False,True,False,-2.7006509350673316,0.1610127763185019,8,0.3333333333333333,random-repair
ood,penobscot_000_il_0624,penobscot,random-12,False,True,False,-2.0213237940356685,0.12051130032775467,12,0.5,random-repair
ood,penobscot_000_il_0624,penobscot,random-15,False,True,False,-2.077241746559442,0.12384512798574282,15,0.625,random-repair
ood,penobscot_000_il_0624,penobscot,random-16,False,True,False,-5.531219792490288,0.32977125760775333,16,0.6666666666666666,random-repair
ood,penobscot_000_il_0624,penobscot,random-20,False,True,False,-8.73880510453617,0.5210074553942988,20,0.8333333333333334,random-repair
ood,penobscot_000_il_0624,penobscot,exact,True,True,False,-16.77289837997161,1.0000000000000002,24,1.0,exact
ood,penobscot_000_il_0645,penobscot,neural-only,False,False,False,1.505372472954745,-0.09618243016478109,0,0.0,unverified
ood,penobscot_000_il_0645,penobscot,global-fallback,True,True,False,-15.6512210221318,1.0000000000000002,24,1.0,exact-fallback
ood,penobscot_000_il_0645,penobscot,wavecert-selective,True,True,False,-14.570003673798883,0.9309180193159371,20,0.8333333333333334,selective-repair
ood,penobscot_000_il_0645,penobscot,random-1,False,False,False,1.3540757122678861,-0.08651565972732346,1,0.041666666666666664,random-repair
ood,penobscot_000_il_0645,penobscot,random-2,False,False,False,0.8688341797637599,-0.05551222991069993,2,0.08333333333333333,random-repair
ood,penobscot_000_il_0645,penobscot,random-4,False,False,False,0.35591132129785885,-0.02274016326231534,4,0.16666666666666666,random-repair
ood,penobscot_000_il_0645,penobscot,random-8,False,True,False,-0.2393838622392217,0.015294900116784365,8,0.3333333333333333,random-repair
ood,penobscot_000_il_0645,penobscot,random-12,False,True,False,-5.030657220273664,0.32142266812027015,12,0.5,random-repair
ood,penobscot_000_il_0645,penobscot,random-15,False,True,False,-5.673177913217252,0.362475100517399,15,0.625,random-repair
ood,penobscot_000_il_0645,penobscot,random-16,False,True,False,-7.297419637638633,0.46625241745162443,16,0.6666666666666666,random-repair
ood,penobscot_000_il_0645,penobscot,random-20,False,True,False,-14.84912809466491,0.9487520541475533,20,0.8333333333333334,random-repair
ood,penobscot_000_il_0645,penobscot,exact,True,True,False,-15.6512210221318,1.0000000000000002,24,1.0,exact
ood,penobscot_000_il_0648,penobscot,neural-only,False,False,False,1.5353095665273941,-0.10032202855879768,0,0.0,unverified
ood,penobscot_000_il_0648,penobscot,global-fallback,True,True,False,-15.303813016774932,1.0,24,1.0,exact-fallback
ood,penobscot_000_il_0648,penobscot,wavecert-selective,True,True,False,-14.577524485602915,0.9525419886941957,21,0.875,selective-repair
ood,penobscot_000_il_0648,penobscot,random-1,False,False,False,1.3992229949364496,-0.09142969751412426,1,0.041666666666666664,random-repair
ood,penobscot_000_il_0648,penobscot,random-2,False,False,False,2.2437149128266034,-0.14661149547287364,2,0.08333333333333333,random-repair
ood,penobscot_000_il_0648,penobscot,random-4,False,True,False,-0.3982195547002828,0.026020937021628766,4,0.16666666666666666,random-repair
ood,penobscot_000_il_0648,penobscot,random-8,False,True,False,-3.4991494078030887,0.22864559335425583,8,0.3333333333333333,random-repair
ood,penobscot_000_il_0648,penobscot,random-12,False,True,False,-1.3573847979138893,0.0886958561520598,12,0.5,random-repair
ood,penobscot_000_il_0648,penobscot,random-15,False,True,False,-4.840987569259122,0.31632558264746063,15,0.625,random-repair
ood,penobscot_000_il_0648,penobscot,random-16,False,True,False,-4.546761091135407,0.2970998852476553,16,0.6666666666666666,random-repair
ood,penobscot_000_il_0648,penobscot,random-20,False,True,False,-13.331369228194703,0.8711142258195272,20,0.8333333333333334,random-repair
ood,penobscot_000_il_0648,penobscot,exact,True,True,False,-15.303813016774932,1.0,24,1.0,exact
ood,penobscot_000_il_0681,penobscot,neural-only,False,False,False,1.2023265580080054,-0.10180899610185275,0,0.0,unverified
ood,penobscot_000_il_0681,penobscot,global-fallback,True,True,False,-11.809629836691073,1.0,24,1.0,exact-fallback
ood,penobscot_000_il_0681,penobscot,wavecert-selective,True,True,False,-10.99680182282075,0.9311724393473396,21,0.875,selective-repair
ood,penobscot_000_il_0681,penobscot,random-1,False,False,False,1.2402718464409612,-0.10502207635565247,1,0.041666666666666664,random-repair
ood,penobscot_000_il_0681,penobscot,random-2,False,False,False,1.7595962836151013,-0.14899673469427901,2,0.08333333333333333,random-repair
ood,penobscot_000_il_0681,penobscot,random-4,False,False,False,0.7518481880389614,-0.06366399272761801,4,0.16666666666666666,random-repair
ood,penobscot_000_il_0681,penobscot,random-8,False,True,False,-0.5635325896234182,0.04771805699384343,8,0.3333333333333333,random-repair
ood,penobscot_000_il_0681,penobscot,random-12,False,True,False,-1.6740760430986408,0.14175516644031397,12,0.5,random-repair
ood,penobscot_000_il_0681,penobscot,random-15,False,True,False,-2.5023283931573,0.21188880835052698,15,0.625,random-repair
ood,penobscot_000_il_0681,penobscot,random-16,False,True,False,-2.785633596451725,0.23587814647645458,16,0.6666666666666666,random-repair
ood,penobscot_000_il_0681,penobscot,random-20,False,True,False,-5.500443698056749,0.46575919602217725,20,0.8333333333333334,random-repair
ood,penobscot_000_il_0681,penobscot,exact,True,True,False,-11.809629836691073,1.0,24,1.0,exact
ood,penobscot_000_il_0775,penobscot,neural-only,False,False,False,1.1360618104629538,-0.12409724101607864,0,0.0,unverified
ood,penobscot_000_il_0775,penobscot,global-fallback,True,True,False,-9.154609733150803,1.0000000000000002,24,1.0,exact-fallback
ood,penobscot_000_il_0775,penobscot,wavecert-selective,True,True,False,-8.571192625979961,0.9362706741000479,22,0.9166666666666666,selective-repair
ood,penobscot_000_il_0775,penobscot,random-1,False,False,False,1.1683879200370568,-0.12762837019759293,1,0.041666666666666664,random-repair
ood,penobscot_000_il_0775,penobscot,random-2,False,False,False,0.3056933709275097,-0.033392288676220516,2,0.08333333333333333,random-repair
ood,penobscot_000_il_0775,penobscot,random-4,False,False,False,0.8656955662038013,-0.09456389637986778,4,0.16666666666666666,random-repair
ood,penobscot_000_il_0775,penobscot,random-8,False,False,False,0.45958457359938565,-0.05020253041865144,8,0.3333333333333333,random-repair
ood,penobscot_000_il_0775,penobscot,random-12,False,True,False,-1.3787725096079955,0.1506096436438099,12,0.5,random-repair
ood,penobscot_000_il_0775,penobscot,random-15,False,True,False,-1.8243422429133727,0.19928126879150718,15,0.625,random-repair
ood,penobscot_000_il_0775,penobscot,random-16,False,True,False,-0.5811471677845294,0.06348137001188278,16,0.6666666666666666,random-repair
ood,penobscot_000_il_0775,penobscot,random-20,False,True,False,-4.094332444194341,0.44724270761296214,20,0.8333333333333334,random-repair
ood,penobscot_000_il_0775,penobscot,exact,True,True,False,-9.154609733150803,1.0000000000000002,24,1.0,exact
ood,penobscot_000_il_0899,penobscot,neural-only,False,False,False,0.6908529994759378,-0.05214390655173709,0,0.0,unverified
ood,penobscot_000_il_0899,penobscot,global-fallback,True,True,False,-13.248968962278926,1.0000000000000002,24,1.0,exact-fallback
ood,penobscot_000_il_0899,penobscot,wavecert-selective,True,True,False,-12.852164408180379,0.9700501559609442,22,0.9166666666666666,selective-repair
ood,penobscot_000_il_0899,penobscot,random-1,False,False,False,0.466190391609228,-0.03518691853958722,1,0.041666666666666664,random-repair
ood,penobscot_000_il_0899,penobscot,random-2,False,False,False,0.4340780264482636,-0.03276315520733159,2,0.08333333333333333,random-repair
ood,penobscot_000_il_0899,penobscot,random-4,False,True,False,-0.09143525309693168,0.006901310838394778,4,0.16666666666666666,random-repair
ood,penobscot_000_il_0899,penobscot,random-8,False,True,False,-0.32947748832824914,0.02486816062942732,8,0.3333333333333333,random-repair
ood,penobscot_000_il_0899,penobscot,random-12,False,True,False,-2.666939310349861,0.20129410204997017,12,0.5,random-repair
ood,penobscot_000_il_0899,penobscot,random-15,False,True,False,-3.21137417393881,0.2423867233051793,15,0.625,random-repair
ood,penobscot_000_il_0899,penobscot,random-16,False,True,False,-3.056821364742224,0.23072145262361812,16,0.6666666666666666,random-repair
ood,penobscot_000_il_0899,penobscot,random-20,False,True,False,-7.451351662935059,0.5624099267006939,20,0.8333333333333334,random-repair
ood,penobscot_000_il_0899,penobscot,exact,True,True,False,-13.248968962278926,1.0000000000000002,24,1.0,exact
ood,penobscot_000_xl_0100,penobscot,neural-only,False,False,False,1.6928160384899718,-0.1294566816794855,0,0.0,unverified
ood,penobscot_000_xl_0100,penobscot,global-fallback,True,True,False,-13.07631260533249,1.0000000000000002,24,1.0,exact-fallback
ood,penobscot_000_xl_0100,penobscot,wavecert-selective,True,True,False,-11.610886934474127,0.887932805287879,20,0.8333333333333334,selective-repair
ood,penobscot_000_xl_0100,penobscot,random-1,False,False,False,1.6802443903490447,-0.12849527546961864,1,0.041666666666666664,random-repair
ood,penobscot_000_xl_0100,penobscot,random-2,False,False,False,0.07543873271644358,-0.0057691135867828725,2,0.08333333333333333,random-repair
ood,penobscot_000_xl_0100,penobscot,random-4,False,False,False,0.8575541414241216,-0.06558073115156436,4,0.16666666666666666,random-repair
ood,penobscot_000_xl_0100,penobscot,random-8,False,True,False,-0.8938858701404664,0.06835916952428486,8,0.3333333333333333,random-repair
ood,penobscot_000_xl_0100,penobscot,random-12,False,True,False,-0.611661552882492,0.046776302413652764,12,0.5,random-repair
ood,penobscot_000_xl_0100,penobscot,random-15,False,True,False,-1.1686918352540534,0.089374724398793,15,0.625,random-repair
ood,penobscot_000_xl_0100,penobscot,random-16,False,False,False,1.0044389409127672,-0.0768136225577201,16,0.6666666666666666,random-repair
ood,penobscot_000_xl_0100,penobscot,random-20,False,True,False,-11.129210218212364,0.8510969838449643,20,0.8333333333333334,random-repair
ood,penobscot_000_xl_0100,penobscot,exact,True,True,False,-13.07631260533249,1.0000000000000002,24,1.0,exact
ood,penobscot_000_xl_0112,penobscot,neural-only,False,False,False,1.762827693701745,-0.12919447063174155,0,0.0,unverified
ood,penobscot_000_xl_0112,penobscot,global-fallback,True,True,False,-13.644761150239493,1.0,24,1.0,exact-fallback
ood,penobscot_000_xl_0112,penobscot,wavecert-selective,True,True,False,-12.245058625990241,0.8974183198344456,20,0.8333333333333334,selective-repair
ood,penobscot_000_xl_0112,penobscot,random-1,False,False,False,1.791901540076553,-0.13132524053344102,1,0.041666666666666664,random-repair
ood,penobscot_000_xl_0112,penobscot,random-2,False,False,False,1.4560104067528017,-0.10670838358553787,2,0.08333333333333333,random-repair
ood,penobscot_000_xl_0112,penobscot,random-4,False,False,False,1.416758283486233,-0.10383166607950232,4,0.16666666666666666,random-repair
ood,penobscot_000_xl_0112,penobscot,random-8,False,False,False,0.3966321285453086,-0.029068455224542128,8,0.3333333333333333,random-repair
ood,penobscot_000_xl_0112,penobscot,random-12,False,True,False,-3.683891940313133,0.2699858135844667,12,0.5,random-repair
ood,penobscot_000_xl_0112,penobscot,random-15,False,True,False,-4.607731612825176,0.33769236134590014,15,0.625,random-repair
ood,penobscot_000_xl_0112,penobscot,random-16,False,True,False,-3.1854455596514892,0.2334555749695609,16,0.6666666666666666,random-repair
ood,penobscot_000_xl_0112,penobscot,random-20,False,True,False,-8.026520342566368,0.5882492375050101,20,0.8333333333333334,random-repair
ood,penobscot_000_xl_0112,penobscot,exact,True,True,False,-13.644761150239493,1.0,24,1.0,exact
ood,penobscot_000_xl_0132,penobscot,neural-only,False,False,False,1.7324163322358448,-0.1262843012043614,0,0.0,unverified
ood,penobscot_000_xl_0132,penobscot,global-fallback,True,True,False,-13.718382377809073,1.0000000000000002,24,1.0,exact-fallback
ood,penobscot_000_xl_0132,penobscot,wavecert-selective,True,True,False,-12.355014380447091,0.9006174372594127,20,0.8333333333333334,selective-repair
ood,penobscot_000_xl_0132,penobscot,random-1,False,False,False,1.699378957749207,-0.12387604536363787,1,0.041666666666666664,random-repair
ood,penobscot_000_xl_0132,penobscot,random-2,False,False,False,1.1703979404443325,-0.08531603130829585,2,0.08333333333333333,random-repair
ood,penobscot_000_xl_0132,penobscot,random-4,False,True,False,-0.45229618727602716,0.03297008166266481,4,0.16666666666666666,random-repair
ood,penobscot_000_xl_0132,penobscot,random-8,False,False,False,0.4963752015681014,-0.03618321664302351,8,0.3333333333333333,random-repair
ood,penobscot_000_xl_0132,penobscot,random-12,False,True,False,-0.8357065312312395,0.060918737225394946,12,0.5,random-repair
ood,penobscot_000_xl_0132,penobscot,random-15,False,True,False,-1.8970133994253557,0.13828258661851953,15,0.625,random-repair
ood,penobscot_000_xl_0132,penobscot,random-16,False,True,False,-3.0933001377056337,0.22548577904559447,16,0.6666666666666666,random-repair
ood,penobscot_000_xl_0132,penobscot,random-20,False,True,False,-10.681636251190374,0.7786367194771477,20,0.8333333333333334,random-repair
ood,penobscot_000_xl_0132,penobscot,exact,True,True,False,-13.718382377809073,1.0000000000000002,24,1.0,exact
ood,penobscot_000_xl_0233,penobscot,neural-only,False,False,False,1.6727294497039378,-0.07746887141578984,0,0.0,unverified
ood,penobscot_000_xl_0233,penobscot,global-fallback,True,True,False,-21.592278538899677,1.0000000000000002,24,1.0,exact-fallback
ood,penobscot_000_xl_0233,penobscot,wavecert-selective,True,True,False,-20.703738395088212,0.9588491718365569,20,0.8333333333333334,selective-repair
ood,penobscot_000_xl_0233,penobscot,random-1,False,False,False,1.7128474977883514,-0.07932685263866728,1,0.041666666666666664,random-repair
ood,penobscot_000_xl_0233,penobscot,random-2,False,False,False,2.1109638048275583,-0.0977647542395556,2,0.08333333333333333,random-repair
ood,penobscot_000_xl_0233,penobscot,random-4,False,True,False,-0.055592003474157214,0.002574624228471535,4,0.16666666666666666,random-repair
ood,penobscot_000_xl_0233,penobscot,random-8,False,True,False,-3.7773966381595034,0.17494201139330046,8,0.3333333333333333,random-repair
ood,penobscot_000_xl_0233,penobscot,random-12,False,True,False,-5.902143941960728,0.27334511878066464,12,0.5,random-repair
ood,penobscot_000_xl_0233,penobscot,random-15,False,True,False,-6.253094157294802,0.28959862415768267,15,0.625,random-repair
ood,penobscot_000_xl_0233,penobscot,random-16,False,True,False,-2.484620422109421,0.11506985784910292,16,0.6666666666666666,random-repair
ood,penobscot_000_xl_0233,penobscot,random-20,False,True,False,-14.96138440828857,0.6929043815980244,20,0.8333333333333334,random-repair
ood,penobscot_000_xl_0233,penobscot,exact,True,True,False,-21.592278538899677,1.0000000000000002,24,1.0,exact
ood,penobscot_000_xl_0244,penobscot,neural-only,False,False,False,1.6010029119609455,-0.0701956880530925,0,0.0,unverified
ood,penobscot_000_xl_0244,penobscot,global-fallback,True,True,False,-22.807710222172453,1.0,24,1.0,exact-fallback
ood,penobscot_000_xl_0244,penobscot,wavecert-selective,True,True,False,-21.971921286813778,0.9633549827134265,20,0.8333333333333334,selective-repair
ood,penobscot_000_xl_0244,penobscot,random-1,False,False,False,2.1162898547401316,-0.09278835245296947,1,0.041666666666666664,random-repair
ood,penobscot_000_xl_0244,penobscot,random-2,False,False,False,1.3072766026146727,-0.05731731023764975,2,0.08333333333333333,random-repair
ood,penobscot_000_xl_0244,penobscot,random-4,False,False,False,1.5355682614098616,-0.06732671743246998,4,0.16666666666666666,random-repair
ood,penobscot_000_xl_0244,penobscot,random-8,False,True,False,-5.381561911654309,0.23595362529740663,8,0.3333333333333333,random-repair
ood,penobscot_000_xl_0244,penobscot,random-12,False,True,False,-13.864469742058663,0.6078852110537759,12,0.5,random-repair
ood,penobscot_000_xl_0244,penobscot,random-15,False,True,False,-11.776392791928805,0.5163338483878323,15,0.625,random-repair
ood,penobscot_000_xl_0244,penobscot,random-16,False,True,False,-6.7386548938678565,0.2954551258423519,16,0.6666666666666666,random-repair
ood,penobscot_000_xl_0244,penobscot,random-20,False,True,False,-18.787942250915002,0.8237539879233631,20,0.8333333333333334,random-repair
ood,penobscot_000_xl_0244,penobscot,exact,True,True,False,-22.807710222172453,1.0,24,1.0,exact
ood,penobscot_000_xl_0260,penobscot,neural-only,False,False,False,1.41130260742077,-0.06268867078833662,0,0.0,unverified
ood,penobscot_000_xl_0260,penobscot,global-fallback,True,True,False,-22.512881349581058,1.0000000000000002,24,1.0,exact-fallback
ood,penobscot_000_xl_0260,penobscot,wavecert-selective,True,True,False,-21.664481809010816,0.9623149286225849,20,0.8333333333333334,selective-repair
ood,penobscot_000_xl_0260,penobscot,random-1,False,False,False,1.1964511796228612,-0.053145182131256845,1,0.041666666666666664,random-repair
ood,penobscot_000_xl_0260,penobscot,random-2,False,False,False,1.0346505469341154,-0.045958157504053535,2,0.08333333333333333,random-repair
ood,penobscot_000_xl_0260,penobscot,random-4,False,True,False,-0.5418539429640823,0.024068618074699087,4,0.16666666666666666,random-repair
ood,penobscot_000_xl_0260,penobscot,random-8,False,True,False,-2.914479419584067,0.12945830319664098,8,0.3333333333333333,random-repair
ood,penobscot_000_xl_0260,penobscot,random-12,False,True,False,-5.711171177787224,0.25368459457072157,12,0.5,random-repair
ood,penobscot_000_xl_0260,penobscot,random-15,False,True,False,-7.594762431493376,0.33735186152148,15,0.625,random-repair
ood,penobscot_000_xl_0260,penobscot,random-16,False,True,False,-9.476086390243477,0.42091841746502257,16,0.6666666666666666,random-repair
ood,penobscot_000_xl_0260,penobscot,random-20,False,True,False,-19.03779223913826,0.845639966893555,20,0.8333333333333334,random-repair
ood,penobscot_000_xl_0260,penobscot,exact,True,True,False,-22.512881349581058,1.0000000000000002,24,1.0,exact
ood,penobscot_000_xl_0278,penobscot,neural-only,False,False,False,1.4312602515255988,-0.061872881118660426,0,0.0,unverified
ood,penobscot_000_xl_0278,penobscot,global-fallback,True,True,False,-23.132270966673016,1.0000000000000002,24,1.0,exact-fallback
ood,penobscot_000_xl_0278,penobscot,wavecert-selective,True,True,False,-22.319377536390867,0.9648589007342468,20,0.8333333333333334,selective-repair
ood,penobscot_000_xl_0278,penobscot,random-1,False,True,False,-0.170961263390989,0.007390595745540738,1,0.041666666666666664,random-repair
ood,penobscot_000_xl_0278,penobscot,random-2,False,False,False,1.190514498673367,-0.05146552625068923,2,0.08333333333333333,random-repair
ood,penobscot_000_xl_0278,penobscot,random-4,False,False,False,0.9150618663474305,-0.03955780509686111,4,0.16666666666666666,random-repair
ood,penobscot_000_xl_0278,penobscot,random-8,False,True,False,-6.151465499167837,0.26592570647431624,8,0.3333333333333333,random-repair
ood,penobscot_000_xl_0278,penobscot,random-12,False,True,False,-7.866971667542284,0.34008643936759775,12,0.5,random-repair
ood,penobscot_000_xl_0278,penobscot,random-15,False,True,False,-10.157699694176204,0.43911381242293696,15,0.625,random-repair
ood,penobscot_000_xl_0278,penobscot,random-16,False,True,False,-15.022358487408077,0.649411314135607,16,0.6666666666666666,random-repair
ood,penobscot_000_xl_0278,penobscot,random-20,False,True,False,-19.117886012569983,0.8264595395805879,20,0.8333333333333334,random-repair
ood,penobscot_000_xl_0278,penobscot,exact,True,True,False,-23.132270966673016,1.0000000000000002,24,1.0,exact
ood,penobscot_000_xl_0342,penobscot,neural-only,False,False,False,0.8163679845701381,-0.03145560441275731,0,0.0,unverified
ood,penobscot_000_xl_0342,penobscot,global-fallback,True,True,False,-25.953021720957548,1.0000000000000002,24,1.0,exact-fallback
ood,penobscot_000_xl_0342,penobscot,wavecert-selective,True,True,False,-25.571631085070948,0.9853045768624845,21,0.875,selective-repair
ood,penobscot_000_xl_0342,penobscot,random-1,False,False,False,1.1371346924861907,-0.04381511735752657,1,0.041666666666666664,random-repair
ood,penobscot_000_xl_0342,penobscot,random-2,False,False,False,0.7678747645184323,-0.029587104452594777,2,0.08333333333333333,random-repair
ood,penobscot_000_xl_0342,penobscot,random-4,False,False,False,0.6830000401641458,-0.026316782974547044,4,0.16666666666666666,random-repair
ood,penobscot_000_xl_0342,penobscot,random-8,False,True,False,-4.954253668297115,0.19089313458619203,8,0.3333333333333333,random-repair
ood,penobscot_000_xl_0342,penobscot,random-12,False,True,False,-7.336895363823675,0.2826990800034278,12,0.5,random-repair
ood,penobscot_000_xl_0342,penobscot,random-15,False,True,False,-12.675414702305966,0.4883984161301084,15,0.625,random-repair
ood,penobscot_000_xl_0342,penobscot,random-16,False,True,False,-14.838260516020522,0.5717353715324157,16,0.6666666666666666,random-repair
ood,penobscot_000_xl_0342,penobscot,random-20,False,True,False,-21.417324117109324,0.8252343155793082,20,0.8333333333333334,random-repair
ood,penobscot_000_xl_0342,penobscot,exact,True,True,False,-25.953021720957548,1.0000000000000002,24,1.0,exact
ood,penobscot_000_xl_0364,penobscot,neural-only,False,False,False,0.7318713717558959,-0.02794601162228278,0,0.0,unverified
ood,penobscot_000_xl_0364,penobscot,global-fallback,True,True,False,-26.188759299460727,1.0,24,1.0,exact-fallback
ood,penobscot_000_xl_0364,penobscot,wavecert-selective,True,True,False,-25.825703444593007,0.9861369585814935,21,0.875,selective-repair
ood,penobscot_000_xl_0364,penobscot,random-1,False,False,False,0.6196250110273743,-0.023659960517493212,1,0.041666666666666664,random-repair
ood,penobscot_000_xl_0364,penobscot,random-2,False,True,False,-0.7111388741222218,0.02715435527092209,2,0.08333333333333333,random-repair
ood,penobscot_000_xl_0364,penobscot,random-4,False,False,False,0.07588892727320906,-0.002897767183448485,4,0.16666666666666666,random-repair
ood,penobscot_000_xl_0364,penobscot,random-8,False,True,False,-4.679327092057803,0.17867692923330505,8,0.3333333333333333,random-repair
ood,penobscot_000_xl_0364,penobscot,random-12,False,True,False,-8.645939407295444,0.3301393284207043,12,0.5,random-repair
ood,penobscot_000_xl_0364,penobscot,random-15,False,True,False,-9.886991036571233,0.3775280426047073,15,0.625,random-repair
ood,penobscot_000_xl_0364,penobscot,random-16,False,True,False,-10.845693324358455,0.41413543880949666,16,0.6666666666666666,random-repair
ood,penobscot_000_xl_0364,penobscot,random-20,False,True,False,-25.626889432893922,0.9785453804763338,20,0.8333333333333334,random-repair
ood,penobscot_000_xl_0364,penobscot,exact,True,True,False,-26.188759299460727,1.0,24,1.0,exact
ood,penobscot_000_xl_0426,penobscot,neural-only,False,False,False,0.5482889021877613,-0.020130283553829093,0,0.0,unverified
ood,penobscot_000_xl_0426,penobscot,global-fallback,True,True,False,-27.23701833218682,1.0,24,1.0,exact-fallback
ood,penobscot_000_xl_0426,penobscot,wavecert-selective,True,True,False,-26.886190695876792,0.9871194551462543,21,0.875,selective-repair
ood,penobscot_000_xl_0426,penobscot,random-1,False,False,False,0.4630264491124433,-0.01699989490278643,1,0.041666666666666664,random-repair
ood,penobscot_000_xl_0426,penobscot,random-2,False,True,False,-0.854141292168802,0.031359574008856785,2,0.08333333333333333,random-repair
ood,penobscot_000_xl_0426,penobscot,random-4,False,True,False,-0.5079131548685779,0.01864789855754369,4,0.16666666666666666,random-repair
ood,penobscot_000_xl_0426,penobscot,random-8,False,True,False,-4.752090244887236,0.17447174969484622,8,0.3333333333333333,random-repair
ood,penobscot_000_xl_0426,penobscot,random-12,False,True,False,-8.120163817437776,0.2981296894690536,12,0.5,random-repair
ood,penobscot_000_xl_0426,penobscot,random-15,False,True,False,-13.452197198014897,0.49389389961668534,15,0.625,random-repair
ood,penobscot_000_xl_0426,penobscot,random-16,False,True,False,-13.62912396639865,0.5003897196152599,16,0.6666666666666666,random-repair
ood,penobscot_000_xl_0426,penobscot,random-20,False,True,False,-20.881155813014527,0.7666461709701398,20,0.8333333333333334,random-repair
ood,penobscot_000_xl_0426,penobscot,exact,True,True,False,-27.23701833218682,1.0,24,1.0,exact
ood,penobscot_000_xl_0432,penobscot,neural-only,False,False,False,0.5760392684863976,-0.021872498848671307,0,0.0,unverified
ood,penobscot_000_xl_0432,penobscot,global-fallback,True,True,False,-26.33623494379068,1.0000000000000002,24,1.0,exact-fallback
ood,penobscot_000_xl_0432,penobscot,wavecert-selective,True,True,False,-25.973081904831652,0.986210897657387,21,0.875,selective-repair
ood,penobscot_000_xl_0432,penobscot,random-1,False,False,False,0.4598949060564851,-0.017462439374422246,1,0.041666666666666664,random-repair
ood,penobscot_000_xl_0432,penobscot,random-2,False,False,False,0.4601229576273604,-0.0174710986065168,2,0.08333333333333333,random-repair
ood,penobscot_000_xl_0432,penobscot,random-4,False,False,False,0.25293740052363767,-0.009604159480786875,4,0.16666666666666666,random-repair
ood,penobscot_000_xl_0432,penobscot,random-8,False,True,False,-3.314085462758677,0.12583748093954647,8,0.3333333333333333,random-repair
ood,penobscot_000_xl_0432,penobscot,random-12,False,True,False,-6.980797442523738,0.2650643669234736,12,0.5,random-repair
ood,penobscot_000_xl_0432,penobscot,random-15,False,True,False,-12.156309289213809,0.46158113774269455,15,0.625,random-repair
ood,penobscot_000_xl_0432,penobscot,random-16,False,True,False,-13.737326014376292,0.5216131327691984,16,0.6666666666666666,random-repair
ood,penobscot_000_xl_0432,penobscot,random-20,False,True,False,-20.143257188341877,0.7648495402373785,20,0.8333333333333334,random-repair
ood,penobscot_000_xl_0432,penobscot,exact,True,True,False,-26.33623494379068,1.0000000000000002,24,1.0,exact
ood,penobscot_000_xl_0442,penobscot,neural-only,False,False,False,0.6851412387697455,-0.026366729243067016,0,0.0,unverified
ood,penobscot_000_xl_0442,penobscot,global-fallback,True,True,False,-25.98506748613498,1.0,24,1.0,exact-fallback
ood,penobscot_000_xl_0442,penobscot,wavecert-selective,True,True,False,-25.619245067237646,0.9859218214810286,21,0.875,selective-repair
ood,penobscot_000_xl_0442,penobscot,random-1,False,False,False,0.9536304927360666,-0.03669917321726801,1,0.041666666666666664,random-repair
ood,penobscot_000_xl_0442,penobscot,random-2,False,True,False,-0.6325740139775508,0.02434375105298753,2,0.08333333333333333,random-repair
ood,penobscot_000_xl_0442,penobscot,random-4,False,True,False,-0.9353689443834193,0.03599640235233216,4,0.16666666666666666,random-repair
ood,penobscot_000_xl_0442,penobscot,random-8,False,True,False,-6.574484713889062,0.2530101073394192,8,0.3333333333333333,random-repair
ood,penobscot_000_xl_0442,penobscot,random-12,False,True,False,-11.190731699172174,0.4306600975788609,12,0.5,random-repair
ood,penobscot_000_xl_0442,penobscot,random-15,False,True,False,-14.016770868133051,0.5394163734849668,15,0.625,random-repair
ood,penobscot_000_xl_0442,penobscot,random-16,False,True,False,-14.611335986572772,0.5622974038596991,16,0.6666666666666666,random-repair
ood,penobscot_000_xl_0442,penobscot,random-20,False,True,False,-22.9406428602182,0.8828394566401951,20,0.8333333333333334,random-repair
ood,penobscot_000_xl_0442,penobscot,exact,True,True,False,-25.98506748613498,1.0,24,1.0,exact
ood,penobscot_000_xl_0448,penobscot,neural-only,False,False,False,0.580510947892567,-0.02160360417998766,0,0.0,unverified
ood,penobscot_000_xl_0448,penobscot,global-fallback,True,True,False,-26.871023142995714,1.0,24,1.0,exact-fallback
ood,penobscot_000_xl_0448,penobscot,wavecert-selective,True,True,False,-26.52267388570331,0.9870362488455077,21,0.875,selective-repair
ood,penobscot_000_xl_0448,penobscot,random-1,False,False,False,0.23807387548546896,-0.008859873858116455,1,0.041666666666666664,random-repair
ood,penobscot_000_xl_0448,penobscot,random-2,False,False,False,0.49688795918224415,-0.018491590608144134,2,0.08333333333333333,random-repair
ood,penobscot_000_xl_0448,penobscot,random-4,False,True,False,-0.46324715301183106,0.017239654424270875,4,0.16666666666666666,random-repair
ood,penobscot_000_xl_0448,penobscot,random-8,False,True,False,-4.133666020885925,0.1538335923752654,8,0.3333333333333333,random-repair
ood,penobscot_000_xl_0448,penobscot,random-12,False,True,False,-8.833215524131955,0.32872643059125384,12,0.5,random-repair
ood,penobscot_000_xl_0448,penobscot,random-15,False,True,False,-9.140082487512116,0.3401464260915052,15,0.625,random-repair
ood,penobscot_000_xl_0448,penobscot,random-16,False,True,False,-14.637774883894387,0.5447419998114184,16,0.6666666666666666,random-repair
ood,penobscot_000_xl_0448,penobscot,random-20,False,True,False,-22.521759061286218,0.8381429669214816,20,0.8333333333333334,random-repair
ood,penobscot_000_xl_0448,penobscot,exact,True,True,False,-26.871023142995714,1.0,24,1.0,exact
ood,penobscot_000_xl_0488,penobscot,neural-only,False,False,False,0.5573633050313921,-0.02259592743921983,0,0.0,unverified
ood,penobscot_000_xl_0488,penobscot,global-fallback,True,True,False,-24.66653809765625,1.0,24,1.0,exact-fallback
ood,penobscot_000_xl_0488,penobscot,wavecert-selective,True,True,False,-24.276591912659462,0.984191288479439,21,0.875,selective-repair
ood,penobscot_000_xl_0488,penobscot,random-1,False,False,False,0.34033624429005616,-0.013797487225108158,1,0.041666666666666664,random-repair
ood,penobscot_000_xl_0488,penobscot,random-2,False,True,False,-0.3078043922861189,0.01247862148581627,2,0.08333333333333333,random-repair
ood,penobscot_000_xl_0488,penobscot,random-4,False,True,False,-0.6489927428311901,0.026310653739158266,4,0.16666666666666666,random-repair
ood,penobscot_000_xl_0488,penobscot,random-8,False,True,False,-3.5165596206540966,0.14256397094443632,8,0.3333333333333333,random-repair
ood,penobscot_000_xl_0488,penobscot,random-12,False,True,False,-4.844191879301453,0.19638718088947127,12,0.5,random-repair
ood,penobscot_000_xl_0488,penobscot,random-15,False,True,False,-5.10691178890981,0.20703804355079136,15,0.625,random-repair
ood,penobscot_000_xl_0488,penobscot,random-16,False,True,False,-16.75414679907703,0.6792257078292218,16,0.6666666666666666,random-repair
ood,penobscot_000_xl_0488,penobscot,random-20,False,True,False,-24.11392398535043,0.9775966084045523,20,0.8333333333333334,random-repair
ood,penobscot_000_xl_0488,penobscot,exact,True,True,False,-24.66653809765625,1.0,24,1.0,exact
ood,penobscot_000_xl_0510,penobscot,neural-only,False,False,False,0.5307855213134889,-0.02190991190324992,0,0.0,unverified
ood,penobscot_000_xl_0510,penobscot,global-fallback,True,True,False,-24.225817230910764,1.0000000000000002,24,1.0,exact-fallback
ood,penobscot_000_xl_0510,penobscot,wavecert-selective,True,True,False,-24.00648480514476,0.9909463353217179,22,0.9166666666666666,selective-repair
ood,penobscot_000_xl_0510,penobscot,random-1,False,False,False,0.26028287979302417,-0.010744028872673818,1,0.041666666666666664,random-repair
ood,penobscot_000_xl_0510,penobscot,random-2,False,False,False,0.25099174664007184,-0.010360506902521348,2,0.08333333333333333,random-repair
ood,penobscot_000_xl_0510,penobscot,random-4,False,True,False,-1.755231071905537,0.07245291480470518,4,0.16666666666666666,random-repair
ood,penobscot_000_xl_0510,penobscot,random-8,False,True,False,-3.5474083813206274,0.1464309066442694,8,0.3333333333333333,random-repair
ood,penobscot_000_xl_0510,penobscot,random-12,False,True,False,-7.74872606384173,0.319854062712683,12,0.5,random-repair
ood,penobscot_000_xl_0510,penobscot,random-15,False,True,False,-7.625821828410457,0.3147807876086979,15,0.625,random-repair
ood,penobscot_000_xl_0510,penobscot,random-16,False,True,False,-14.995953411275096,0.6190071223744357,16,0.6666666666666666,random-repair
ood,penobscot_000_xl_0510,penobscot,random-20,False,True,False,-18.655165530593784,0.7700530947121506,20,0.8333333333333334,random-repair
ood,penobscot_000_xl_0510,penobscot,exact,True,True,False,-24.225817230910764,1.0000000000000002,24,1.0,exact
ood,penobscot_000_xl_0519,penobscot,neural-only,False,False,False,0.6119059356301498,-0.026899729330376328,0,0.0,unverified
ood,penobscot_000_xl_0519,penobscot,global-fallback,True,True,False,-22.747661439818216,1.0000000000000002,24,1.0,exact-fallback
ood,penobscot_000_xl_0519,penobscot,wavecert-selective,True,True,False,-22.51305157622831,0.9896864183507129,22,0.9166666666666666,selective-repair
ood,penobscot_000_xl_0519,penobscot,random-1,False,False,False,0.28510801087728727,-0.012533508625999898,1,0.041666666666666664,random-repair
ood,penobscot_000_xl_0519,penobscot,random-2,False,True,False,-0.3038542978910011,0.01335760595412787,2,0.08333333333333333,random-repair
ood,penobscot_000_xl_0519,penobscot,random-4,False,True,False,-0.8233564629582217,0.03619521352278406,4,0.16666666666666666,random-repair
ood,penobscot_000_xl_0519,penobscot,random-8,False,True,False,-4.938419532166002,0.21709570213321525,8,0.3333333333333333,random-repair
ood,penobscot_000_xl_0519,penobscot,random-12,False,True,False,-4.054554802127957,0.17824051113362968,12,0.5,random-repair
ood,penobscot_000_xl_0519,penobscot,random-15,False,True,False,-7.869582598169943,0.3459512802663214,15,0.625,random-repair
ood,penobscot_000_xl_0519,penobscot,random-16,False,True,False,-11.934302808801167,0.524638668479169,16,0.6666666666666666,random-repair
ood,penobscot_000_xl_0519,penobscot,random-20,False,True,False,-18.238573934358683,0.8017779754024875,20,0.8333333333333334,random-repair
ood,penobscot_000_xl_0519,penobscot,exact,True,True,False,-22.747661439818216,1.0000000000000002,24,1.0,exact
ood,penobscot_000_xl_0553,penobscot,neural-only,False,False,False,0.4598041388344969,-0.02415739889094125,0,0.0,unverified
ood,penobscot_000_xl_0553,penobscot,global-fallback,True,True,False,-19.03367746297048,1.0,24,1.0,exact-fallback
ood,penobscot_000_xl_0553,penobscot,wavecert-selective,True,True,False,-18.740653068155765,0.9846049511249318,22,0.9166666666666666,selective-repair
ood,penobscot_000_xl_0553,penobscot,random-1,False,False,False,0.3393837517748266,-0.01783069784780628,1,0.041666666666666664,random-repair
ood,penobscot_000_xl_0553,penobscot,random-2,False,True,False,-0.5245521893891323,0.027559161407964113,2,0.08333333333333333,random-repair
ood,penobscot_000_xl_0553,penobscot,random-4,False,True,False,-1.5418878760667116,0.08100840623502283,4,0.16666666666666666,random-repair
ood,penobscot_000_xl_0553,penobscot,random-8,False,True,False,-2.4339947222291833,0.12787832130519483,8,0.3333333333333333,random-repair
ood,penobscot_000_xl_0553,penobscot,random-12,False,True,False,-9.496754982181319,0.49894483084821656,12,0.5,random-repair
ood,penobscot_000_xl_0553,penobscot,random-15,False,True,False,-7.490474287286884,0.39353794356657584,15,0.625,random-repair
ood,penobscot_000_xl_0553,penobscot,random-16,False,True,False,-7.90610595877142,0.41537458928536225,16,0.6666666666666666,random-repair
ood,penobscot_000_xl_0553,penobscot,random-20,False,True,False,-9.119052150407683,0.47910090775408803,20,0.8333333333333334,random-repair
ood,penobscot_000_xl_0553,penobscot,exact,True,True,False,-19.03367746297048,1.0,24,1.0,exact
ood,penobscot_000_xl_0603,penobscot,neural-only,False,False,False,0.5182104176803999,-0.03135181837752317,0,0.0,unverified
ood,penobscot_000_xl_0603,penobscot,global-fallback,True,True,False,-16.528879168677395,1.0,24,1.0,exact-fallback
ood,penobscot_000_xl_0603,penobscot,wavecert-selective,True,True,False,-16.19153643573804,0.9795907073010354,22,0.9166666666666666,selective-repair
ood,penobscot_000_xl_0603,penobscot,random-1,False,False,False,0.7091154155564018,-0.042901603207324064,1,0.041666666666666664,random-repair
ood,penobscot_000_xl_0603,penobscot,random-2,False,False,False,0.43487611071691684,-0.026310078637456345,2,0.08333333333333333,random-repair
ood,penobscot_000_xl_0603,penobscot,random-4,False,False,False,0.08414325315894727,-0.005090681122432089,4,0.16666666666666666,random-repair
ood,penobscot_000_xl_0603,penobscot,random-8,False,True,False,-1.188687453026731,0.07191579301271202,8,0.3333333333333333,random-repair
ood,penobscot_000_xl_0603,penobscot,random-12,False,True,False,-2.319718260810115,0.1403433491852269,12,0.5,random-repair
ood,penobscot_000_xl_0603,penobscot,random-15,False,True,False,-3.5270492500457475,0.21338707930841347,15,0.625,random-repair
ood,penobscot_000_xl_0603,penobscot,random-16,False,True,False,-5.775483753270139,0.3494177490398026,16,0.6666666666666666,random-repair
ood,penobscot_000_xl_0603,penobscot,random-20,False,True,False,-8.521838516429572,0.5155726791553207,20,0.8333333333333334,random-repair
ood,penobscot_000_xl_0603,penobscot,exact,True,True,False,-16.528879168677395,1.0,24,1.0,exact
ood,penobscot_000_xl_0623,penobscot,neural-only,False,False,False,0.4117951929068799,-0.02514081570679862,0,0.0,unverified
ood,penobscot_000_xl_0623,penobscot,global-fallback,True,True,False,-16.379547812186594,1.0000000000000002,24,1.0,exact-fallback
ood,penobscot_000_xl_0623,penobscot,wavecert-selective,True,True,False,-16.047316570363805,0.9797167024613711,22,0.9166666666666666,selective-repair
ood,penobscot_000_xl_0623,penobscot,random-1,False,False,False,0.16188674363471905,-0.009883468426049813,1,0.041666666666666664,random-repair
ood,penobscot_000_xl_0623,penobscot,random-2,False,False,False,0.044574699029374165,-0.002721363223239288,2,0.08333333333333333,random-repair
ood,penobscot_000_xl_0623,penobscot,random-4,False,False,False,0.17405279662761253,-0.0106262272086727,4,0.16666666666666666,random-repair
ood,penobscot_000_xl_0623,penobscot,random-8,False,True,False,-2.612567503147196,0.15950180878640702,8,0.3333333333333333,random-repair
ood,penobscot_000_xl_0623,penobscot,random-12,False,True,False,-1.7157569962592314,0.10474996110592787,12,0.5,random-repair
ood,penobscot_000_xl_0623,penobscot,random-15,False,True,False,-2.9313559219917655,0.17896439850499415,15,0.625,random-repair
ood,penobscot_000_xl_0623,penobscot,random-16,False,True,False,-6.969369190679483,0.42549216074781904,16,0.6666666666666666,random-repair
ood,penobscot_000_xl_0623,penobscot,random-20,False,True,False,-10.579187962567609,0.6458779011406263,20,0.8333333333333334,random-repair
ood,penobscot_000_xl_0623,penobscot,exact,True,True,False,-16.379547812186594,1.0000000000000002,24,1.0,exact
ood,penobscot_000_xl_0648,penobscot,neural-only,False,False,False,0.3634836356041667,-0.02402304487657582,0,0.0,unverified
ood,penobscot_000_xl_0648,penobscot,global-fallback,True,True,False,-15.130623011015118,1.0,24,1.0,exact-fallback
ood,penobscot_000_xl_0648,penobscot,wavecert-selective,True,True,False,-14.769280282346532,0.9761184500859268,22,0.9166666666666666,selective-repair
ood,penobscot_000_xl_0648,penobscot,random-1,False,False,False,0.24612735888962595,-0.01626683572186321,1,0.041666666666666664,random-repair
ood,penobscot_000_xl_0648,penobscot,random-2,False,False,False,0.42821415310936073,-0.028301158042046255,2,0.08333333333333333,random-repair
ood,penobscot_000_xl_0648,penobscot,random-4,False,False,False,0.015696137204445487,-0.00103737547310636,4,0.16666666666666666,random-repair
ood,penobscot_000_xl_0648,penobscot,random-8,False,True,False,-1.1500324688738621,0.07600694750220377,8,0.3333333333333333,random-repair
ood,penobscot_000_xl_0648,penobscot,random-12,False,True,False,-3.0241016973882138,0.19986630393121704,12,0.5,random-repair
ood,penobscot_000_xl_0648,penobscot,random-15,False,True,False,-7.83730782619282,0.5179765446860483,15,0.625,random-repair
ood,penobscot_000_xl_0648,penobscot,random-16,False,True,False,-5.724564701668282,0.37834296033288184,16,0.6666666666666666,random-repair
ood,penobscot_000_xl_0648,penobscot,random-20,False,True,False,-9.147755688629488,0.6045855271108076,20,0.8333333333333334,random-repair
ood,penobscot_000_xl_0648,penobscot,exact,True,True,False,-15.130623011015118,1.0,24,1.0,exact
ood,penobscot_000_xl_0654,penobscot,neural-only,False,False,False,0.37359865063737896,-0.025231295186172443,0,0.0,unverified
ood,penobscot_000_xl_0654,penobscot,global-fallback,True,True,False,-14.806954929611486,1.0,24,1.0,exact-fallback
ood,penobscot_000_xl_0654,penobscot,wavecert-selective,True,True,False,-14.446217618219055,0.9756373060425129,22,0.9166666666666666,selective-repair
ood,penobscot_000_xl_0654,penobscot,random-1,False,False,False,0.09337102691115198,-0.0063058898575037116,1,0.041666666666666664,random-repair
ood,penobscot_000_xl_0654,penobscot,random-2,False,False,False,0.1245830645524781,-0.008413820744691573,2,0.08333333333333333,random-repair
ood,penobscot_000_xl_0654,penobscot,random-4,False,False,False,0.5518767816878867,-0.03727145684655418,4,0.16666666666666666,random-repair
ood,penobscot_000_xl_0654,penobscot,random-8,False,True,False,-1.0384042481498659,0.07012949340942663,8,0.3333333333333333,random-repair
ood,penobscot_000_xl_0654,penobscot,random-12,False,True,False,-2.09158443648391,0.14125689221225923,12,0.5,random-repair
ood,penobscot_000_xl_0654,penobscot,random-15,False,True,False,-4.774526094750185,0.3224515855857652,15,0.625,random-repair
ood,penobscot_000_xl_0654,penobscot,random-16,False,True,False,-8.682723395375945,0.5863949364775818,16,0.6666666666666666,random-repair
ood,penobscot_000_xl_0654,penobscot,random-20,False,True,False,-6.2240461606982995,0.42034612722776826,20,0.8333333333333334,random-repair
ood,penobscot_000_xl_0654,penobscot,exact,True,True,False,-14.806954929611486,1.0,24,1.0,exact
ood,penobscot_000_xl_0690,penobscot,neural-only,False,False,False,0.45444680327050896,-0.03509173447296494,0,0.0,unverified
ood,penobscot_000_xl_0690,penobscot,global-fallback,True,True,False,-12.950251963767132,1.0000000000000002,24,1.0,exact-fallback
ood,penobscot_000_xl_0690,penobscot,wavecert-selective,True,True,False,-12.542457394123158,0.9685106845191185,22,0.9166666666666666,selective-repair
ood,penobscot_000_xl_0690,penobscot,random-1,False,True,False,-0.0371811357361779,0.0028710743111566486,1,0.041666666666666664,random-repair
ood,penobscot_000_xl_0690,penobscot,random-2,False,False,False,0.3024543114224954,-0.023355090871491728,2,0.08333333333333333,random-repair
ood,penobscot_000_xl_0690,penobscot,random-4,False,False,False,0.18611852306470253,-0.014371807095756462,4,0.16666666666666666,random-repair
ood,penobscot_000_xl_0690,penobscot,random-8,False,True,False,-1.0519318174854848,0.081228675737633,8,0.3333333333333333,random-repair
ood,penobscot_000_xl_0690,penobscot,random-12,False,True,False,-1.783594984262764,0.13772666271304962,12,0.5,random-repair
ood,penobscot_000_xl_0690,penobscot,random-15,False,True,False,-8.513760484119619,0.6574204508097486,15,0.625,random-repair
ood,penobscot_000_xl_0690,penobscot,random-16,False,True,False,-3.3300933147671405,0.257145059731984,16,0.6666666666666666,random-repair
ood,penobscot_000_xl_0690,penobscot,random-20,False,True,False,-8.77269778852954,0.6774152204199765,20,0.8333333333333334,random-repair
ood,penobscot_000_xl_0690,penobscot,exact,True,True,False,-12.950251963767132,1.0000000000000002,24,1.0,exact
ood,penobscot_000_xl_0692,penobscot,neural-only,False,False,False,0.4972911853805268,-0.037441893700428,0,0.0,unverified
ood,penobscot_000_xl_0692,penobscot,global-fallback,True,True,False,-13.28167825482722,1.0000000000000002,24,1.0,exact-fallback
ood,penobscot_000_xl_0692,penobscot,wavecert-selective,True,True,False,-12.88401389718603,0.9700591785155874,22,0.9166666666666666,selective-repair
ood,penobscot_000_xl_0692,penobscot,random-1,False,False,False,0.4176266548603711,-0.03144381657555851,1,0.041666666666666664,random-repair
ood,penobscot_000_xl_0692,penobscot,random-2,False,False,False,0.34262162756357,-0.025796561322289545,2,0.08333333333333333,random-repair
ood,penobscot_000_xl_0692,penobscot,random-4,False,True,False,-0.19484414518205517,0.01467014495033704,4,0.16666666666666666,random-repair
ood,penobscot_000_xl_0692,penobscot,random-8,False,True,False,-0.7987243619883114,0.060137306947487264,8,0.3333333333333333,random-repair
ood,penobscot_000_xl_0692,penobscot,random-12,False,True,False,-1.7478399258591912,0.13159782162498476,12,0.5,random-repair
ood,penobscot_000_xl_0692,penobscot,random-15,False,True,False,-2.442999558033746,0.18393756505476547,15,0.625,random-repair
ood,penobscot_000_xl_0692,penobscot,random-16,False,True,False,-6.345759737624006,0.47778297409950005,16,0.6666666666666666,random-repair
ood,penobscot_000_xl_0692,penobscot,random-20,False,True,False,-6.2781736136455875,0.47269430061398976,20,0.8333333333333334,random-repair
ood,penobscot_000_xl_0692,penobscot,exact,True,True,False,-13.28167825482722,1.0000000000000002,24,1.0,exact
ood,penobscot_000_xl_0707,penobscot,neural-only,False,False,False,0.532254522415501,-0.04178969904131805,0,0.0,unverified
ood,penobscot_000_xl_0707,penobscot,global-fallback,True,True,False,-12.736500492364254,1.0,24,1.0,exact-fallback
ood,penobscot_000_xl_0707,penobscot,wavecert-selective,True,True,False,-12.323811109226135,0.9675978983877455,22,0.9166666666666666,selective-repair
ood,penobscot_000_xl_0707,penobscot,random-1,False,False,False,0.049148436501009155,-0.003858865041498241,1,0.041666666666666664,random-repair
ood,penobscot_000_xl_0707,penobscot,random-2,False,True,False,-0.06642015991867246,0.005214945813294051,2,0.08333333333333333,random-repair
ood,penobscot_000_xl_0707,penobscot,random-4,False,False,False,0.5521299575100621,-0.043350208940130246,4,0.16666666666666666,random-repair
ood,penobscot_000_xl_0707,penobscot,random-8,False,True,False,-1.1755397409960153,0.09229691795644897,8,0.3333333333333333,random-repair
ood,penobscot_000_xl_0707,penobscot,random-12,False,True,False,-1.0788176522373936,0.0847028312748987,12,0.5,random-repair
ood,penobscot_000_xl_0707,penobscot,random-15,False,True,False,-1.9265899637854393,0.15126525256607673,15,0.625,random-repair
ood,penobscot_000_xl_0707,penobscot,random-16,False,True,False,-3.968298081686222,0.31156894973350674,16,0.6666666666666666,random-repair
ood,penobscot_000_xl_0707,penobscot,random-20,False,True,False,-11.798884801833868,0.9263835705033338,20,0.8333333333333334,random-repair
ood,penobscot_000_xl_0707,penobscot,exact,True,True,False,-12.736500492364254,1.0,24,1.0,exact
ood,penobscot_000_xl_0738,penobscot,neural-only,False,False,False,0.729865631786318,-0.06584637571656149,0,0.0,unverified
ood,penobscot_000_xl_0738,penobscot,global-fallback,True,True,False,-11.08437061028317,1.0,24,1.0,exact-fallback
ood,penobscot_000_xl_0738,penobscot,wavecert-selective,True,True,False,-10.624529682805612,0.9585144755940448,22,0.9166666666666666,selective-repair
ood,penobscot_000_xl_0738,penobscot,random-1,False,False,False,0.7093983380718739,-0.06399987541139705,1,0.041666666666666664,random-repair
ood,penobscot_000_xl_0738,penobscot,random-2,False,True,False,-0.11928989416497171,0.01076199076691863,2,0.08333333333333333,random-repair
ood,penobscot_000_xl_0738,penobscot,random-4,False,False,False,0.2603970133781459,-0.02349226875692614,4,0.16666666666666666,random-repair
ood,penobscot_000_xl_0738,penobscot,random-8,False,True,False,-0.8259082004967901,0.07451105971958208,8,0.3333333333333333,random-repair
ood,penobscot_000_xl_0738,penobscot,random-12,False,True,False,-2.2664392869399794,0.20447162645728958,12,0.5,random-repair
ood,penobscot_000_xl_0738,penobscot,random-15,False,True,False,-1.2496199151340632,0.11273711057394348,15,0.625,random-repair
ood,penobscot_000_xl_0738,penobscot,random-16,False,True,False,-1.11228907455808,0.10034751756912468,16,0.6666666666666666,random-repair
ood,penobscot_000_xl_0738,penobscot,random-20,False,True,False,-5.7401358063425905,0.5178585242374846,20,0.8333333333333334,random-repair
ood,penobscot_000_xl_0738,penobscot,exact,True,True,False,-11.08437061028317,1.0,24,1.0,exact
ood,penobscot_000_xl_0749,penobscot,neural-only,False,False,False,0.7569489181351718,-0.07172287114818036,0,0.0,unverified
ood,penobscot_000_xl_0749,penobscot,global-fallback,True,True,False,-10.553801123930274,1.0,24,1.0,exact-fallback
ood,penobscot_000_xl_0749,penobscot,wavecert-selective,True,True,False,-10.078532794593501,0.9549670944377445,22,0.9166666666666666,selective-repair
ood,penobscot_000_xl_0749,penobscot,random-1,False,False,False,0.5823486186737924,-0.055179040407852965,1,0.041666666666666664,random-repair
ood,penobscot_000_xl_0749,penobscot,random-2,False,False,False,1.0145092040901904,-0.09612737554717,2,0.08333333333333333,random-repair
ood,penobscot_000_xl_0749,penobscot,random-4,False,False,False,1.0901825812854227,-0.10329762409616397,4,0.16666666666666666,random-repair
ood,penobscot_000_xl_0749,penobscot,random-8,False,False,False,0.2448982342124913,-0.023204742190678175,8,0.3333333333333333,random-repair
ood,penobscot_000_xl_0749,penobscot,random-12,False,True,False,-0.8802704456721422,0.08340790539213101,12,0.5,random-repair
ood,penobscot_000_xl_0749,penobscot,random-15,False,True,False,-0.07035507505043191,0.006666325641754326,15,0.625,random-repair
ood,penobscot_000_xl_0749,penobscot,random-16,False,True,False,-1.0011132914290561,0.09485807811548354,16,0.6666666666666666,random-repair
ood,penobscot_000_xl_0749,penobscot,random-20,False,True,False,-4.573885452208842,0.43338749693110673,20,0.8333333333333334,random-repair
ood,penobscot_000_xl_0749,penobscot,exact,True,True,False,-10.553801123930274,1.0,24,1.0,exact
ood,penobscot_000_xl_0798,penobscot,neural-only,False,False,False,0.9919173533311682,-0.09611650412618508,0,0.0,unverified
ood,penobscot_000_xl_0798,penobscot,global-fallback,True,True,False,-10.319948299710784,1.0,24,1.0,exact-fallback
ood,penobscot_000_xl_0798,penobscot,wavecert-selective,True,True,False,-9.38873810033798,0.9097660015022652,21,0.875,selective-repair
ood,penobscot_000_xl_0798,penobscot,random-1,False,False,False,1.317848044209562,-0.1276990936327166,1,0.041666666666666664,random-repair
ood,penobscot_000_xl_0798,penobscot,random-2,False,False,False,0.7561365826407942,-0.07326941576461052,2,0.08333333333333333,random-repair
ood,penobscot_000_xl_0798,penobscot,random-4,False,False,False,0.03640621965233702,-0.003527752135478939,4,0.16666666666666666,random-repair
ood,penobscot_000_xl_0798,penobscot,random-8,False,False,False,0.11626610519918956,-0.011266151905281133,8,0.3333333333333333,random-repair
ood,penobscot_000_xl_0798,penobscot,random-12,False,True,False,-0.8910070693017136,0.08633832684284706,12,0.5,random-repair
ood,penobscot_000_xl_0798,penobscot,random-15,False,True,False,-0.8726577178834649,0.08456028000720908,15,0.625,random-repair
ood,penobscot_000_xl_0798,penobscot,random-16,False,True,False,-2.50651066044031,0.24288015672622645,16,0.6666666666666666,random-repair
ood,penobscot_000_xl_0798,penobscot,random-20,False,True,False,-3.192637710068151,0.3093656690273946,20,0.8333333333333334,random-repair
ood,penobscot_000_xl_0798,penobscot,exact,True,True,False,-10.319948299710784,1.0,24,1.0,exact
ood,penobscot_000_xl_0833,penobscot,neural-only,False,False,False,0.8747096934661951,-0.09910458049101495,0,0.0,unverified
ood,penobscot_000_xl_0833,penobscot,global-fallback,True,True,False,-8.826127804915116,1.0,24,1.0,exact-fallback
ood,penobscot_000_xl_0833,penobscot,wavecert-selective,True,True,False,-8.236823731690858,0.9332318672185909,22,0.9166666666666666,selective-repair
ood,penobscot_000_xl_0833,penobscot,random-1,False,False,False,0.8430726285672709,-0.09552010204268499,1,0.041666666666666664,random-repair
ood,penobscot_000_xl_0833,penobscot,random-2,False,False,False,0.801207625460856,-0.09077679852026137,2,0.08333333333333333,random-repair
ood,penobscot_000_xl_0833,penobscot,random-4,False,False,False,1.1180428551969133,-0.1266742199874213,4,0.16666666666666666,random-repair
ood,penobscot_000_xl_0833,penobscot,random-8,False,True,False,-0.2288418227272271,0.025927771247521374,8,0.3333333333333333,random-repair
ood,penobscot_000_xl_0833,penobscot,random-12,False,True,False,-0.03158788679896031,0.0035789065711658383,12,0.5,random-repair
ood,penobscot_000_xl_0833,penobscot,random-15,False,True,False,-0.6013695774821014,0.06813515403065083,15,0.625,random-repair
ood,penobscot_000_xl_0833,penobscot,random-16,False,True,False,-0.5626597367342291,0.0637493303032496,16,0.6666666666666666,random-repair
ood,penobscot_000_xl_0833,penobscot,random-20,False,True,False,-2.9073695745918515,0.32940488047009564,20,0.8333333333333334,random-repair
ood,penobscot_000_xl_0833,penobscot,exact,True,True,False,-8.826127804915116,1.0,24,1.0,exact
ood,penobscot_000_xl_0871,penobscot,neural-only,False,False,False,0.9478636516252351,-0.10779794128246437,0,0.0,unverified
ood,penobscot_000_xl_0871,penobscot,global-fallback,True,True,False,-8.79296617679864,1.0,24,1.0,exact-fallback
ood,penobscot_000_xl_0871,penobscot,wavecert-selective,True,True,False,-8.176036049799503,0.929838223576137,22,0.9166666666666666,selective-repair
ood,penobscot_000_xl_0871,penobscot,random-1,False,False,False,0.6607428900463678,-0.07514448216459904,1,0.041666666666666664,random-repair
ood,penobscot_000_xl_0871,penobscot,random-2,False,False,False,0.9075287287374978,-0.10321076079334043,2,0.08333333333333333,random-repair
ood,penobscot_000_xl_0871,penobscot,random-4,False,False,False,1.2119933271967427,-0.1378366870550169,4,0.16666666666666666,random-repair
ood,penobscot_000_xl_0871,penobscot,random-8,False,True,False,-0.5890225999275788,0.06698792967972401,8,0.3333333333333333,random-repair
ood,penobscot_000_xl_0871,penobscot,random-12,False,True,False,-0.04126819859368164,0.004693319383233057,12,0.5,random-repair
ood,penobscot_000_xl_0871,penobscot,random-15,False,True,False,-0.08770640379671256,0.009974609481398552,15,0.625,random-repair
ood,penobscot_000_xl_0871,penobscot,random-16,False,True,False,-1.6743022715972402,0.1904138191745921,16,0.6666666666666666,random-repair
ood,penobscot_000_xl_0871,penobscot,random-20,False,True,False,-2.653979464139811,0.3018298274753602,20,0.8333333333333334,random-repair
ood,penobscot_000_xl_0871,penobscot,exact,True,True,False,-8.79296617679864,1.0,24,1.0,exact
ood,penobscot_000_xl_0880,penobscot,neural-only,False,False,False,0.8952107401610137,-0.11111225844999469,0,0.0,unverified
ood,penobscot_000_xl_0880,penobscot,global-fallback,True,True,False,-8.05681346639081,1.0,24,1.0,exact-fallback
ood,penobscot_000_xl_0880,penobscot,wavecert-selective,True,True,False,-7.391078532678357,0.9173699457621074,22,0.9166666666666666,selective-repair
ood,penobscot_000_xl_0880,penobscot,random-1,False,False,False,0.8349461215514474,-0.10363230140978746,1,0.041666666666666664,random-repair
ood,penobscot_000_xl_0880,penobscot,random-2,False,False,False,0.4339172777708811,-0.05385718306387224,2,0.08333333333333333,random-repair
ood,penobscot_000_xl_0880,penobscot,random-4,False,False,False,0.37637824630576017,-0.04671552194621742,4,0.16666666666666666,random-repair
ood,penobscot_000_xl_0880,penobscot,random-8,False,False,False,0.7815856281825194,-0.09700927437912299,8,0.3333333333333333,random-repair
ood,penobscot_000_xl_0880,penobscot,random-12,False,True,False,-0.5183603447401719,0.0643381340405266,12,0.5,random-repair
ood,penobscot_000_xl_0880,penobscot,random-15,False,True,False,-0.8122678753640593,0.10081751039073375,15,0.625,random-repair
ood,penobscot_000_xl_0880,penobscot,random-16,False,True,False,-1.3226609548490913,0.16416675902533953,16,0.6666666666666666,random-repair
ood,penobscot_000_xl_0880,penobscot,random-20,False,True,False,-3.6247690543116957,0.4499010768255349,20,0.8333333333333334,random-repair
ood,penobscot_000_xl_0880,penobscot,exact,True,True,False,-8.05681346639081,1.0,24,1.0,exact
